---,Name,StarSystemName,PosX,PosY,SystemType,SpectralType,Luminosity,SubType,SystemStatus,ChargingStation,Orbitals,Habitable,Description,Cluster,ClusterOverlay,ClusterConstellation
0,0,INVALID,0.000000,0.000000,Normal,None,,0,Normal,None,Unspecified,Unspecified,,"(Id="""")",None,None
1,1,Terra,0.000000,0.000000,Normal,G,V,2,Normal,None,C_8,H_0,"NSLOCTEXT(""MW5_InnerSphereData [76B0142046CCF486109462A7FBE9BFCE]"", ""1_Description"", ""The birthplace of humanity, Terra (or Earth), remains a leader in industry and technology over the rest of the Inner Sphere. Terra was the seat of power for the Terran Alliance and then later the Terran Hegemony and by extension the Star League. \t\t Terra is a neutral power controlled by ComStar from 2788.  The Sol system contains multiple colonized planets, foremost are Mars and Venus. Mars is heavily colonized and is the site of multiple advanced industrial centers. The Sol system is also home to many spaceborn colonies, from the Titan Ship Yards, which produce and service Jumpships and Warships to the multiple settlements in the far-flung astroid belt, these people call themselves Belters and are often only loosely associated with each other.  --- Plagued by overcrowding and pollution in the years before mankind went to the stars, the land, air, and seas were clean once again by the twenty-sixth century, while the greatest of the planet‘s many cities were restored and improved."")","(Id=""MWFactionAsset:RepairSystem_26"")",None,None
2,2,Tau Ceti,-13.000000,2.000000,Normal,G,V,8,Normal,None,Unspecified,H_2Plus,,"(Id=""MWFactionAsset:RepairSystem_26"")",/Game/Campaign/CampaignArcs/BorderChanges/_common/FactionBorderMeshes/SafezoneTempFolder/SafezoneSection2/SafezoneCollision/Safezone7_Collision.Safezone7_Collision,/Game/Campaign/CampaignArcs/BorderChanges/_common/FactionBorderMeshes/SafezoneTempFolder/SafezoneSection2/Safezone7.Safezone7
3,3,Rigil Kentarus,-3.000000,4.000000,Normal,G,V,8,Normal,None,Unspecified,H_1Plus,,"(Id=""MWFactionAsset:RepairSystem_26"")",None,None
4,4,Pike,20.000000,40.000000,Normal,K,IV,9,Normal,None,Unspecified,H_1Plus,,"(Id="""")",None,None
5,5,Rochelle,-115.000000,-16.000000,Normal,K,V,7,Normal,None,Unspecified,H_1Plus,,"(Id=""MWFactionAsset:StoryCluster1"")",None,None
6,6,Freedom,-65.000000,109.000000,Normal,M,V,5,Normal,Zenith,Unspecified,H_1Plus,,"(Id="""")",None,None
7,7,Ryde,-46.000000,92.000000,Normal,F,V,5,Normal,None,Unspecified,H_1Plus,,"(Id="""")",None,None
8,8,Sevren,-45.000000,316.000000,Normal,K,III,0,Normal,Zenith,Unspecified,H_1Plus,,"(Id="""")",None,None
9,9,Thorin,-24.000000,8.000000,Normal,G,V,7,Normal,None,Unspecified,H_1Plus,,"(Id=""MWFactionAsset:RepairSystem_27"")",None,None
10,10,Nirasaki,35.000000,20.000000,Normal,F,IV,3,Normal,None,Unspecified,H_1Plus,,"(Id="""")",None,None
11,11,Tall Trees,1.000000,-67.000000,Normal,M,IV,2,Normal,None,Unspecified,H_1Plus,,"(Id="""")",None,None
12,12,Zurich,19.000000,-63.000000,Normal,K,V,4,Normal,None,Unspecified,H_1Plus,,"(Id="""")",None,None
13,13,Denebola,-38.000000,-2.000000,Normal,K,V,0,Normal,None,Unspecified,H_1Plus,,"(Id="""")",None,None
14,14,Oliver,-32.000000,-7.000000,Normal,M,V,5,Normal,None,Unspecified,H_1Plus,,"(Id="""")",None,None
15,15,Procyon,-5.000000,-13.000000,Normal,F,V,5,Normal,None,Unspecified,H_1Plus,,"(Id=""MWFactionAsset:RepairSystem_26"")",None,None
16,16,Muphrid,-28.000000,15.000000,Normal,G,V,8,Normal,None,Unspecified,H_1Plus,,"(Id=""MWFactionAsset:AgriculturalBelt"")",None,None
17,17,Northwind,34.000000,-3.000000,Normal,G,IV,2,Normal,None,Unspecified,H_1Plus,,"(Id=""MWFactionAsset:RepairSystem_26"")",None,None
18,18,Shiloh,-89.000000,-5.000000,Normal,A,V,8,Normal,None,Unspecified,H_1Plus,,"(Id="""")",None,None
19,19,Castor,-41.000000,-17.000000,Normal,None,,0,Normal,None,Unspecified,Unspecified,,"(Id="""")",None,None
20,20,Saffel,26.000000,12.000000,Normal,K,VI,3,Normal,None,Unspecified,H_1Plus,,"(Id="""")",None,None
21,21,Marik,-80.000000,-76.000000,Normal,K,V,0,Normal,None,Unspecified,H_1Plus,,"(Id="""")",None,None
22,22,Quentin,46.000000,12.000000,Normal,K,IV,9,Normal,None,Unspecified,H_1Plus,,"(Id="""")",None,None
23,23,Tigress,75.000000,-30.000000,Normal,None,V,7,Normal,None,Unspecified,H_1Plus,,"(Id=""MWFactionAsset:DavionBorderlands"")",None,None
24,24,Dieudonne,-76.000000,-26.000000,Normal,F,V,3,Normal,None,Unspecified,H_1Plus,,"(Id=""MWFactionAsset:RepairSystem_27"")",None,None
25,25,Nusakan,-35.000000,44.000000,Normal,K,V,0,Normal,None,Unspecified,H_1Plus,,"(Id=""MWFactionAsset:AgriculturalBelt"")",None,None
26,26,Lipton,-35.000000,6.000000,Normal,G,V,5,Normal,None,Unspecified,H_1Plus,,"(Id="""")",None,None
27,27,Hall,-14.000000,-45.000000,Normal,None,,0,Normal,None,Unspecified,Unspecified,,"(Id="""")",None,None
28,28,New Home,6.000000,-13.000000,Normal,G,IV,4,Normal,None,Unspecified,H_1Plus,,"(Id=""MWFactionAsset:RepairSystem_26"")",None,None
29,29,Summer,-45.000000,26.000000,Normal,M,V,4,Normal,Zenith,Unspecified,H_1Plus,,"(Id=""MWFactionAsset:AgriculturalBelt"")",None,None
30,30,Epsilon Eridani,19.000000,-21.000000,Normal,K,IV,2,Normal,None,Unspecified,H_1Plus,,"(Id="""")",None,None
31,31,Nashira,48.000000,34.000000,Normal,K,IV,5,Normal,None,Unspecified,H_1Plus,,"(Id="""")",None,None
32,32,Ingress,50.000000,-19.000000,Normal,G,V,6,Normal,None,Unspecified,H_1Plus,,"(Id="""")",None,None
33,33,Ko,-18.000000,44.000000,Normal,G,IV,6,Normal,None,Unspecified,H_1Plus,,"(Id="""")",None,None
34,34,Cor Caroli,-63.000000,16.000000,Normal,A,"VI,V",0,Normal,None,Unspecified,H_1Plus,,"(Id="""")",None,None
35,35,Caph,13.000000,-1.000000,Normal,G,V,5,Normal,None,Unspecified,H_1Plus,,"(Id=""MWFactionAsset:RepairSystem_26"")",None,None
36,36,Chesterton,117.000000,-72.000000,Normal,G,V,9,Normal,None,Unspecified,H_1Plus,,"(Id="""")",None,None
37,37,Kervil,34.000000,46.000000,Normal,K,V,3,Normal,None,Unspecified,H_1Plus,,"(Id="""")",None,None
38,38,Cartago,141.000000,-10.000000,Normal,F,V,3,Normal,None,Unspecified,H_1Plus,,"(Id="""")",None,None
39,39,Carver,-5.000000,-21.000000,Normal,K,V,0,Normal,None,Unspecified,H_1Plus,,"(Id="""")",None,None
40,40,Asta,4.000000,26.000000,Normal,K,VI,2,Normal,None,Unspecified,H_1Plus,,"(Id=""MWFactionAsset:RepairSystem_26"")",None,None
41,41,Epsilon Indi,29.000000,-16.000000,Normal,F,V,9,Normal,None,Unspecified,H_1Plus,,"(Id="""")",None,None
42,42,Ozawa,85.000000,3.000000,Normal,K,II,5,Normal,None,Unspecified,H_1Plus,,"(Id=""MWFactionAsset:DavionBorderlands"")",None,None
43,43,Milton,-64.000000,4.000000,Normal,G,V,3,Normal,Zenith,Unspecified,H_1Plus,,"(Id="""")",None,None
44,44,Styx,26.000000,26.000000,Normal,F,IV,8,Normal,None,Unspecified,H_1Plus,,"(Id="""")",None,None
45,45,Outreach,-3.000000,-35.000000,Normal,K,V,9,Normal,None,Unspecified,H_1Plus,,"(Id="""")",None,None
46,46,Edwards,133.000000,-33.000000,Normal,None,,0,Normal,None,Unspecified,Unspecified,,"(Id="""")",None,None
47,47,Doneval,200.000000,9.000000,Normal,None,,0,Normal,None,Unspecified,Unspecified,,"(Id=""MWFactionAsset:IndustrialMiningCompany"")",None,None
48,48,Callison,-63.000000,-15.000000,Normal,G,V,5,Normal,None,Unspecified,H_1Plus,,"(Id="""")",None,None
49,49,Keid,3.000000,-8.500000,Normal,G,IV,6,Normal,None,Unspecified,H_1Plus,,"(Id=""MWFactionAsset:RepairSystem_26"")",None,None
50,50,Imbros,-2.000000,34.000000,Normal,M,V,5,Normal,None,Unspecified,H_1Plus,,"(Id="""")",None,None
51,51,Mallory's World,112.000000,6.000000,Normal,G,I,2,Normal,None,Unspecified,H_1Plus,,"(Id=""MWFactionAsset:DavionBorderlands"")",None,None
52,52,Syrma,-58.000000,39.000000,Normal,F,V,6,Normal,None,Unspecified,H_1Plus,,"(Id=""MWFactionAsset:AgriculturalBelt"")",None,None
53,53,Mizar,-55.000000,21.000000,DoubleBinary,A,V,2,Normal,Zenith,Unspecified,H_1Plus,,"(Id="""")",None,None
54,54,Altair,9.000000,14.000000,Normal,F,III,7,Normal,None,Unspecified,H_1Plus,,"(Id=""MWFactionAsset:RepairSystem_26"")",None,None
55,55,Lambrecht,14.000000,58.000000,Normal,G,IV,6,Normal,None,Unspecified,H_1Plus,,"(Id="""")",None,None
56,56,Ascella,21.000000,75.000000,Normal,A,VI,4,Normal,None,Unspecified,H_1Plus,,"(Id="""")",None,None
57,57,Basalt,67.000000,-29.000000,Normal,G,IV,4,Normal,None,Unspecified,H_1Plus,,"(Id=""MWFactionAsset:DavionBorderlands"")",None,None
58,58,Zion,15.000000,-84.000000,Normal,F,III,7,Normal,Zenith,Unspecified,H_1Plus,,"(Id=""MWFactionAsset:RepairSystem_27"")",None,None
59,59,Telos,44.000000,41.000000,Normal,K,IV,7,Normal,None,Unspecified,H_1Plus,,"(Id="""")",None,None
60,60,Eltanin,-2.000000,100.000000,Normal,K,IV,5,Normal,None,Unspecified,H_1Plus,,"(Id=""MWFactionAsset:RogueSystems"")",None,None
61,61,Rukbat,42.000000,110.000000,Normal,K,IV,9,Normal,None,Unspecified,H_1Plus,,"(Id=""MWFactionAsset:RogueSystems"")",/Game/Campaign/CampaignArcs/Regions/12_3/12_3.12_3,None
62,62,McHenry,181.000000,-85.000000,Normal,None,,0,Normal,None,Unspecified,Unspecified,,"(Id=""MWFactionAsset:RepairSystem_7"")",None,None
63,63,Dyev,6.000000,41.000000,Normal,K,III,8,Normal,None,Unspecified,H_1Plus,,"(Id="""")",None,None
64,64,Demeter,92.000000,-70.000000,Normal,M,V,2,Normal,Zenith,Unspecified,H_1Plus,,"(Id=""MWFactionAsset:RepairSystem_5"")",/Game/Campaign/CampaignArcs/BorderChanges/_common/FactionBorderMeshes/SafezoneTempFolder/SafezoneCollision/Safezone_7_5_Blob.Safezone_7_5_Blob,/Game/Campaign/CampaignArcs/BorderChanges/_common/FactionBorderMeshes/SafezoneTempFolder/Safezone_7_5.Safezone_7_5
65,65,Eaton,-82.000000,114.000000,Normal,None,,0,Normal,None,Unspecified,Unspecified,,"(Id=""MWFactionAsset:LyranStrongholds"")",None,None
66,66,Blue Diamond,-42.000000,183.000000,Normal,None,,0,Normal,None,Unspecified,Unspecified,,"(Id=""MWFactionAsset:RepairSystem_28"")",None,None
67,67,Laiaka,-101.000000,55.000000,Normal,M,V,9,Normal,None,Unspecified,H_1Plus,,"(Id="""")",None,None
68,68,Capolla,8.000000,-42.000000,Normal,F,VI,6,Normal,None,Unspecified,H_1Plus,,"(Id=""MWFactionAsset:StoryCluster1"")",None,None
69,69,Terra Firma,23.000000,-34.000000,Normal,G,V,8,Normal,None,Unspecified,H_1Plus,,"(Id=""MWFactionAsset:StoryCluster1"")",None,None
70,70,Skat,94.000000,27.000000,Normal,F,V,7,Normal,None,Unspecified,H_1Plus,,"(Id=""MWFactionAsset:RepairSystem_8"")",None,None
72,72,Fomalhaut,21.000000,5.000000,Normal,A,V,3,Normal,None,Unspecified,H_1Plus,,"(Id=""MWFactionAsset:RepairSystem_26"")",None,None
73,73,Sheratan,40.000000,-21.000000,Normal,K,V,5,Normal,None,Unspecified,H_1Plus,,"(Id="""")",None,None
74,74,Piedmont,80.000000,78.000000,Normal,G,IV,6,Normal,None,Unspecified,H_1Plus,,"(Id="""")",None,None
75,75,Bryant,14.000000,-14.000000,Normal,F,IV,5,Normal,Zenith,Unspecified,H_1Plus,,"(Id=""MWFactionAsset:RepairSystem_26"")",None,None
76,76,Helen,58.000000,10.000000,Normal,M,V,0,Normal,None,Unspecified,H_1Plus,,"(Id="""")",None,None
77,77,Muskegon,166.000000,-100.000000,Normal,None,,0,Normal,None,Unspecified,Unspecified,,"(Id=""MWFactionAsset:RepairSystem_7"")",/Game/Campaign/CampaignArcs/BorderChanges/_common/FactionBorderMeshes/SafezoneTempFolder/SafezoneCollision/Safezone_7_Blob.Safezone_7_Blob,/Game/Campaign/CampaignArcs/BorderChanges/_common/FactionBorderMeshes/SafezoneTempFolder/Safezone_7.Safezone_7
78,78,Zavijava,-32.000000,0.000000,Normal,M,V,3,Normal,None,Unspecified,H_1Plus,,"(Id="""")",None,None
79,79,Arboris,44.000000,-52.000000,Normal,K,IV,1,Normal,None,Unspecified,H_1Plus,,"(Id="""")",None,None
80,80,Yorii,-8.000000,21.000000,Normal,F,V,6,Normal,None,Unspecified,H_1Plus,,"(Id=""MWFactionAsset:RepairSystem_26"")",None,None
81,81,Hsien,6.000000,-55.000000,Normal,G,V,0,Normal,None,Unspecified,H_1Plus,,"(Id=""MWFactionAsset:StoryCluster1"")",/Game/Campaign/CampaignArcs/Regions/StoryCluster_01/StoryCluster_1_STM.StoryCluster_1_STM,None
82,82,Kawich,54.000000,-30.000000,Normal,M,V,0,Normal,None,Unspecified,H_1Plus,,"(Id="""")",None,None
83,83,Autumn Wind,-169.000000,-88.000000,Normal,None,,0,Normal,None,Unspecified,Unspecified,,"(Id="""")",None,None
84,84,Connaught,-55.000000,-41.000000,Normal,M,V,2,Normal,None,Unspecified,H_1Plus,,"(Id="""")",None,None
85,85,Graham,-24.000000,-10.000000,Normal,G,V,2,Normal,None,Unspecified,H_1Plus,,"(Id="""")",None,None
86,86,Moore,6.000000,65.000000,Normal,K,V,5,Normal,None,Unspecified,H_1Plus,,"(Id="""")",None,None
87,87,Aldebaran,26.000000,-65.000000,Normal,K,III,5,Normal,None,Unspecified,H_1Plus,,"(Id="""")",None,None
88,88,Kessel,-13.000000,84.000000,Normal,G,V,0,Normal,None,Unspecified,H_1Plus,,"(Id=""MWFactionAsset:RogueSystems"")",None,None
89,89,Small World,52.000000,-7.000000,Normal,M,V,5,Normal,None,Unspecified,H_1Plus,,"(Id="""")",None,None
90,90,Foot Fall,95.000000,-111.000000,Normal,M,III,9,Normal,None,Unspecified,H_1Plus,,"(Id=""MWFactionAsset:A2M1_Cluster"")",/Game/Campaign/CampaignArcs/MetagameObjectives/CampaignClusters/A2M1.A2M1,None
91,91,Robinson,235.000000,-7.000000,Normal,G,IV,5,Normal,None,Unspecified,H_1Plus,,"(Id=""MWFactionAsset:IndustrialMiningCompany"")",None,None
92,92,Alphecca,-47.000000,63.000000,Normal,A,V,0,Normal,None,Unspecified,H_1Plus,,"(Id=""MWFactionAsset:AgriculturalBelt"")",None,None
93,93,Lyons,-23.000000,39.000000,Normal,F,V,8,Normal,None,Unspecified,H_1Plus,,"(Id="""")",None,None
94,94,Wasat,-20.000000,-55.000000,Normal,None,,0,Normal,None,Unspecified,Unspecified,,"(Id="""")",None,None
95,95,Atria,-16.000000,52.000000,Normal,K,IV,5,Normal,None,Unspecified,H_1Plus,,"(Id="""")",None,None
96,96,Alkalurops,-38.000000,48.500000,Normal,A,IV,7,Normal,None,Unspecified,H_1Plus,,"(Id=""MWFactionAsset:AgriculturalBelt"")",None,None
97,97,Junction,136.000000,79.000000,Normal,None,,0,Normal,None,Unspecified,Unspecified,,"(Id=""MWFactionAsset:RepairSystem_27"")",None,None
98,98,Alcor,-75.000000,29.000000,Normal,A,V,5,Normal,None,Unspecified,H_1Plus,,"(Id=""MWFactionAsset:RepairSystem_15"")",None,None
99,99,Auldhouse,-51.000000,140.000000,Normal,None,,0,Normal,None,Unspecified,Unspecified,,"(Id=""MWFactionAsset:LyranStrongholds"")",None,None
100,100,Irian,-47.000000,-57.000000,Normal,G,III,5,Normal,None,Unspecified,H_1Plus,,"(Id="""")",None,None
101,101,Menkent,-39.000000,23.000000,Normal,K,IV,0,Normal,None,Unspecified,H_1Plus,,"(Id=""MWFactionAsset:AgriculturalBelt"")",None,None
102,102,Devil's Rock,-36.000000,-15.000000,Normal,None,,0,Normal,None,Unspecified,Unspecified,,"(Id="""")",None,None
103,103,Sadalbari,139.000000,43.000000,Normal,K,VI,0,Normal,None,Unspecified,H_1Plus,,"(Id=""MWFactionAsset:KuritaDavion"")",None,None
104,104,New Olympia,-151.000000,-131.000000,Normal,G,V,1,Normal,None,Unspecified,H_1Plus,,"(Id=""MWFactionAsset:RebeliousLyranTerritory"")",None,None
105,105,Phecda,-75.000000,-2.000000,Normal,A,V,0,Normal,None,Unspecified,H_1Plus,,"(Id="""")",None,None
106,106,Sirius,-3.000000,-8.000000,Normal,A,V,1,Normal,None,Unspecified,H_0,,"(Id=""MWFactionAsset:RepairSystem_26"")",None,None
107,107,Asuncion,5.000000,-102.000000,Normal,None,,0,Normal,None,Unspecified,Unspecified,,"(Id="""")",None,None
108,108,Woodstock,45.000000,-37.000000,Normal,G,V,5,Normal,None,Unspecified,H_1Plus,,"(Id="""")",None,None
109,109,Stewart,-120.000000,-52.000000,Normal,G,V,8,Normal,None,Unspecified,H_1Plus,,"(Id=""MWFactionAsset:StewartCommonality"")",None,None
110,110,Skondia,-32.000000,56.000000,Normal,F,V,6,Normal,None,Unspecified,H_1Plus,,"(Id="""")",None,None
111,111,Markab,99.000000,23.000000,Normal,M,IV,2,Normal,None,Unspecified,H_1Plus,,"(Id=""MWFactionAsset:RepairSystem_8"")",None,None
112,112,Errai,53.000000,4.000000,Normal,M,IV,6,Normal,None,Unspecified,H_1Plus,,"(Id="""")",None,None
113,113,Sarna,56.000000,-156.000000,Normal,F,IV,8,Normal,None,Unspecified,H_1Plus,,"(Id=""MWFactionAsset:TsinghaiCommonality"")",None,None
114,114,Gei-Fu,58.000000,-201.000000,Normal,F,II,5,Normal,None,Unspecified,H_1Plus,,"(Id="""")",None,None
115,115,Biham,71.500000,37.500000,Normal,A,VI,0,Normal,None,Unspecified,H_1Plus,,"(Id="""")",None,None
116,116,Wing,-76.000000,-11.000000,Normal,K,V,8,Normal,None,Unspecified,H_1Plus,,"(Id="""")",None,None
117,117,Genoa,39.000000,-60.000000,Normal,M,III,9,Normal,None,Unspecified,H_1Plus,,"(Id="""")",None,None
118,118,Hamilton (FWL),-36.000000,-82.000000,Normal,None,,0,Normal,None,Unspecified,Unspecified,,"(Id="""")",None,None
119,119,Konstance,-20.000000,97.000000,Normal,K,IV,1,Normal,None,Unspecified,H_1Plus,,"(Id="""")",None,None
120,120,Quemoy,45.000000,-153.000000,Normal,None,,0,Normal,None,Unspecified,Unspecified,,"(Id="""")",None,None
121,121,Ruchbah,58.000000,-23.000000,Normal,F,VI,0,Normal,None,Unspecified,H_1Plus,,"(Id="""")",None,None
122,122,Hamal,65.000000,-44.000000,Normal,K,III,2,Normal,None,Unspecified,H_1Plus,,"(Id=""MWFactionAsset:DavionBorderlands"")",None,None
123,123,Yangtze,76.000000,-44.000000,Normal,G,V,6,Normal,None,Unspecified,H_1Plus,,"(Id=""MWFactionAsset:DavionBorderlands"")",None,None
124,124,Waddesdon,100.000000,93.000000,Normal,None,,0,Normal,None,Unspecified,Unspecified,,"(Id="""")",None,None
125,125,Algedi,67.000000,96.000000,Normal,A,IV,7,Normal,None,Unspecified,H_1Plus,,"(Id="""")",None,None
126,126,Logandale,144.000000,-36.000000,Normal,None,,0,Normal,None,Unspecified,Unspecified,,"(Id="""")",None,None
127,127,Beten Kaitos,169.000000,-114.000000,Normal,None,,0,Normal,None,Unspecified,Unspecified,,"(Id=""MWFactionAsset:RepairSystem_7"")",None,None
128,128,Emerson,174.000000,-117.000000,Normal,None,,0,Normal,None,Unspecified,Unspecified,,"(Id=""MWFactionAsset:StoryCluster1"")",None,None
129,129,Dabih,60.000000,85.000000,Normal,F,IV,0,Normal,None,Unspecified,H_1Plus,,"(Id=""MWFactionAsset:RogueSystems"")",None,None
130,130,Kitalpha,114.000000,98.000000,Normal,None,,0,Normal,None,Unspecified,Unspecified,,"(Id="""")",None,None
131,131,Mariefred,-182.000000,26.000000,Normal,None,,0,Normal,None,Unspecified,Unspecified,,"(Id=""MWFactionAsset:RebeliousLyranTerritory"")",None,None
132,132,Ashio,74.000000,68.000000,Normal,G,IV,6,Normal,Zenith,Unspecified,H_1Plus,,"(Id="""")",None,None
133,133,Homam,148.000000,52.000000,Normal,None,,0,Normal,None,Unspecified,Unspecified,,"(Id=""MWFactionAsset:KuritaDavion"")",None,None
134,134,Scheat,170.000000,42.000000,Normal,G,IV,0,Normal,None,Unspecified,H_1Plus,,"(Id=""MWFactionAsset:KuritaDavion"")",None,None
135,135,Tongatapu,-173.000000,-143.000000,Normal,None,,0,Normal,None,Unspecified,Unspecified,,"(Id=""MWFactionAsset:RepairSystem_21"")",None,None
136,136,Nathan,-69.500000,-49.000000,Normal,None,,0,Normal,None,Unspecified,Unspecified,,"(Id="""")",None,None
137,137,Remulac,-74.000000,-40.000000,Normal,None,,0,Normal,None,Unspecified,Unspecified,,"(Id=""MWFactionAsset:RepairSystem_27"")",None,None
138,138,Alrakis,-20.000000,83.000000,Normal,K,V,0,Normal,None,Unspecified,H_1Plus,,"(Id="""")",None,None
139,139,Halstead Station,79.000000,44.000000,Normal,M,II,4,Normal,None,Unspecified,H_1Plus,,"(Id="""")",None,None
140,140,Royal,224.000000,45.000000,Normal,G,V,2,Normal,Zenith,Unspecified,H_1Plus,,"(Id="""")",None,None
141,141,Ideyld,-203.000000,-98.000000,Normal,None,,0,Normal,None,Unspecified,Unspecified,,"(Id=""MWFactionAsset:RepairSystem_13"")",None,None
142,142,Chertan,-75.000000,-16.000000,Normal,A,V,3,Normal,None,Unspecified,H_1Plus,,"(Id="""")",None,None
143,143,Alchiba,-68.500000,1.500000,Normal,F,VI,0,Normal,None,Unspecified,H_1Plus,,"(Id="""")",None,None
144,144,Alula Australis,-25.000000,-5.000000,Normal,A,II,7,Normal,None,Unspecified,H_1Plus,,"(Id="""")",None,None
145,145,Algol,64.000000,-68.000000,Binary,A,VI,1,Normal,None,Unspecified,H_1Plus,,"(Id="""")",None,None
146,146,Mara,123.000000,9.000000,Normal,F,V,4,Normal,None,Unspecified,H_1Plus,,"(Id="""")",None,None
147,147,Batavia,203.000000,-56.000000,Normal,None,,0,Normal,None,Unspecified,Unspecified,,"(Id="""")",None,None
148,148,Bandora,13.000000,-179.000000,Normal,None,,0,Normal,None,Unspecified,Unspecified,,"(Id="""")",None,None
149,149,Kuzuu,23.000000,67.000000,Normal,K,V,6,Normal,None,Unspecified,H_1Plus,,"(Id="""")",None,None
150,150,Suzano,16.000000,-114.000000,Normal,None,,0,Normal,None,Unspecified,Unspecified,,"(Id="""")",None,None
151,151,Masterson,3.000000,-187.000000,Normal,None,,0,Normal,None,Unspecified,Unspecified,,"(Id=""MWFactionAsset:RepairSystem_10"")",None,None
152,152,Palos,51.000000,-126.000000,Normal,K,VI,7,Normal,None,Unspecified,H_1Plus,,"(Id="""")",None,None
153,153,Tikonov,104.000000,-43.000000,Normal,G,V,8,Normal,None,Unspecified,H_1Plus,,"(Id="""")",None,None
154,154,Fuentes,-74.000000,-147.000000,Normal,None,,0,Normal,None,Unspecified,Unspecified,,"(Id="""")",None,None
155,155,Dromini,-21.000000,67.000000,Normal,K,IV,8,Normal,None,Unspecified,Unspecified,,"(Id="""")",None,None
156,156,Towne,70.000000,8.000000,Normal,F,IV,8,Normal,None,Unspecified,H_1Plus,,"(Id="""")",None,None
157,157,New Hessen,85.000000,-57.000000,Normal,A,V,9,Normal,None,Unspecified,H_1Plus,,"(Id=""MWFactionAsset:RepairSystem_5"")",None,None
158,158,Keystone,-126.000000,-106.000000,Normal,F,V,6,Normal,Zenith,Unspecified,H_1Plus,,"(Id="""")",None,None
159,159,Nanking,23.000000,-52.000000,Normal,G,V,1,Normal,None,Unspecified,H_1Plus,,"(Id=""MWFactionAsset:StoryCluster1"")",None,None
160,160,Bharat,59.000000,-42.000000,Normal,F,III,2,Normal,None,Unspecified,H_1Plus,,"(Id="""")",None,None
161,161,New Valencia,222.000000,-50.000000,Normal,G,V,4,Normal,Zenith,Unspecified,H_1Plus,,"(Id="""")",None,None
162,162,Sarpsborg,-150.000000,32.000000,Normal,None,,0,Normal,None,Unspecified,Unspecified,,"(Id="""")",None,None
163,163,Alioth,-58.500000,14.000000,Normal,A,V,0,Normal,None,Unspecified,H_1Plus,,"(Id="""")",None,None
164,164,Zosma,-51.000000,-10.000000,Normal,A,V,4,Normal,None,Unspecified,H_1Plus,,"(Id="""")",None,None
165,165,Slocum,59.000000,-53.000000,Normal,G,III,7,Normal,None,Unspecified,H_1Plus,,"(Id="""")",None,None
166,166,Foochow,90.000000,-98.000000,Normal,F,V,4,Normal,None,Unspecified,H_1Plus,,"(Id="""")",None,None
167,167,Chara,-29.000000,6.000000,Normal,G,V,2,Normal,None,Unspecified,H_1Plus,,"(Id="""")",None,None
168,168,Liao,35.000000,-69.000000,Normal,K,V,2,Normal,Zenith,Unspecified,H_1Plus,,"(Id="""")",None,None
169,169,Murchison,75.000000,20.000000,Normal,G,IV,8,Normal,Zenith,Unspecified,H_1Plus,,"(Id=""MWFactionAsset:RepairSystem_8"")",None,None
170,170,Sadachbia,81.500000,37.500000,Normal,K,V,4,Normal,None,Unspecified,H_1Plus,,"(Id="""")",None,None
171,171,Crossing,255.000000,48.000000,Normal,G,V,4,Normal,None,Unspecified,H_1Plus,,"(Id=""MWFactionAsset:DavionKurita_1"")",None,None
172,172,Arganda,-156.000000,36.000000,Normal,None,,0,Normal,None,Unspecified,Unspecified,,"(Id=""MWFactionAsset:RebeliousLyranTerritory"")",None,None
173,173,Savannah,-80.000000,-47.000000,Normal,None,,0,Normal,None,Unspecified,Unspecified,,"(Id=""MWFactionAsset:RepairSystem_27"")",/Game/Campaign/CampaignArcs/BorderChanges/_common/FactionBorderMeshes/SafezoneTempFolder/SafezoneSection2/SafezoneCollision/Safezone8_Collision.Safezone8_Collision,/Game/Campaign/CampaignArcs/BorderChanges/_common/FactionBorderMeshes/SafezoneTempFolder/SafezoneSection2/Safezone8.Safezone8
174,174,Elgin,2.000000,-51.000000,Normal,K,V,2,Normal,None,Unspecified,H_1Plus,,"(Id="""")",None,None
175,175,Addicks,72.000000,-1.000000,Normal,K,III,4,Normal,Zenith,Unspecified,H_1Plus,,"(Id=""MWFactionAsset:DavionBorderlands"")",None,None
176,176,Algot,87.000000,-83.000000,Normal,G,IV,2,Normal,None,Unspecified,H_1Plus,,"(Id=""MWFactionAsset:RepairSystem_5"")",None,None
177,177,Dubhe,-70.000000,-17.500000,Binary,K,"III,V",0,Normal,None,Unspecified,H_1Plus,,"(Id="""")",None,None
178,178,Unukalhai,-47.000000,70.000000,Normal,K,V,2,Normal,None,Unspecified,H_1Plus,,"(Id=""MWFactionAsset:AgriculturalBelt"")",None,None
179,179,Pleione,52.000000,-80.000000,Normal,M,VI,8,Normal,None,Unspecified,H_1Plus,,"(Id="""")",None,None
180,180,Shensi,54.000000,-93.000000,Normal,F,V,6,Normal,None,Unspecified,H_1Plus,,"(Id="""")",None,None
181,181,Al Na'ir,61.000000,31.000000,Normal,A,III,9,Normal,None,Unspecified,H_1Plus,,"(Id="""")",None,None
182,182,Kurhah,105.000000,57.000000,Normal,None,,0,Normal,None,Unspecified,Unspecified,,"(Id="""")",None,None
183,183,Mirach,110.000000,-27.000000,Normal,M,V,1,Normal,None,Unspecified,H_1Plus,,"(Id=""MWFactionAsset:DavionBorderlands"")",None,None
184,184,Drusibacken,-124.000000,-125.000000,Normal,None,,0,Normal,None,Unspecified,Unspecified,,"(Id="""")",None,None
185,185,Skye,-58.000000,52.000000,Normal,G,V,8,Normal,None,Unspecified,H_1Plus,,"(Id=""MWFactionAsset:AgriculturalBelt"")",/Game/Campaign/CampaignArcs/MetagameObjectives/CampaignClusters/A2M3.A2M3,None
186,186,Saiph,6.000000,-69.000000,Normal,None,,0,Normal,None,Unspecified,Unspecified,,"(Id=""MWFactionAsset:StoryCluster1"")",None,None
187,187,Styk,42.000000,-98.000000,Normal,K,IV,2,Normal,None,Unspecified,H_1Plus,,"(Id="""")",None,None
188,188,New Sagan,81.000000,-179.000000,Normal,None,,0,Normal,None,Unspecified,Unspecified,,"(Id="""")",None,None
189,189,Wyatt,-68.000000,-8.000000,Normal,None,,0,Normal,None,Unspecified,Unspecified,,"(Id="""")",None,None
190,190,Acubens,-53.000000,-51.000000,Normal,None,,0,Normal,None,Unspecified,Unspecified,,"(Id=""MWFactionAsset:RepairSystem_27"")",None,None
191,191,Berenson,-14.000000,-72.000000,Normal,None,,0,Normal,None,Unspecified,Unspecified,,"(Id="""")",None,None
192,192,Ingersoll,-5.000000,-174.000000,Normal,G,V,2,Normal,Zenith,Unspecified,H_1Plus,,"(Id="""")",None,None
193,193,Kaus Media,8.000000,81.000000,Normal,K,V,2,Normal,None,Unspecified,H_1Plus,,"(Id=""MWFactionAsset:RogueSystems"")",None,None
194,194,Dieron,12.500000,15.500000,Normal,G,V,3,Normal,None,Unspecified,H_1Plus,,"(Id="""")",None,None
195,195,Kestrel,271.000000,-47.000000,Normal,G,IV,8,Normal,None,Unspecified,H_1Plus,,"(Id=""MWFactionAsset:RepairSystem_3"")",None,None
196,196,Fletcher (FWL),-68.000000,-211.250000,Normal,G,IV,2,Normal,None,Unspecified,H_1Plus,,"(Id=""MWFactionAsset:MarikLiaoBorder"")",None,None
197,197,Alphard,-64.500000,-52.000000,Normal,G,IV,3,Normal,None,Unspecified,H_1Plus,,"(Id=""MWFactionAsset:RepairSystem_27"")",None,None
198,198,Marcus,-58.500000,-16.500000,Normal,G,IV,1,Normal,None,Unspecified,H_1Plus,,"(Id="""")",None,None
199,199,Bernardo,-21.000000,-95.000000,Normal,M,V,4,Normal,None,Unspecified,H_1Plus,,"(Id="""")",None,None
200,200,Menkalinan,0.000000,-71.000000,Normal,None,,0,Normal,None,Unspecified,Unspecified,,"(Id="""")",None,None
201,201,Aubisson,4.000000,148.000000,Normal,None,,0,Normal,None,Unspecified,Unspecified,,"(Id="""")",None,None
202,202,Kaus Australis,5.000000,85.500000,Normal,B,IV,9,Normal,None,Unspecified,H_1Plus,,"(Id="""")",None,None
203,203,Capella,38.000000,-174.000000,Normal,F,III,6,Normal,None,Unspecified,H_1Plus,,"(Id=""MWFactionAsset:TsinghaiCommonality"")",/Game/Campaign/CampaignArcs/Regions/7_2/7_2_Mesh.7_2_Mesh,None
204,204,Shitara,42.000000,88.000000,Normal,K,VI,6,Normal,None,Unspecified,H_1Plus,,"(Id=""MWFactionAsset:RogueSystems"")",None,None
205,205,La Blon,-32.000000,73.000000,Normal,G,V,2,Normal,None,Unspecified,H_1Plus,,"(Id="""")",None,None
206,206,Zollikofen,-29.000000,20.000000,Normal,G,V,3,Normal,None,Unspecified,H_1Plus,,"(Id=""MWFactionAsset:AgriculturalBelt"")",None,None
207,207,Miaplacidus,-63.000000,-57.000000,Normal,None,,0,Normal,None,Unspecified,Unspecified,,"(Id=""MWFactionAsset:RepairSystem_27"")",None,None
208,208,La Grave,-52.000000,249.000000,Normal,None,,0,Normal,None,Unspecified,Unspecified,,"(Id=""MWFactionAsset:SteinerBorder"")",/Game/Campaign/CampaignArcs/Regions/12_1/12_1.12_1,None
209,209,Kurragin,3.000000,-205.000000,Normal,None,,0,Normal,None,Unspecified,Unspecified,,"(Id=""MWFactionAsset:RepairSystem_10"")",/Game/Campaign/CampaignArcs/BorderChanges/_common/FactionBorderMeshes/SafezoneTempFolder/SafezoneCollision/Safezone_9_Blob.Safezone_9_Blob,/Game/Campaign/CampaignArcs/BorderChanges/_common/FactionBorderMeshes/SafezoneTempFolder/Safezone_9.Safezone_9
210,210,Rio,96.000000,-29.000000,Normal,F,V,8,Normal,None,Unspecified,H_1Plus,,"(Id=""MWFactionAsset:DavionBorderlands"")",None,None
211,211,Sonnia,125.000000,-42.000000,Normal,G,V,6,Normal,None,Unspecified,H_1Plus,,"(Id=""MWFactionAsset:ShippingRoute"")",None,None
212,212,Goshen,136.000000,-95.000000,Normal,F,V,3,Normal,None,Unspecified,H_1Plus,,"(Id=""MWFactionAsset:ShippingRoute"")",None,None
213,213,Yed Prior,-63.000000,125.000000,Normal,F,III,0,Normal,None,Unspecified,H_1Plus,,"(Id="""")",None,None
214,214,Pollux,-31.500000,-16.500000,Normal,None,,0,Normal,None,Unspecified,Unspecified,,"(Id="""")",None,None
215,215,Accrington,-10.000000,146.000000,Normal,None,,0,Normal,None,Unspecified,Unspecified,,"(Id="""")",None,None
216,216,Tybalt,91.000000,-21.000000,Normal,G,V,3,Normal,None,Unspecified,H_1Plus,,"(Id=""MWFactionAsset:DavionBorderlands"")",/Game/Campaign/CampaignArcs/Regions/6_2/6_2_Mesh.6_2_Mesh,None
217,217,St. Ives,111.000000,-216.000000,Normal,G,V,8,Normal,None,Unspecified,H_1Plus,,"(Id="""")",None,None
218,218,Asellus Australis,-101.000000,-114.750000,Normal,None,,0,Normal,None,Unspecified,Unspecified,,"(Id="""")",None,None
219,219,Ronel,96.000000,-3.000000,Normal,F,IV,2,Normal,None,Unspecified,H_1Plus,,"(Id=""MWFactionAsset:DavionBorderlands"")",None,None
220,220,Clovis,182.000000,3.000000,Normal,None,,0,Normal,None,Unspecified,Unspecified,,"(Id="""")",None,None
221,221,Alhena,-83.000000,-15.000000,Normal,A,VI,5,Normal,None,Unspecified,H_1Plus,,"(Id=""MWFactionAsset:RepairSystem_27"")",None,None
222,222,Kochab,-69.000000,63.000000,Normal,K,IV,4,Normal,None,Unspecified,H_1Plus,,"(Id=""MWFactionAsset:AgriculturalBelt"")",None,None
223,223,Alexandria,-58.000000,117.000000,Normal,M,V,4,Normal,None,Unspecified,H_1Plus,,"(Id="""")",None,None
224,224,Gan Singh,42.000000,-80.000000,Normal,F,VII,5,Normal,None,Unspecified,H_1Plus,,"(Id="""")",None,None
225,225,Azha,54.000000,-51.000000,Normal,K,IV,8,Normal,None,Unspecified,H_1Plus,,"(Id="""")",None,None
226,226,Ibstock,-21.000000,-103.000000,Normal,None,,0,Normal,None,Unspecified,Unspecified,,"(Id="""")",None,None
227,227,Athenry,18.000000,31.000000,Normal,F,IV,8,Normal,None,Unspecified,H_1Plus,,"(Id="""")",None,None
228,228,Tallmadge,278.000000,42.000000,Normal,None,,0,Normal,None,Unspecified,Unspecified,,"(Id="""")",None,None
229,229,Aur,-148.000000,135.000000,Normal,None,,0,Normal,None,Unspecified,Unspecified,,"(Id="""")",None,None
230,230,Zaniah,-103.000000,8.000000,Normal,A,IV,3,Normal,None,Unspecified,H_1Plus,,"(Id="""")",None,None
231,231,Kyrkbacken,3.000000,-95.000000,Normal,None,,0,Normal,None,Unspecified,Unspecified,,"(Id="""")",None,None
232,232,Shimonoseki,214.000000,250.000000,Normal,None,,0,Normal,None,Unspecified,Unspecified,,"(Id="""")",None,None
233,233,Lucianca,-98.000000,165.000000,Normal,None,,0,Normal,None,Unspecified,Unspecified,,"(Id=""MWFactionAsset:LyranStrongholds"")",None,None
234,234,Izar,-60.000000,98.000000,Binary,B,VI,5,Normal,None,Unspecified,H_1Plus,,"(Id="""")",None,None
235,235,New Wessex,-13.000000,114.000000,Normal,K,IV,2,Normal,None,Unspecified,H_1Plus,,"(Id="""")",None,None
236,236,Kaus Borealis,11.000000,97.000000,Normal,K,IV,1,Normal,None,Unspecified,H_1Plus,,"(Id="""")",None,None
237,237,Cylene,107.000000,25.000000,Normal,F,V,9,Normal,None,Unspecified,H_1Plus,,"(Id="""")",None,None
238,238,Tannil,123.000000,58.000000,Normal,None,,0,Normal,None,Unspecified,Unspecified,,"(Id="""")",None,None
239,239,Cadiz (TC),331.000000,-427.000000,Normal,None,,0,Normal,None,Unspecified,Unspecified,,"(Id="""")",None,None
240,240,Talitha,-34.000000,-35.000000,Normal,None,,0,Normal,None,Unspecified,Unspecified,,"(Id="""")",None,None
241,241,Hean,75.000000,-15.000000,Normal,K,V,1,Normal,None,Unspecified,H_1Plus,,"(Id=""MWFactionAsset:DavionBorderlands"")",None,None
242,242,Marlette,156.000000,-45.000000,Normal,K,V,2,Normal,Zenith,Unspecified,H_1Plus,,"(Id="""")",None,None
243,243,Exeter,190.000000,-8.000000,Normal,A,V,9,Normal,None,Unspecified,H_1Plus,,"(Id=""MWFactionAsset:IndustrialMiningCompany"")",None,None
244,244,Futuna,-211.000000,-192.000000,Normal,None,,0,Normal,None,Unspecified,Unspecified,,"(Id="""")",None,None
245,245,Seginus,-83.000000,63.000000,Normal,A,V,7,Normal,None,Unspecified,H_1Plus,,"(Id="""")",None,None
246,246,Sulafat,49.000000,186.000000,Normal,None,,0,Normal,None,Unspecified,Unspecified,,"(Id="""")",None,None
247,247,Caselton,116.000000,-33.000000,Normal,K,IV,2,Normal,None,Unspecified,H_1Plus,,"(Id="""")",None,None
248,248,Avellaneda,-58.000000,-83.000000,Normal,None,,0,Normal,None,Unspecified,Unspecified,,"(Id="""")",None,None
249,249,Chamdo,10.000000,-154.000000,Normal,None,,0,Normal,None,Unspecified,Unspecified,,"(Id="""")",None,None
250,250,Olancha,169.000000,-7.000000,Normal,None,,0,Normal,None,Unspecified,Unspecified,,"(Id=""MWFactionAsset:KuritaDavion"")",None,None
251,251,Kalidasa,-107.000000,-23.000000,Normal,G,Ia,1,Normal,None,Unspecified,H_1Plus,,"(Id=""MWFactionAsset:RepairSystem_27"")",None,None
252,252,Morningside,-36.000000,169.000000,Normal,None,,0,Normal,None,Unspecified,Unspecified,,"(Id="""")",None,None
253,253,Sian,7.000000,-232.000000,Normal,G,III,0,Normal,None,Unspecified,H_1Plus,,"(Id="""")",None,None
254,254,Awano,97.000000,162.000000,Normal,None,,0,Normal,None,Unspecified,Unspecified,,"(Id="""")",None,None
255,255,Apostica,-60.000000,157.000000,Normal,None,,0,Normal,None,Unspecified,Unspecified,,"(Id=""MWFactionAsset:LyranStrongholds"")",None,None
256,256,Nopah,58.000000,-34.000000,Normal,G,IV,6,Normal,None,Unspecified,H_1Plus,,"(Id="""")",None,None
257,257,Ares,96.000000,-175.000000,Normal,M,IV,1,Normal,None,Unspecified,H_1Plus,,"(Id=""MWFactionAsset:RashpurOwensInc"")",None,None
258,258,Mira,104.000000,-51.500000,Normal,G,III,6,Normal,None,Unspecified,H_1Plus,,"(Id="""")",None,None
259,259,Oceana,-97.000000,-109.000000,Normal,None,,0,Normal,None,Unspecified,Unspecified,,"(Id="""")",None,None
260,260,Wei,64.000000,-120.000000,Normal,G,IV,3,Normal,Zenith,Unspecified,H_1Plus,,"(Id="""")",None,None
261,261,Coriscana,-189.000000,-110.000000,Normal,None,,0,Normal,None,Unspecified,Unspecified,,"(Id=""MWFactionAsset:RepairSystem_13"")",None,None
262,262,Hyde,-164.000000,3.000000,Normal,None,,0,Normal,None,Unspecified,Unspecified,,"(Id=""MWFactionAsset:SteinerMarikBorder"")",None,None
263,263,Cumbres,-155.000000,204.000000,Normal,None,,0,Normal,None,Unspecified,Unspecified,,"(Id=""MWFactionAsset:LyranStrongholds"")",None,None
264,264,Ningpo,55.000000,-67.000000,Normal,G,III,2,Normal,None,Unspecified,H_1Plus,,"(Id="""")",None,None
265,265,Marduk,210.000000,60.000000,Normal,G,III,8,Normal,None,Unspecified,H_1Plus,,"(Id=""MWFactionAsset:RepairSystem_4"")",None,None
266,266,Kirkenlaard,-161.000000,-123.000000,Normal,None,,0,Normal,None,Unspecified,Unspecified,,"(Id="""")",None,None
267,267,Summit,-118.000000,211.000000,Normal,None,,0,Normal,None,Unspecified,Unspecified,,"(Id="""")",None,None
268,268,Orestes,-26.000000,169.000000,Normal,A,V,7,Normal,None,Unspecified,H_1Plus,,"(Id="""")",None,None
269,269,New Canton,8.000000,-74.000000,Normal,None,,0,Normal,None,Unspecified,Unspecified,,"(Id="""")",None,None
270,270,Alya,27.000000,97.000000,Normal,G,VI,2,Normal,None,Unspecified,H_1Plus,,"(Id=""MWFactionAsset:RogueSystems"")",None,None
271,271,Tsitsang,52.000000,-109.000000,Normal,G,II,3,Normal,None,Unspecified,H_1Plus,,"(Id="""")",None,None
272,272,Ancha,76.000000,36.000000,Normal,G,VI,3,Normal,None,Unspecified,H_1Plus,,"(Id="""")",None,None
273,273,Argyle,257.500000,-110.500000,Normal,K,IV,3,Normal,None,Unspecified,H_1Plus,,"(Id=""MWFactionAsset:RepairSystem_20"")",None,None
274,274,Togwotee,-198.000000,-49.000000,Normal,None,,0,Normal,None,Unspecified,Unspecified,,"(Id=""MWFactionAsset:StewartCommonality"")",None,None
275,275,Gacrux,-87.000000,11.000000,Normal,M,III,4,Normal,None,Unspecified,H_1Plus,,"(Id="""")",None,None
276,276,Carnwath,-64.000000,83.000000,Normal,K,IV,5,Normal,None,Unspecified,H_1Plus,,"(Id="""")",None,None
277,277,Halloran,74.000000,-77.000000,Normal,F,IV,8,Normal,None,Unspecified,H_1Plus,,"(Id=""MWFactionAsset:RepairSystem_5"")",None,None
278,278,Scudder,198.000000,-97.000000,Normal,None,,0,Normal,None,Unspecified,Unspecified,,"(Id="""")",None,None
279,279,Solaris,-123.000000,-7.000000,Normal,K,V,1,Normal,None,Unspecified,H_1Plus,,"(Id="""")",None,None
280,280,Breukelen,-89.000000,143.000000,Normal,None,,0,Normal,None,Unspecified,Unspecified,,"(Id=""MWFactionAsset:LyranStrongholds"")",/Game/Campaign/CampaignArcs/Regions/11_3/11_3.11_3,None
281,281,Jasmine,-31.000000,-204.000000,Normal,None,,0,Normal,None,Unspecified,Unspecified,,"(Id="""")",None,None
282,282,Hagiwawa,125.000000,113.000000,Normal,None,,0,Normal,None,Unspecified,Unspecified,,"(Id="""")",None,None
283,283,Augustine,-44.000000,-77.000000,Normal,G,II,4,Normal,Zenith,Unspecified,H_1Plus,,"(Id="""")",None,None
284,284,Yance,70.000000,52.000000,Normal,G,V,2,Normal,None,Unspecified,H_1Plus,,"(Id="""")",None,None
285,285,Minnacora,78.000000,-172.000000,Normal,None,,0,Normal,None,Unspecified,Unspecified,,"(Id="""")",None,None
286,286,Ludwig,163.000000,78.000000,Normal,None,,0,Normal,None,Unspecified,Unspecified,,"(Id="""")",None,None
287,287,New Avalon,269.000000,-112.000000,Normal,G,V,5,Normal,None,Unspecified,H_1Plus,,"(Id=""MWFactionAsset:RepairSystem_20"")",/Game/Campaign/CampaignArcs/BorderChanges/_common/FactionBorderMeshes/SafezoneTempFolder/SafezoneSection2/SafezoneCollision/Safezone1_Collision.Safezone1_Collision,/Game/Campaign/CampaignArcs/BorderChanges/_common/FactionBorderMeshes/SafezoneTempFolder/SafezoneSection2/Safezone1.Safezone1
288,288,Ellengurg,-300.000000,262.000000,Normal,None,,0,Normal,None,Unspecified,Unspecified,,"(Id="""")",None,None
289,289,Buchlau,71.000000,-69.000000,Normal,F,II,5,Normal,None,Unspecified,H_1Plus,,"(Id=""MWFactionAsset:RepairSystem_5"")",None,None
290,290,Almach,102.000000,-62.000000,Normal,K,V,4,Normal,None,Unspecified,H_1Plus,,"(Id=""MWFactionAsset:RepairSystem_5"")",None,None
291,291,Wroxeter,168.000000,-59.000000,Normal,None,,0,Normal,None,Unspecified,Unspecified,,"(Id=""MWFactionAsset:ShippingRoute"")",/Game/Campaign/CampaignArcs/Regions/6_3/6_3_Mesh.6_3_Mesh,None
292,292,Mundrabilla,-250.000000,-109.000000,Normal,None,,0,Normal,None,Unspecified,Unspecified,,"(Id=""MWFactionAsset:TamarindAbbey"")",None,None
293,293,Gallery,-200.000000,109.000000,Normal,M,V,5,Normal,None,Unspecified,H_1Plus,,"(Id="""")",None,None
294,294,Galatia,91.000000,15.000000,Normal,K,V,8,Normal,None,Unspecified,Unspecified,,"(Id=""MWFactionAsset:RepairSystem_8"")",/Game/Campaign/CampaignArcs/BorderChanges/_common/FactionBorderMeshes/SafezoneTempFolder/SafezoneCollision/Safezone_6_Blob.Safezone_6_Blob,/Game/Campaign/CampaignArcs/BorderChanges/_common/FactionBorderMeshes/SafezoneTempFolder/Safezone_6.Safezone_6
295,295,New Exford,-138.000000,245.000000,Normal,None,,0,Normal,None,Unspecified,Unspecified,,"(Id=""MWFactionAsset:StoryCluster3"")",None,None
296,296,Trent,-133.000000,59.000000,Normal,None,,0,Normal,None,Unspecified,Unspecified,,"(Id=""MWFactionAsset:RebeliousLyranTerritory"")",None,None
297,297,Indicass,73.000000,-251.000000,Normal,A,V,7,Normal,None,Unspecified,H_1Plus,,"(Id="""")",None,None
298,298,Menkar,91.000000,-93.000000,Normal,M,III,2,Normal,None,Unspecified,H_1Plus,,"(Id="""")",None,None
299,299,Mesartim,104.000000,-56.000000,Normal,G,V,6,Normal,None,Unspecified,H_0,,"(Id="""")",None,None
300,300,Schedar,119.000000,-21.000000,Normal,G,III,2,Normal,None,Unspecified,H_1Plus,,"(Id="""")",None,None
301,301,Talcott,201.000000,-125.000000,Normal,G,V,8,Normal,None,Unspecified,H_1Plus,,"(Id="""")",None,None
302,302,Shaul Khala,221.000000,134.000000,Normal,None,,0,Normal,None,Unspecified,Unspecified,,"(Id="""")",None,None
303,303,Coloma,286.000000,-88.000000,Normal,None,,0,Normal,None,Unspecified,Unspecified,,"(Id="""")",None,None
304,304,Glengarry,-77.000000,78.000000,Normal,K,IV,1,Normal,None,Unspecified,H_1Plus,,"(Id=""MWFactionAsset:AgriculturalBelt"")",None,None
305,305,Preston (CC),13.000000,-216.000000,Normal,None,,0,Normal,None,Unspecified,Unspecified,,"(Id="""")",None,None
306,306,Achernar,78.000000,-35.000000,Normal,B,V,3,Normal,None,Unspecified,H_1Plus,,"(Id=""MWFactionAsset:DavionBorderlands"")",None,None
307,307,Sutama,91.000000,125.000000,Normal,None,,0,Normal,None,Unspecified,Unspecified,,"(Id="""")",None,None
308,308,Elbar,128.000000,-8.000000,Normal,None,,0,Normal,None,Unspecified,Unspecified,,"(Id="""")",None,None
309,309,David,141.000000,19.000000,Normal,F,IV,8,Normal,None,Unspecified,H_1Plus,,"(Id=""MWFactionAsset:KuritaDavion"")",None,None
310,310,Olafsvik,-178.000000,-241.000000,Normal,None,,0,Normal,None,Unspecified,Unspecified,,"(Id=""MWFactionAsset:FWLInterior"")",None,None
311,311,Alkaid,-95.000000,47.000000,Normal,B,V,1,Normal,None,Unspecified,H_1Plus,,"(Id="""")",None,None
312,312,Park Place,-30.000000,-112.000000,Normal,None,,0,Normal,None,Unspecified,Unspecified,,"(Id="""")",None,None
313,313,Bell,105.000000,-111.000000,Normal,A,V,8,Normal,None,Unspecified,H_1Plus,,"(Id="""")",None,None
314,314,Rochester,229.000000,3.000000,Normal,G,III,4,Normal,None,Unspecified,H_1Plus,,"(Id=""MWFactionAsset:IndustrialMiningCompany"")",None,None
315,315,Kyeinnisan,-102.000000,-152.000000,Normal,None,,0,Normal,None,Unspecified,Unspecified,,"(Id="""")",None,None
316,316,Franklin,253.000000,11.000000,Normal,None,,0,Normal,None,Unspecified,Unspecified,,"(Id=""MWFactionAsset:IndustrialMiningCompany"")",/Game/Campaign/CampaignArcs/Regions/5_2/5_2_Mesh.5_2_Mesh,None
317,317,Forkas,-213.000000,161.000000,Normal,None,,0,Normal,None,Unspecified,Unspecified,,"(Id=""MWFactionAsset:RepairSystem_22"")",None,None
318,318,Hollabrunn,-210.000000,34.000000,Normal,None,,0,Normal,None,Unspecified,Unspecified,,"(Id=""MWFactionAsset:RebeliousLyranTerritory"")",None,None
319,319,Sheridan,-180.000000,-57.000000,Normal,None,,0,Normal,None,Unspecified,Unspecified,,"(Id=""MWFactionAsset:StewartCommonality"")",None,None
320,320,Turinge,-162.000000,98.000000,Normal,None,,0,Normal,None,Unspecified,Unspecified,,"(Id=""MWFactionAsset:BackwaterRegion"")",None,None
321,321,Washburn,-157.000000,-105.000000,Normal,F,V,3,Normal,None,Unspecified,H_1Plus,,"(Id="""")",None,None
322,322,Eidsfoss,-155.000000,59.000000,Normal,None,,0,Normal,None,Unspecified,Unspecified,,"(Id=""MWFactionAsset:RebeliousLyranTerritory"")",None,None
323,323,Koniz,-93.000000,262.000000,Normal,None,,0,Normal,None,Unspecified,Unspecified,,"(Id="""")",None,None
324,324,Oriente,-77.000000,-213.000000,Normal,F,III,2,Normal,None,Unspecified,H_1Plus,,"(Id=""MWFactionAsset:MarikLiaoBorder"")",None,None
325,325,Holt,-50.000000,-104.000000,Normal,None,,0,Normal,None,Unspecified,Unspecified,,"(Id="""")",None,None
326,326,New Delos,-38.000000,-142.000000,Normal,G,III,8,Normal,None,Unspecified,H_1Plus,,"(Id="""")",None,None
327,327,Baxter,-32.000000,114.000000,Normal,K,II,7,Normal,None,Unspecified,H_1Plus,,"(Id="""")",None,None
328,328,Eom,-18.000000,-193.000000,Normal,None,,0,Normal,None,Unspecified,Unspecified,,"(Id="""")",None,None
329,329,Hunan,72.000000,-97.000000,Normal,F,VII,9,Normal,None,Unspecified,H_1Plus,,"(Id=""MWFactionAsset:A2M1_Cluster"")",None,None
330,330,Arkab,78.000000,202.000000,Normal,None,,0,Normal,None,Unspecified,Unspecified,,"(Id="""")",None,None
331,331,Truth,79.000000,-161.000000,Normal,G,IV,1,Normal,None,Unspecified,H_1Plus,,"(Id=""MWFactionAsset:TsinghaiCommonality"")",None,None
332,332,Kajikazawa,89.000000,144.000000,Normal,G,IV,5,Normal,None,Unspecified,H_1Plus,,"(Id="""")",None,None
333,333,Raman,163.000000,9.000000,Normal,None,,0,Normal,None,Unspecified,Unspecified,,"(Id=""MWFactionAsset:KuritaDavion"")",/Game/Campaign/CampaignArcs/Regions/6_1/6_1_Mesh.6_1_Mesh,None
334,334,Monongahela,166.000000,-167.000000,Normal,None,,0,Normal,None,Unspecified,Unspecified,,"(Id="""")",None,None
335,335,Barstow,172.000000,-41.000000,Normal,None,,0,Normal,None,Unspecified,Unspecified,,"(Id=""MWFactionAsset:ShippingRoute"")",None,None
336,336,Lucerne,234.000000,12.000000,Normal,None,,0,Normal,None,Unspecified,Unspecified,,"(Id=""MWFactionAsset:IndustrialMiningCompany"")",None,None
337,337,Plymouth,347.000000,-69.000000,Normal,None,,0,Normal,None,Unspecified,Unspecified,,"(Id="""")",None,None
338,338,Goubellat,354.000000,167.000000,Normal,None,,0,Normal,None,Unspecified,Unspecified,,"(Id="""")",None,None
339,339,Giausar,-210.000000,-27.000000,Normal,M,III,0,Normal,None,Unspecified,H_1Plus,,"(Id=""MWFactionAsset:SteinerMarikBorder"")",None,None
340,340,Laureles,-188.000000,-127.000000,Normal,None,,0,Normal,None,Unspecified,Unspecified,,"(Id=""MWFactionAsset:RepairSystem_13"")",None,None
341,341,Chukchi,-182.000000,91.000000,Normal,G,V,5,Normal,None,Unspecified,H_0,,"(Id=""MWFactionAsset:RebeliousLyranTerritory"")",None,None
342,342,Dayr Khuna,-115.000000,-198.000000,Normal,None,,0,Normal,None,Unspecified,Unspecified,,"(Id=""MWFactionAsset:RepairSystem_12"")",None,None
343,343,Kockengen,-113.000000,152.000000,Normal,None,,0,Normal,None,Unspecified,Unspecified,,"(Id=""MWFactionAsset:LyranStrongholds"")",None,None
344,344,Asellus Borealis,-101.000000,-119.000000,Normal,None,,0,Normal,None,Unspecified,Unspecified,,"(Id="""")",None,None
345,345,Carsphairn,-97.000000,39.000000,Normal,K,V,1,Normal,None,Unspecified,H_1Plus,,"(Id=""MWFactionAsset:RepairSystem_15"")",None,None
346,346,Nekkar,-94.000000,97.000000,Normal,None,,0,Normal,None,Unspecified,Unspecified,,"(Id="""")",None,None
347,347,Bordon,-64.000000,-34.000000,Normal,None,,0,Normal,None,Unspecified,Unspecified,,"(Id="""")",None,None
348,348,Tsinghai,-3.000000,-154.000000,Normal,K,V,4,Normal,None,Unspecified,H_1Plus,,"(Id="""")",None,None
349,349,Kashilla,-2.000000,-203.000000,Normal,M,V,1,Normal,Zenith,Unspecified,H_1Plus,,"(Id=""MWFactionAsset:RepairSystem_10"")",None,None
350,350,Altenmarkt,14.000000,226.000000,Normal,None,,0,Normal,None,Unspecified,Unspecified,,"(Id=""MWFactionAsset:LowerClassWorlds"")",None,None
351,351,Caldrea,34.000000,195.000000,Normal,None,,0,Normal,None,Unspecified,Unspecified,,"(Id=""MWFactionAsset:LowerClassWorlds"")",None,None
352,352,St. Andre,66.000000,-101.000000,Normal,K,III,7,Normal,None,Unspecified,H_1Plus,,"(Id="""")",None,None
353,353,Zaurak,73.000000,-124.000000,Normal,G,V,3,Normal,None,Unspecified,H_1Plus,,"(Id=""MWFactionAsset:A2M1_Cluster"")",None,None
354,354,Necromo,104.000000,-190.000000,Normal,M,V,5,Normal,None,Unspecified,H_1Plus,,"(Id=""MWFactionAsset:RashpurOwensInc"")",None,None
355,355,Perkasie,132.000000,-145.000000,Normal,None,,0,Normal,None,Unspecified,Unspecified,,"(Id=""MWFactionAsset:RepairSystem_9"")",None,None
356,356,Tawas,137.000000,-56.000000,Normal,None,,0,Normal,None,Unspecified,Unspecified,,"(Id=""MWFactionAsset:ShippingRoute"")",None,None
357,357,Helsingfors,145.000000,154.000000,Normal,None,,0,Normal,None,Unspecified,Unspecified,,"(Id=""MWFactionAsset:RepairSystem_18"")",/Game/Campaign/CampaignArcs/BorderChanges/_common/FactionBorderMeshes/SafezoneTempFolder/SafezoneCollision/Safezone_16_Blob.Safezone_16_Blob,/Game/Campaign/CampaignArcs/BorderChanges/_common/FactionBorderMeshes/SafezoneTempFolder/Safezone_16.Safezone_16
358,358,Wappingers,177.000000,-233.000000,Normal,None,,0,Normal,None,Unspecified,Unspecified,,"(Id="""")",None,None
359,359,Smolensk,180.000000,-131.000000,Normal,None,,0,Normal,None,Unspecified,Unspecified,,"(Id="""")",None,None
360,360,Ljugarn,200.000000,121.000000,Normal,None,,0,Normal,None,Unspecified,Unspecified,,"(Id="""")",None,None
361,361,Cholame,204.000000,-32.000000,Normal,None,,0,Normal,None,Unspecified,Unspecified,,"(Id="""")",None,None
362,362,Dobson,206.000000,27.000000,Normal,None,,0,Normal,None,Unspecified,Unspecified,,"(Id="""")",None,None
363,363,Freisland,237.000000,-120.000000,Normal,None,,0,Normal,None,Unspecified,Unspecified,,"(Id="""")",None,None
364,364,Kawabe,243.000000,137.000000,Normal,None,,0,Normal,None,Unspecified,Unspecified,,"(Id="""")",None,None
365,365,Imbrial,297.000000,-50.000000,Normal,None,,0,Normal,None,Unspecified,Unspecified,,"(Id=""MWFactionAsset:RepairSystem_3"")",None,None
366,366,Waunakee,320.000000,15.000000,Normal,None,,0,Normal,None,Unspecified,Unspecified,,"(Id="""")",None,None
367,367,Wallis,-200.000000,-195.000000,Normal,M,V,5,Normal,None,Unspecified,H_1Plus,,"(Id=""MWFactionAsset:FWLCommercialHub"")",/Game/Campaign/CampaignArcs/Regions/9_3/9_3.9_3,None
368,368,Alma Alta,-185.000000,188.000000,Normal,None,,0,Normal,None,Unspecified,Unspecified,,"(Id="""")",None,None
369,369,Aristotle,-185.000000,66.000000,Normal,None,,0,Normal,None,Unspecified,Unspecified,,"(Id=""MWFactionAsset:RebeliousLyranTerritory"")",None,None
370,370,Morges,-143.000000,286.000000,Normal,None,,0,Normal,None,Unspecified,Unspecified,,"(Id="""")",None,None
371,371,Symington,-39.000000,149.000000,Normal,None,,0,Normal,None,Unspecified,Unspecified,,"(Id="""")",None,None
372,372,Bentley,-7.000000,-236.000000,Normal,None,,0,Normal,None,Unspecified,Unspecified,,"(Id="""")",None,None
373,373,Fletcher (CC),47.000000,-24.000000,Normal,G,V,4,Normal,None,Unspecified,H_1Plus,,"(Id="""")",None,None
374,374,Shipka,81.000000,-112.000000,Normal,K,III,9,Normal,None,Unspecified,H_1Plus,,"(Id=""MWFactionAsset:A2M1_Cluster"")",None,None
375,375,Goderich,146.000000,-50.000000,Normal,None,,0,Normal,None,Unspecified,Unspecified,,"(Id="""")",None,None
376,376,Monistrol,161.000000,125.000000,Normal,None,,0,Normal,None,Unspecified,Unspecified,,"(Id="""")",None,None
377,377,Paris,193.000000,48.000000,Normal,None,,0,Normal,None,Unspecified,Unspecified,,"(Id=""MWFactionAsset:RepairSystem_4"")",/Game/Campaign/CampaignArcs/BorderChanges/_common/FactionBorderMeshes/SafezoneTempFolder/SafezoneCollision/Safezone_5_Blob.Safezone_5_Blob,/Game/Campaign/CampaignArcs/BorderChanges/_common/FactionBorderMeshes/SafezoneTempFolder/Safezone_5.Safezone_5
378,378,Peabody,333.000000,-24.000000,Normal,None,,0,Normal,None,Unspecified,Unspecified,,"(Id=""MWFactionAsset:InfernosWake"")",None,None
379,379,Pingree,-203.000000,-65.000000,Normal,None,,0,Normal,None,Unspecified,Unspecified,,"(Id="""")",None,None
380,380,Aitutaki,-166.000000,-168.000000,Normal,K,II,8,Normal,None,Unspecified,H_1Plus,,"(Id="""")",None,None
381,381,Colinas,-159.000000,109.000000,Normal,None,,0,Normal,None,Unspecified,Unspecified,,"(Id=""MWFactionAsset:LyranStrongholds"")",None,None
382,382,Rasalas,-152.000000,-95.000000,Normal,None,,0,Normal,None,Unspecified,Unspecified,,"(Id="""")",None,None
383,383,Mesa Verde,-138.000000,118.000000,Normal,None,,0,Normal,None,Unspecified,Unspecified,,"(Id=""MWFactionAsset:LyranStrongholds"")",None,None
384,384,Svinngarn,-133.000000,112.000000,Normal,None,,0,Normal,None,Unspecified,Unspecified,,"(Id="""")",None,None
385,385,Caledonia,-122.000000,37.000000,Normal,None,,0,Normal,None,Unspecified,Unspecified,,"(Id=""MWFactionAsset:RepairSystem_15"")",None,None
386,386,Kiyev,-89.000000,-173.000000,Normal,None,,0,Normal,None,Unspecified,Unspecified,,"(Id=""MWFactionAsset:MarikLiaoBorder"")",None,None
387,387,Najha,36.000000,213.000000,Normal,None,,0,Normal,None,Unspecified,Unspecified,,"(Id=""MWFactionAsset:LowerClassWorlds"")",None,None
388,388,Harloc,42.000000,-226.000000,Normal,F,V,0,Normal,None,Unspecified,H_1Plus,,"(Id=""MWFactionAsset:SianCommonality"")",None,None
389,389,Tinaca,71.000000,276.000000,Normal,G,V,5,Normal,None,Unspecified,H_1Plus,,"(Id=""MWFactionAsset:LowerClassWorlds"")",None,None
390,390,Kanowit,88.000000,244.000000,Normal,None,,0,Normal,None,Unspecified,Unspecified,,"(Id="""")",None,None
391,391,Lee,118.000000,-149.000000,Normal,None,,0,Normal,None,Unspecified,Unspecified,,"(Id=""MWFactionAsset:RepairSystem_9"")",None,None
392,392,Sanilac,149.000000,-59.000000,Normal,None,,0,Normal,None,Unspecified,Unspecified,,"(Id=""MWFactionAsset:ShippingRoute"")",None,None
393,393,Kentares,151.000000,-13.000000,Normal,F,IV,5,Normal,None,Unspecified,H_1Plus,,"(Id=""MWFactionAsset:KuritaDavion"")",None,None
394,394,Salem,209.000000,-162.000000,Normal,F,V,8,Normal,None,Unspecified,H_1Plus,,"(Id="""")",None,None
395,395,Agematsu,256.000000,187.000000,Normal,F,V,9,Normal,None,Unspecified,H_1Plus,,"(Id="""")",None,None
396,396,Streator,256.000000,-76.000000,Normal,None,,0,Normal,None,Unspecified,Unspecified,,"(Id="""")",None,None
397,397,Fallon,371.000000,49.000000,Normal,F,V,6,Normal,None,Unspecified,Unspecified,,"(Id="""")",None,None
398,398,Graceland,-101.000000,248.000000,Normal,None,,0,Normal,None,Unspecified,Unspecified,,"(Id=""MWFactionAsset:StoryCluster3"")",None,None
399,399,Pandora,-85.000000,237.000000,Normal,B,V,7,Normal,None,Unspecified,H_1Plus,,"(Id="""")",None,None
400,400,Daneshmand,-73.000000,-183.000000,Normal,None,,0,Normal,None,Unspecified,Unspecified,,"(Id=""MWFactionAsset:MarikLiaoBorder"")",None,None
401,401,Denbar,70.000000,-237.000000,Normal,M,IV,2,Normal,None,Unspecified,H_1Plus,,"(Id=""MWFactionAsset:SianCommonality"")",None,None
402,402,St. Loris,91.000000,-245.000000,Normal,None,,0,Normal,None,Unspecified,Unspecified,,"(Id=""MWFactionAsset:DavionBorder"")",None,None
403,403,Tsingtao,94.000000,-156.000000,Normal,None,,0,Normal,None,Unspecified,Unspecified,,"(Id="""")",None,None
404,404,Falsterbo,172.000000,149.000000,Normal,None,,0,Normal,None,Unspecified,Unspecified,,"(Id="""")",None,None
405,405,Xhosa,175.000000,15.000000,Normal,None,,0,Normal,None,Unspecified,Unspecified,,"(Id=""MWFactionAsset:KuritaDavion"")",None,None
406,406,Flushing,197.000000,-65.000000,Normal,None,,0,Normal,None,Unspecified,Unspecified,,"(Id="""")",None,None
407,407,Arlington,215.000000,101.000000,Normal,None,,0,Normal,None,Unspecified,Unspecified,,"(Id=""MWFactionAsset:DavionKurita_1"")",None,None
408,408,Odell,253.000000,-98.000000,Normal,None,,0,Normal,None,Unspecified,Unspecified,,"(Id=""MWFactionAsset:RepairSystem_20"")",None,None
409,409,Hachiman,255.000000,153.000000,Normal,G,IV,8,Normal,None,Unspecified,H_1Plus,,"(Id="""")",None,None
410,410,Sodus,290.000000,-66.000000,Normal,None,,0,Normal,None,Unspecified,Unspecified,,"(Id=""MWFactionAsset:RepairSystem_3"")",/Game/Campaign/CampaignArcs/BorderChanges/_common/FactionBorderMeshes/SafezoneTempFolder/SafezoneCollision/Safezone_4_Blob.Safezone_4_Blob,/Game/Campaign/CampaignArcs/BorderChanges/_common/FactionBorderMeshes/SafezoneTempFolder/Safezone_4.Safezone_4
411,411,Nakaojo,290.000000,185.000000,Normal,None,,0,Normal,None,Unspecified,Unspecified,,"(Id="""")",None,None
412,412,An Ting,304.000000,111.000000,Normal,G,V,1,Normal,Zenith,Unspecified,H_1Plus,,"(Id="""")",None,None
413,413,Huan,307.000000,99.000000,Normal,None,,0,Normal,None,Unspecified,Unspecified,,"(Id=""MWFactionAsset:DavionKurita_1"")",None,None
414,414,Susulatna,308.000000,-187.000000,Normal,None,,0,Normal,None,Unspecified,Unspecified,,"(Id="""")",None,None
415,415,Gibson,-248.000000,-217.000000,Normal,G,V,2,Normal,None,Unspecified,H_1Plus,,"(Id=""MWFactionAsset:FWLCommercialHub"")",None,None
416,416,Midkiff,-200.000000,-113.000000,Normal,None,,0,Normal,None,Unspecified,Unspecified,,"(Id=""MWFactionAsset:RepairSystem_13"")",/Game/Campaign/CampaignArcs/BorderChanges/_common/FactionBorderMeshes/SafezoneTempFolder/SafezoneCollision/Safezone_13_Blob.Safezone_13_Blob,/Game/Campaign/CampaignArcs/BorderChanges/_common/FactionBorderMeshes/SafezoneTempFolder/Safezone_13.Safezone_13
417,417,McAffe,-183.000000,-46.000000,Normal,None,,0,Normal,None,Unspecified,Unspecified,,"(Id=""MWFactionAsset:StewartCommonality"")",None,None
418,418,Pherkad,-143.000000,172.000000,Normal,None,,0,Normal,None,Unspecified,Unspecified,,"(Id=""MWFactionAsset:LyranStrongholds"")",None,None
419,419,Jaumegarde,-142.000000,99.000000,Normal,None,,0,Normal,None,Unspecified,Unspecified,,"(Id=""MWFactionAsset:RebeliousLyranTerritory"")",None,None
420,420,Lyndon,-129.000000,198.000000,Normal,None,,0,Normal,None,Unspecified,Unspecified,,"(Id=""MWFactionAsset:LyranStrongholds"")",None,None
421,421,Antares,-126.000000,300.000000,Normal,None,,0,Normal,None,Unspecified,Unspecified,,"(Id="""")",None,None
422,422,Kelenfold,-58.000000,200.000000,Normal,F,V,2,Normal,None,Unspecified,H_1Plus,,"(Id=""MWFactionAsset:RepairSystem_28"")",/Game/Campaign/CampaignArcs/BorderChanges/_common/FactionBorderMeshes/SafezoneTempFolder/SafezoneSection2/SafezoneCollision/Safezone9_Collision.Safezone9_Collision,/Game/Campaign/CampaignArcs/BorderChanges/_common/FactionBorderMeshes/SafezoneTempFolder/SafezoneSection2/Safezone9.Safezone9
423,423,Kimball,-36.000000,101.000000,Normal,G,V,1,Normal,None,Unspecified,H_2Plus,,"(Id="""")",None,None
424,424,Cronulla,-33.000000,-253.000000,Normal,None,,0,Normal,None,Unspecified,Unspecified,,"(Id="""")",None,None
425,425,Sakhalin (LC),-24.000000,153.000000,Normal,None,,0,Normal,None,Unspecified,Unspecified,,"(Id="""")",None,None
426,426,Ulan Bator,36.000000,-141.000000,Normal,None,,0,Normal,None,Unspecified,Unspecified,,"(Id="""")",None,None
427,427,Brighton,80.000000,-202.000000,Normal,F,III,9,Normal,None,Unspecified,H_1Plus,,"(Id=""MWFactionAsset:RashpurOwensInc"")",None,None
428,428,Jonathan,101.000000,-94.000000,Normal,F,V,4,Normal,None,Unspecified,H_1Plus,,"(Id="""")",None,None
429,429,Cyrenaica,158.000000,276.000000,Normal,None,,0,Normal,None,Unspecified,Unspecified,,"(Id="""")",None,None
430,430,Proserpina,160.000000,35.000000,Normal,K,v,2,Normal,None,Unspecified,H_1Plus,,"(Id=""MWFactionAsset:KuritaDavion"")",None,None
431,431,Saginaw,302.000000,-96.000000,Normal,None,,0,Normal,None,Unspecified,Unspecified,,"(Id=""MWFactionAsset:RepairSystem_20"")",None,None
432,432,Dixie,-256.000000,-21.000000,Normal,M,V,9,Normal,None,Unspecified,H_1Plus,,"(Id="""")",None,None
433,433,Kitzingen,-225.000000,47.000000,Normal,None,,0,Normal,None,Unspecified,Unspecified,,"(Id="""")",None,None
434,434,Manihiki,-209.000000,-169.000000,Normal,None,,0,Normal,None,Unspecified,Unspecified,,"(Id=""MWFactionAsset:FWLCommercialHub"")",None,None
435,435,Bjornlunda,-151.000000,89.000000,Normal,None,,0,Normal,None,Unspecified,Unspecified,,"(Id=""MWFactionAsset:RebeliousLyranTerritory"")",None,None
436,436,Uhuru,-140.000000,-13.000000,Normal,None,,0,Normal,None,Unspecified,Unspecified,,"(Id=""MWFactionAsset:SteinerMarikBorder"")",None,None
437,437,Al Hillah,-26.000000,180.000000,Normal,None,,0,Normal,None,Unspecified,Unspecified,,"(Id="""")",None,None
438,438,Ohrensen,-16.000000,-123.000000,Normal,F,II,7,Normal,Zenith,Unspecified,H_1Plus,,"(Id="""")",None,None
439,439,Alnasi,3.000000,117.000000,Normal,K,III,0,Normal,None,Unspecified,H_1Plus,,"(Id="""")",None,None
440,440,Port Moseby,3.000000,162.000000,Normal,F,V,9,Normal,None,Unspecified,H_1Plus,,"(Id="""")",None,None
441,441,Geifer,38.000000,-188.000000,Normal,G,V,9,Normal,None,Unspecified,H_1Plus,,"(Id=""MWFactionAsset:TsinghaiCommonality"")",None,None
442,442,Milos,58.000000,-227.000000,Normal,None,,0,Normal,None,Unspecified,Unspecified,,"(Id=""MWFactionAsset:SianCommonality"")",None,None
443,443,Aix-la-Chapelle,77.000000,164.000000,Normal,A,V,2,Normal,None,Unspecified,H_1Plus,,"(Id="""")",None,None
444,444,Cammal,112.000000,-166.000000,Normal,None,,0,Normal,None,Unspecified,Unspecified,,"(Id=""MWFactionAsset:RashpurOwensInc"")",None,None
445,445,Safe Port,136.000000,-289.000000,Normal,None,,0,Normal,None,Unspecified,Unspecified,,"(Id=""MWFactionAsset:DavionBorder"")",None,None
446,446,Ogilvie,197.000000,-234.000000,Normal,None,,0,Normal,None,Unspecified,Unspecified,,"(Id="""")",None,None
447,447,Koumi,201.000000,172.000000,Normal,None,,0,Normal,None,Unspecified,Unspecified,,"(Id="""")",None,None
448,448,Corydon,218.000000,-39.000000,Normal,None,,0,Normal,None,Unspecified,Unspecified,,"(Id="""")",None,None
449,449,Gandy's Luck,252.000000,94.000000,Normal,None,,0,Normal,None,Unspecified,Unspecified,,"(Id=""MWFactionAsset:DavionKurita_1"")",None,None
450,450,Larned,297.000000,-23.000000,Normal,None,,0,Normal,None,Unspecified,Unspecified,,"(Id="""")",None,None
451,451,Cosenza,329.000000,163.000000,Normal,None,,0,Normal,None,Unspecified,Unspecified,,"(Id="""")",None,None
452,452,Soilihull,-190.000000,47.000000,Normal,None,,0,Normal,None,Unspecified,Unspecified,,"(Id=""MWFactionAsset:RebeliousLyranTerritory"")",None,None
453,453,Regulus,-153.000000,-182.000000,Normal,K,III,6,Normal,None,Unspecified,H_1Plus,,"(Id=""MWFactionAsset:RepairSystem_12"")",None,None
454,454,Furillo,-138.000000,79.000000,Normal,K,V,3,Normal,None,Unspecified,H_1Plus,,"(Id=""MWFactionAsset:RebeliousLyranTerritory"")",None,None
455,455,Jouques,-112.000000,-214.000000,Normal,None,,0,Normal,None,Unspecified,Unspecified,,"(Id="""")",None,None
456,456,Kirkcaldy,-97.000000,128.000000,Normal,None,,0,Normal,None,Unspecified,Unspecified,,"(Id=""MWFactionAsset:LyranStrongholds"")",None,None
457,457,Chaffee,-96.000000,83.000000,Normal,None,,0,Normal,None,Unspecified,Unspecified,,"(Id=""MWFactionAsset:AgriculturalBelt"")",None,None
458,458,Lungdo,-83.000000,-123.000000,Normal,None,,0,Normal,None,Unspecified,Unspecified,,"(Id="""")",None,None
459,459,Gram,55.000000,146.000000,Normal,None,,0,Normal,None,Unspecified,H_1Plus,,"(Id=""MWFactionAsset:RogueSystems"")",None,None
460,460,Odabasi,72.000000,216.000000,Normal,None,,0,Normal,None,Unspecified,Unspecified,,"(Id="""")",None,None
461,461,Saaremaa,140.000000,138.000000,Normal,None,,0,Normal,None,Unspecified,Unspecified,,"(Id=""MWFactionAsset:RepairSystem_18"")",None,None
462,462,Tamsalu,169.000000,166.000000,Normal,None,,0,Normal,None,Unspecified,Unspecified,,"(Id="""")",None,None
463,463,Rosamond,180.000000,-34.000000,Normal,None,,0,Normal,None,Unspecified,Unspecified,,"(Id="""")",None,None
464,464,Tiskilwa,216.000000,-91.000000,Normal,None,,0,Normal,None,Unspecified,Unspecified,,"(Id="""")",None,None
465,465,Harrow's Sun,264.000000,72.000000,Normal,G,V,1,Normal,None,Unspecified,H_1Plus,,"(Id=""MWFactionAsset:DavionKurita_1"")",/Game/Campaign/CampaignArcs/Regions/5_1/5_1_Mesh.5_1_Mesh,None
466,466,Sylvester,366.000000,-115.000000,Normal,None,,0,Normal,None,Unspecified,Unspecified,,"(Id="""")",None,None
467,467,Wedgefield,375.000000,-164.000000,Normal,None,,0,Normal,None,Unspecified,Unspecified,,"(Id="""")",None,None
468,468,Bremond,391.000000,59.000000,Normal,None,,0,Normal,None,Unspecified,Unspecified,,"(Id=""MWFactionAsset:MercenaryRow"")",None,None
469,469,Smolnik,-255.000000,112.000000,Normal,None,,0,Normal,None,Unspecified,Unspecified,,"(Id=""MWFactionAsset:RepairSystem_16"")",None,None
470,470,Trinidad,-229.000000,-174.000000,Normal,G,V,6,Normal,Zenith,Unspecified,H_1Plus,,"(Id=""MWFactionAsset:FWLCommercialHub"")",None,None
471,471,Keeling,-175.000000,-219.000000,Normal,None,,0,Normal,None,Unspecified,Unspecified,,"(Id=""MWFactionAsset:FWLCommercialHub"")",None,None
472,472,Harmony,-143.000000,-172.000000,Normal,G,V,8,Normal,Zenith,Unspecified,H_1Plus,,"(Id=""MWFactionAsset:RepairSystem_12"")",None,None
473,473,Muscida,-141.000000,-184.000000,Normal,None,,0,Normal,None,Unspecified,Unspecified,,"(Id=""MWFactionAsset:RepairSystem_12"")",None,None
474,474,Lamon,-133.000000,34.000000,Normal,None,,0,Normal,None,Unspecified,Unspecified,,"(Id="""")",None,None
475,475,Laurieston,-107.000000,94.000000,Normal,None,,0,Normal,None,Unspecified,Unspecified,,"(Id="""")",None,None
476,476,Abadan,-71.000000,-97.000000,Normal,None,,0,Normal,None,Unspecified,Unspecified,,"(Id="""")",None,None
477,477,Maestu,-36.000000,291.000000,Normal,None,,0,Normal,None,Unspecified,Unspecified,,"(Id=""MWFactionAsset:SteinerBorder"")",None,None
478,478,Boardwalk,-14.000000,-199.000000,Normal,None,,0,Normal,None,Unspecified,Unspecified,,"(Id=""MWFactionAsset:RepairSystem_10"")",None,None
479,479,Lothan,-10.000000,223.000000,Normal,None,,0,Normal,None,Unspecified,Unspecified,,"(Id=""MWFactionAsset:LowerClassWorlds"")",None,None
480,480,Ovan,31.000000,-208.000000,Normal,M,V,6,Normal,Zenith,Unspecified,H_1Plus,,"(Id=""MWFactionAsset:TsinghaiCommonality"")",None,None
481,481,Weekapaug,109.000000,-227.000000,Normal,None,,0,Normal,None,Unspecified,Unspecified,,"(Id="""")",None,None
482,482,Stein's Folly,161.000000,-202.000000,Normal,None,,0,Normal,None,Unspecified,Unspecified,,"(Id=""MWFactionAsset:StoryCluster2"")",None,None
483,483,Narellan,172.000000,-256.000000,Normal,None,,0,Normal,None,Unspecified,Unspecified,,"(Id=""MWFactionAsset:DavionBorder"")",None,None
484,484,Valmiera,191.000000,133.000000,Normal,None,,0,Normal,None,Unspecified,Unspecified,,"(Id="""")",None,None
485,485,Tripoli,201.000000,53.000000,Normal,None,,0,Normal,None,Unspecified,Unspecified,,"(Id="""")",None,None
486,486,Marlowe's Rift,237.000000,89.000000,Normal,None,,0,Normal,None,Unspecified,Unspecified,,"(Id=""MWFactionAsset:DavionKurita_1"")",None,None
487,487,Lima,238.000000,54.000000,Normal,None,,0,Normal,None,Unspecified,Unspecified,,"(Id=""MWFactionAsset:DavionKurita_1"")",None,None
488,488,Saunemin,248.000000,-57.000000,Normal,None,,0,Normal,None,Unspecified,Unspecified,,"(Id="""")",None,None
489,489,Hoff,266.000000,37.000000,Normal,G,III,4,Normal,None,Unspecified,H_1Plus,,"(Id="""")",None,None
490,490,Remagen,278.000000,-157.000000,Normal,None,,0,Normal,None,Unspecified,Unspecified,,"(Id=""MWFactionAsset:RepairSystem_20"")",None,None
491,491,Dnepropetrovsk,302.000000,170.000000,Normal,None,,0,Normal,None,Unspecified,Unspecified,,"(Id="""")",None,None
492,492,Fincastle,326.000000,-165.000000,Normal,None,,0,Normal,None,Unspecified,Unspecified,,"(Id="""")",None,None
493,493,Rowe,336.000000,48.000000,Normal,None,,0,Normal,None,Unspecified,Unspecified,,"(Id=""MWFactionAsset:RepairSystem_6"")",None,None
494,494,Gambier,385.000000,-61.000000,Normal,None,,0,Normal,None,Unspecified,Unspecified,,"(Id="""")",None,None
495,495,Norfolk,-224.000000,-181.000000,Normal,M,V,0,Normal,None,Unspecified,H_1Plus,,"(Id=""MWFactionAsset:FWLCommercialHub"")",None,None
496,496,Thermopolis,-217.000000,-59.000000,Normal,None,,0,Normal,None,Unspecified,Unspecified,,"(Id=""MWFactionAsset:SteinerMarikBorder"")",None,None
497,497,Arcadia,-188.000000,-8.000000,Normal,None,,0,Normal,None,Unspecified,Unspecified,,"(Id=""MWFactionAsset:SteinerMarikBorder"")",None,None
498,498,Odessa,-122.000000,187.000000,Normal,None,,0,Normal,None,Unspecified,Unspecified,,"(Id="""")",None,None
499,499,Avior,-118.000000,-165.000000,Normal,None,,0,Normal,None,Unspecified,Unspecified,,"(Id=""MWFactionAsset:RepairSystem_12"")",None,None
500,500,Elektrougli,-114.000000,-186.000000,Normal,None,,0,Normal,None,Unspecified,Unspecified,,"(Id=""MWFactionAsset:RepairSystem_12"")",/Game/Campaign/CampaignArcs/BorderChanges/_common/FactionBorderMeshes/SafezoneTempFolder/SafezoneCollision/Safezone_11_Blob.Safezone_11_Blob,/Game/Campaign/CampaignArcs/BorderChanges/_common/FactionBorderMeshes/SafezoneTempFolder/Safezone_11.Safezone_11
501,501,Garrison,-104.000000,182.000000,Normal,None,,0,Normal,None,Unspecified,Unspecified,,"(Id="""")",None,None
502,502,Carstairs,-78.000000,140.000000,Normal,None,,0,Normal,None,Unspecified,Unspecified,,"(Id=""MWFactionAsset:LyranStrongholds"")",None,None
503,503,Vanra,-49.000000,-165.000000,Normal,G,II,5,Normal,None,Unspecified,H_1Plus,,"(Id=""MWFactionAsset:MarikLiaoBorder"")",None,None
504,504,Bithinia,-19.000000,-180.000000,Normal,F,V,7,Normal,Zenith,Unspecified,H_1Plus,,"(Id="""")",None,None
505,505,Ventabren,3.000000,-124.000000,Normal,None,,0,Normal,None,Unspecified,Unspecified,,"(Id="""")",None,None
506,506,Dehgolan,5.000000,201.000000,Normal,None,,0,Normal,None,Unspecified,Unspecified,,"(Id="""")",None,None
507,507,Fukuroi,112.000000,135.000000,Normal,None,,0,Normal,None,Unspecified,Unspecified,,"(Id=""MWFactionAsset:RepairSystem_18"")",None,None
508,508,Valexa,115.000000,-88.000000,Normal,None,,0,Normal,None,Unspecified,Unspecified,,"(Id=""MWFactionAsset:A2M1_Cluster"")",None,None
509,509,Umijiri,125.000000,107.000000,Normal,None,,0,Normal,None,Unspecified,Unspecified,,"(Id="""")",None,None
510,510,Axton,128.000000,-114.000000,Normal,K,V,2,Normal,None,Unspecified,H_1Plus,,"(Id="""")",None,None
511,511,Breed,197.000000,40.000000,Normal,K,VII,7,Normal,None,Unspecified,H_1Plus,,"(Id="""")",None,None
512,512,DeWitt,260.000000,-22.000000,Normal,None,,0,Normal,None,Unspecified,Unspecified,,"(Id="""")",None,None
513,513,Misery,277.000000,86.000000,Normal,F,V,2,Normal,None,Unspecified,H_1Plus,,"(Id=""MWFactionAsset:DavionKurita_1"")",None,None
514,514,Beta Mensae,320.000000,130.000000,Normal,None,,0,Normal,None,Unspecified,Unspecified,,"(Id=""MWFactionAsset:RepairSystem_25"")",None,None
515,515,Nockatunga,-291.000000,-55.000000,Normal,None,,0,Normal,None,Unspecified,Unspecified,,"(Id=""MWFactionAsset:TamarindAbbey"")",None,None
516,516,Sierpc,-291.000000,44.000000,Normal,None,,0,Normal,None,Unspecified,Unspecified,,"(Id=""MWFactionAsset:TheJunkyard"")",None,None
517,517,Zortman,-214.000000,-78.000000,Normal,None,,0,Normal,None,Unspecified,Unspecified,,"(Id="""")",None,None
518,518,Gladius,-97.000000,72.000000,Normal,K,IV,3,Normal,None,Unspecified,H_1Plus,,"(Id=""MWFactionAsset:AgriculturalBelt"")",None,None
519,519,Emris,-90.000000,-151.000000,Normal,G,V,3,Normal,None,Unspecified,Unspecified,,"(Id="""")",None,None
520,520,Corridan,-37.500000,122.000000,Normal,G,V,4,Normal,None,Unspecified,H_1Plus,,"(Id="""")",None,None
521,521,Van Diemen,-33.000000,-42.000000,Normal,None,,0,Normal,None,Unspecified,H_1Plus,,"(Id="""")",None,None
522,522,Thun,-18.000000,262.000000,Normal,None,,0,Normal,None,Unspecified,Unspecified,,"(Id="""")",None,None
523,523,Housekarle,34.000000,-279.000000,Normal,G,V,6,Normal,Zenith,Unspecified,H_1Plus,,"(Id=""MWFactionAsset:SianCommonality"")",None,None
524,524,Aldertaine,45.000000,-193.000000,Normal,None,,0,Normal,None,Unspecified,Unspecified,,"(Id=""MWFactionAsset:TsinghaiCommonality"")",None,None
525,525,New Macao,79.000000,-122.000000,Normal,G,V,1,Normal,None,Unspecified,H_1Plus,,"(Id=""MWFactionAsset:A2M1_Cluster"")",None,None
526,526,Acala,135.000000,-125.000000,Normal,None,,0,Normal,None,Unspecified,Unspecified,,"(Id="""")",None,None
527,527,Farwell,142.000000,-80.000000,Normal,None,,0,Normal,None,Unspecified,Unspecified,,"(Id="""")",None,None
528,528,Galtor,196.000000,74.000000,Normal,F,V,8,Normal,None,Unspecified,H_1Plus,,"(Id=""MWFactionAsset:DavionKurita_1"")",None,None
529,529,Glenmora,288.000000,53.000000,Normal,G,V,2,Normal,None,Unspecified,H_1Plus,,"(Id="""")",None,None
530,530,Thestria,293.000000,81.000000,Normal,None,,0,Normal,None,Unspecified,Unspecified,,"(Id=""MWFactionAsset:DavionKurita_1"")",None,None
531,531,Barlow's End,307.000000,64.000000,Normal,None,,0,Normal,None,Unspecified,Unspecified,,"(Id=""MWFactionAsset:DavionKurita_1"")",None,None
532,532,Simferopol,310.000000,190.000000,Normal,None,,0,Normal,None,Unspecified,Unspecified,,"(Id="""")",None,None
533,533,Leamington,357.000000,-92.000000,Normal,None,,0,Normal,None,Unspecified,Unspecified,,"(Id="""")",None,None
534,534,Zvolen,-246.000000,49.000000,Normal,None,,0,Normal,None,Unspecified,Unspecified,,"(Id=""MWFactionAsset:TheJunkyard"")",None,None
535,535,Niihau,-240.000000,-81.000000,Normal,None,,0,Normal,None,Unspecified,Unspecified,,"(Id=""MWFactionAsset:TamarindAbbey"")",None,None
536,536,Krievci,-227.000000,229.000000,Normal,None,,0,Normal,None,Unspecified,Unspecified,,"(Id="""")",None,None
537,537,Eutin,-225.000000,151.000000,Normal,G,V,3,Normal,Zenith,Unspecified,H_1Plus,,"(Id=""MWFactionAsset:RepairSystem_22"")",None,None
538,538,Senftenberg,-211.000000,8.000000,Normal,None,,0,Normal,None,Unspecified,Unspecified,,"(Id="""")",None,None
539,539,Sterling,-193.000000,-71.000000,Normal,M,V,4,Normal,None,Unspecified,H_1Plus,,"(Id=""MWFactionAsset:StewartCommonality"")",None,None
540,540,Gienah,-185.000000,-13.000000,Normal,K,IV,0,Normal,None,Unspecified,H_1Plus,,"(Id=""MWFactionAsset:SteinerMarikBorder"")",None,None
541,541,Ciotat,-156.000000,75.000000,Normal,None,,0,Normal,None,Unspecified,Unspecified,,"(Id=""MWFactionAsset:RebeliousLyranTerritory"")",None,None
542,542,Helm,-135.000000,-59.000000,Normal,K,IV,4,Normal,None,Unspecified,H_1Plus,,"(Id=""MWFactionAsset:StewartCommonality"")",None,None
543,543,Lancaster (FWL),-117.000000,-89.000000,Normal,None,,0,Normal,None,Unspecified,Unspecified,,"(Id="""")",None,None
544,544,Ganshoren,-44.000000,159.000000,Normal,None,,0,Normal,None,Unspecified,Unspecified,,"(Id=""MWFactionAsset:LyranStrongholds"")",None,None
545,545,Komephoros,-34.000000,93.000000,Normal,F,VI,0,Normal,None,Unspecified,H_1Plus,,"(Id="""")",None,None
546,546,Phalan,-20.000000,135.000000,Normal,None,,0,Normal,None,Unspecified,Unspecified,,"(Id="""")",None,None
547,547,Old Kentucky,2.000000,-143.000000,Normal,G,V,3,Normal,None,Unspecified,H_1Plus,,"(Id="""")",None,None
548,548,Buckminster,18.000000,156.000000,Normal,A,III,9,Normal,None,Unspecified,H_1Plus,,"(Id=""MWFactionAsset:StoryCluster4"")",None,None
549,549,Vorarlberg,25.000000,306.000000,Normal,None,,0,Normal,None,Unspecified,Unspecified,,"(Id=""MWFactionAsset:RepairSystem_17"")",/Game/Campaign/CampaignArcs/BorderChanges/_common/FactionBorderMeshes/SafezoneTempFolder/SafezoneCollision/Safezone_17_Blob.Safezone_17_Blob,/Game/Campaign/CampaignArcs/BorderChanges/_common/FactionBorderMeshes/SafezoneTempFolder/Safezone_17.Safezone_17
550,550,Imalda,30.000000,-242.000000,Normal,None,,0,Normal,None,Unspecified,Unspecified,,"(Id=""MWFactionAsset:SianCommonality"")",None,None
551,551,Hexare,31.000000,-235.000000,Normal,None,,0,Normal,None,Unspecified,Unspecified,,"(Id="""")",None,None
552,552,Altais,37.000000,111.500000,Normal,F,IV,2,Normal,None,Unspecified,H_1Plus,,"(Id=""MWFactionAsset:RogueSystems"")",None,None
553,553,Toffen,42.000000,224.000000,Normal,None,,0,Normal,None,Unspecified,Unspecified,,"(Id="""")",None,None
554,554,Shinonoi,81.000000,54.000000,Normal,G,V,3,Normal,None,Unspecified,H_1Plus,,"(Id="""")",None,None
555,555,Chichibu,91.000000,76.000000,Normal,K,V,6,Normal,None,Unspecified,H_1Plus,,"(Id="""")",None,None
556,556,Tok Do,96.000000,181.000000,Normal,K,V,1,Normal,Zenith,Unspecified,H_1Plus,,"(Id="""")",None,None
557,557,Yamarovka,113.000000,277.000000,Normal,None,,0,Normal,None,Unspecified,Unspecified,,"(Id="""")",None,None
558,558,Ashkum,113.000000,-102.000000,Normal,None,,0,Normal,None,Unspecified,Unspecified,,"(Id=""MWFactionAsset:A2M1_Cluster"")",None,None
559,559,Ulan Batar,128.000000,-75.000000,Normal,None,,0,Normal,None,Unspecified,Unspecified,,"(Id=""MWFactionAsset:ShippingRoute"")",None,None
560,560,Fellanin,133.000000,33.000000,Normal,F,V,3,Normal,None,Unspecified,Unspecified,,"(Id="""")",None,None
561,561,Bicester,150.000000,230.000000,Normal,None,,0,Normal,None,Unspecified,Unspecified,,"(Id=""MWFactionAsset:RepairSystem_23"")",None,None
562,562,Donenac,202.000000,90.000000,Normal,None,,0,Normal,None,Unspecified,Unspecified,,"(Id=""MWFactionAsset:DavionKurita_1"")",None,None
563,563,Iijima,213.000000,198.000000,Normal,None,,0,Normal,None,Unspecified,Unspecified,,"(Id="""")",None,None
564,564,Harpster,215.000000,83.000000,Normal,None,,0,Normal,None,Unspecified,Unspecified,,"(Id=""MWFactionAsset:DavionKurita_1"")",None,None
565,565,Deshler,217.000000,75.000000,Normal,None,,0,Normal,None,Unspecified,Unspecified,,"(Id="""")",None,None
566,566,Blandinsville,230.000000,-33.000000,Normal,None,,0,Normal,None,Unspecified,Unspecified,,"(Id="""")",None,None
567,567,Sauk City,279.000000,-3.000000,Normal,None,,0,Normal,None,Unspecified,Unspecified,,"(Id=""MWFactionAsset:IndustrialMiningCompany"")",None,None
568,568,Ramona,332.000000,-39.000000,Normal,None,,0,Normal,None,Unspecified,Unspecified,,"(Id=""MWFactionAsset:InfernosWake"")",None,None
569,569,Westerstede,-209.000000,171.000000,Normal,None,,0,Normal,None,Unspecified,Unspecified,,"(Id=""MWFactionAsset:RepairSystem_22"")",None,None
570,570,Enkoping,-138.000000,104.000000,Normal,None,,0,Normal,None,Unspecified,Unspecified,,"(Id="""")",None,None
571,571,Tiber,-125.000000,-149.000000,Normal,G,V,5,Normal,None,Unspecified,H_1Plus,,"(Id="""")",None,None
572,572,Ariel,-117.000000,-99.000000,Normal,None,,0,Normal,None,Unspecified,Unspecified,,"(Id="""")",None,None
573,573,Campertown,-5.000000,-161.000000,Normal,None,,0,Normal,None,Unspecified,Unspecified,,"(Id="""")",None,None
574,574,Tsukude,20.000000,120.000000,Normal,F,IV,1,Normal,None,Unspecified,H_1Plus,,"(Id=""MWFactionAsset:RogueSystems"")",None,None
575,575,Maladar,110.000000,-250.000000,Normal,None,,0,Normal,None,Unspecified,Unspecified,,"(Id=""MWFactionAsset:DavionBorder"")",None,None
576,576,Tecumseh,140.000000,-106.000000,Normal,None,,0,Normal,None,Unspecified,Unspecified,,"(Id="""")",None,None
577,577,Loyalty,-229.000000,-146.000000,Normal,K,V,2,Normal,None,Unspecified,H_1Plus,,"(Id="""")",None,None
578,578,Bainsville,-143.000000,-84.000000,Normal,G,V,9,Normal,None,Unspecified,H_1Plus,,"(Id=""MWFactionAsset:StewartCommonality"")",None,None
579,579,Bedeque,-126.000000,-78.000000,Normal,None,,0,Normal,None,Unspecified,Unspecified,,"(Id=""MWFactionAsset:StewartCommonality"")",None,None
580,580,Veckholm,-117.000000,125.000000,Normal,None,,0,Normal,None,Unspecified,Unspecified,,"(Id=""MWFactionAsset:LyranStrongholds"")",None,None
581,581,Algorab,-116.000000,14.000000,Binary,A,VI,1,Normal,None,Unspecified,H_1Plus,,"(Id=""MWFactionAsset:RepairSystem_15"")",None,None
582,582,Angell,-99.000000,-85.000000,Normal,G,V,5,Normal,Zenith,Unspecified,H_2Plus,,"(Id="""")",None,None
583,583,Benfled,-74.000000,263.000000,Normal,None,,0,Normal,None,Unspecified,Unspecified,,"(Id=""MWFactionAsset:SteinerBorder"")",None,None
584,584,Ling,-44.000000,-122.000000,Normal,None,,0,Normal,None,Unspecified,Unspecified,,"(Id="""")",None,None
585,585,Propus,-13.000000,-185.000000,Normal,None,,0,Normal,None,Unspecified,Unspecified,,"(Id="""")",None,None
586,586,Vega,-4.000000,108.000000,Normal,A,V,0,Normal,None,Unspecified,H_1Plus,,"(Id="""")",None,None
587,587,Shimosuwa,46.000000,137.000000,Normal,None,,0,Normal,None,Unspecified,Unspecified,,"(Id=""MWFactionAsset:RogueSystems"")",None,None
588,588,Poznan,63.000000,-82.000000,Normal,G,III,6,Normal,None,Unspecified,H_1Plus,,"(Id="""")",None,None
589,589,Minakuchi,64.000000,118.000000,Normal,None,,0,Normal,None,Unspecified,Unspecified,,"(Id=""MWFactionAsset:RogueSystems"")",None,None
590,590,Menkib,76.000000,-130.000000,Normal,M,V,2,Normal,None,Unspecified,H_1Plus,,"(Id="""")",None,None
591,591,Uravan,76.000000,-266.000000,Normal,None,,0,Normal,None,Unspecified,Unspecified,,"(Id="""")",None,None
592,592,Otho,79.000000,178.000000,Normal,None,,0,Normal,None,Unspecified,Unspecified,,"(Id="""")",None,None
593,593,Capricorn,88.000000,-188.000000,Normal,None,,0,Normal,None,Unspecified,H_1Plus,,"(Id=""MWFactionAsset:RashpurOwensInc"")",None,None
594,594,Mersa Matruh,132.000000,170.000000,Normal,None,,0,Normal,None,Unspecified,Unspecified,,"(Id=""MWFactionAsset:RepairSystem_18"")",None,None
595,595,Johnsondale,162.000000,-23.000000,Normal,G,V,6,Normal,None,Unspecified,H_1Plus,,"(Id=""MWFactionAsset:KuritaDavion"")",None,None
596,596,Barlow's Folly,175.000000,67.000000,Normal,None,,0,Normal,None,Unspecified,Unspecified,,"(Id="""")",None,None
597,597,Leiston,176.000000,237.000000,Normal,None,,0,Normal,None,Unspecified,Unspecified,,"(Id="""")",None,None
598,598,Irurzun,189.000000,98.000000,Normal,G,V,4,Normal,None,Unspecified,H_1Plus,,"(Id="""")",None,None
599,599,Hun Ho,252.000000,138.000000,Normal,F,V,5,Normal,None,Unspecified,H_1Plus,,"(Id="""")",None,None
600,600,Alkes,-116.500000,-30.000000,Normal,None,,0,Normal,None,Unspecified,Unspecified,,"(Id="""")",None,None
601,601,New Hope,-112.500000,-34.500000,Normal,None,,0,Normal,None,Unspecified,Unspecified,,"(Id=""MWFactionAsset:RepairSystem_27"")",None,None
602,602,Tania Borealis,-108.000000,-53.000000,Normal,None,,0,Normal,None,Unspecified,Unspecified,,"(Id="""")",None,None
603,603,Semenyih,-75.000000,-163.000000,Normal,None,,0,Normal,None,Unspecified,Unspecified,,"(Id=""MWFactionAsset:MarikLiaoBorder"")",None,None
604,604,Castrovia,14.000000,-255.000000,Normal,None,,0,Normal,None,Unspecified,Unspecified,,"(Id=""MWFactionAsset:SianCommonality"")",None,None
605,605,New Oslo,15.000000,389.000000,Normal,A,V,9,Normal,None,Unspecified,H_1Plus,,"(Id="""")",None,None
606,606,Cordiagr,25.000000,-193.000000,Normal,None,,0,Normal,None,Unspecified,Unspecified,,"(Id="""")",None,None
607,607,Homestead,58.000000,-286.000000,Normal,None,,0,Normal,None,Unspecified,Unspecified,,"(Id="""")",None,None
608,608,Moravian,110.000000,-133.000000,Normal,None,,0,Normal,None,Unspecified,Unspecified,,"(Id=""MWFactionAsset:A2M1_Cluster"")",None,None
609,609,Silkeborg,182.000000,187.500000,Normal,None,,0,Normal,None,Unspecified,Unspecified,,"(Id="""")",None,None
610,610,Beecher,185.000000,-51.000000,Normal,None,,0,Normal,None,Unspecified,Unspecified,,"(Id=""MWFactionAsset:ShippingRoute"")",None,None
611,611,Brusett,248.000000,-331.000000,Normal,None,,0,Normal,None,Unspecified,Unspecified,,"(Id=""MWFactionAsset:TaurianCorridor"")",None,None
612,612,Elidere,282.000000,77.000000,Normal,F,V,3,Normal,None,Unspecified,Unspecified,,"(Id=""MWFactionAsset:DavionKurita_1"")",None,None
613,613,Tarkio,320.000000,0.000000,Normal,None,,0,Normal,None,Unspecified,Unspecified,,"(Id=""MWFactionAsset:InfernosWake"")",None,None
614,614,Covington,363.000000,-151.000000,Normal,None,,0,Normal,None,Unspecified,Unspecified,,"(Id="""")",None,None
615,615,Alterf,-206.000000,-156.000000,Normal,None,,0,Normal,None,Unspecified,Unspecified,,"(Id=""MWFactionAsset:RepairSystem_21"")",None,None
616,616,Kandersteg,-122.000000,230.000000,Normal,None,,0,Normal,None,Unspecified,Unspecified,,"(Id="""")",None,None
617,617,Salur,-81.000000,-197.000000,Normal,None,,0,Normal,None,Unspecified,Unspecified,,"(Id=""MWFactionAsset:MarikLiaoBorder"")",None,None
618,618,Itabaiana,128.000000,310.000000,Normal,G,V,8,Normal,None,Unspecified,H_1Plus,,"(Id=""MWFactionAsset:KuritanBadlands"")",None,None
619,619,Osmus Saar,151.000000,175.000000,Normal,None,,0,Normal,None,Unspecified,Unspecified,,"(Id="""")",None,None
620,620,Avawatz,166.000000,-30.000000,Normal,None,,0,Normal,None,Unspecified,Unspecified,,"(Id="""")",None,None
621,621,Faleolo,-190.000000,-202.000000,Normal,None,,0,Normal,None,Unspecified,Unspecified,,"(Id=""MWFactionAsset:FWLCommercialHub"")",None,None
622,622,New Westin,39.000000,-244.000000,Normal,None,,0,Normal,None,Unspecified,Unspecified,,"(Id=""MWFactionAsset:SianCommonality"")",None,None
623,623,Bastian,300.000000,-161.000000,Normal,None,,0,Normal,None,Unspecified,Unspecified,,"(Id=""MWFactionAsset:RepairSystem_20"")",None,None
624,624,Home,-281.000000,-165.000000,Normal,None,,0,Normal,None,Unspecified,Unspecified,,"(Id="""")",None,None
625,625,Sargasso,-219.000000,271.000000,Normal,None,,0,Normal,None,Unspecified,Unspecified,,"(Id="""")",None,None
626,626,Altorra,-3.000000,-266.000000,Normal,G,V,3,Normal,None,Unspecified,H_1Plus,,"(Id="""")",None,None
627,627,Spica,93.000000,-240.000000,Normal,None,,0,Normal,None,Unspecified,Unspecified,,"(Id=""MWFactionAsset:DavionBorder"")",None,None
628,628,Petrolia,311.000000,-71.000000,Normal,None,,0,Normal,None,Unspecified,Unspecified,,"(Id="""")",None,None
629,629,Tomans,-51.000000,224.000000,Normal,None,,0,Normal,None,Unspecified,Unspecified,,"(Id=""MWFactionAsset:SteinerBorder"")",None,None
630,630,Alula Borealis,-261.000000,-54.500000,Normal,None,,0,Normal,None,Unspecified,Unspecified,,"(Id=""MWFactionAsset:TamarindAbbey"")",None,None
631,631,Megrez,-213.000000,-42.000000,Normal,None,,0,Normal,None,Unspecified,Unspecified,,"(Id=""MWFactionAsset:SteinerMarikBorder"")",None,None
632,632,Loeches,-75.000000,-203.000000,Normal,None,,0,Normal,None,Unspecified,Unspecified,,"(Id=""MWFactionAsset:MarikLiaoBorder"")",None,None
633,633,Allerton,266.000000,7.000000,Normal,None,,0,Normal,None,Unspecified,Unspecified,,"(Id=""MWFactionAsset:IndustrialMiningCompany"")",None,None
634,634,Galax,286.000000,-126.000000,Normal,F,III,5,Normal,None,Unspecified,H_1Plus,,"(Id=""MWFactionAsset:RepairSystem_20"")",None,None
635,635,Wetumpka,532.000000,-166.000000,Normal,None,,0,Normal,None,Unspecified,Unspecified,,"(Id="""")",None,None
636,636,Daniels,126.000000,-198.000000,Normal,None,,0,Normal,None,Unspecified,Unspecified,,"(Id=""MWFactionAsset:RashpurOwensInc"")",None,None
637,637,Peacock,138.000000,186.000000,Normal,None,,0,Normal,None,Unspecified,Unspecified,,"(Id="""")",None,None
638,638,Sverdlovsk,344.000000,186.000000,Normal,None,,0,Normal,None,Unspecified,Unspecified,,"(Id="""")",None,None
639,639,Merak,-120.000000,-63.000000,Normal,None,,0,Normal,None,Unspecified,Unspecified,,"(Id=""MWFactionAsset:StewartCommonality"")",None,None
640,640,Vipaava,62.000000,374.000000,Normal,None,,0,Normal,None,Unspecified,Unspecified,,"(Id=""MWFactionAsset:DroughtWorlds"")",None,None
641,641,Manapire,83.000000,-295.000000,Normal,None,,0,Normal,None,Unspecified,Unspecified,,"(Id="""")",None,None
642,642,Kakada,-293.000000,-126.000000,Normal,None,,0,Normal,None,Unspecified,Unspecified,,"(Id="""")",None,None
643,643,Trellisane,-252.500000,-56.500000,Normal,G,III,7,Normal,None,Unspecified,H_1Plus,,"(Id=""MWFactionAsset:TamarindAbbey"")",None,None
644,644,Ngake,-175.000000,-200.000000,Normal,None,,0,Normal,None,Unspecified,Unspecified,,"(Id=""MWFactionAsset:FWLCommercialHub"")",None,None
645,645,New Aragon,70.000000,-89.000000,Normal,K,V,2,Normal,None,Unspecified,H_1Plus,,"(Id="""")",None,None
646,646,Capac,313.000000,-57.000000,Normal,None,,0,Normal,None,Unspecified,Unspecified,,"(Id="""")",None,None
647,647,Gulkana,357.000000,-179.000000,Normal,A,V,5,Normal,None,Unspecified,H_1Plus,,"(Id="""")",None,None
648,648,Hongqiao,-229.000000,-235.000000,Normal,None,,0,Normal,None,Unspecified,Unspecified,,"(Id=""MWFactionAsset:FWLCommercialHub"")",None,None
649,649,Porrima,-115.000000,140.000000,Normal,K,V,3,Normal,None,Unspecified,H_1Plus,,"(Id=""MWFactionAsset:LyranStrongholds"")",None,None
650,650,Avigait,154.000000,-277.000000,Normal,None,,0,Normal,None,Unspecified,Unspecified,,"(Id=""MWFactionAsset:DavionBorder"")",/Game/Campaign/CampaignArcs/Regions/8_2/8_2.8_2,None
651,651,Huron,318.000000,-73.000000,Normal,None,,0,Normal,None,Unspecified,Unspecified,,"(Id="""")",None,None
652,652,Diass,-173.000000,-259.000000,Normal,None,,0,Normal,None,Unspecified,Unspecified,,"(Id=""MWFactionAsset:FWLInterior"")",None,None
653,653,Matheran,-66.000000,-172.000000,Normal,None,,0,Normal,None,Unspecified,Unspecified,,"(Id=""MWFactionAsset:MarikLiaoBorder"")",None,None
654,654,Asgard,128.000000,268.000000,Normal,K,VI,8,Normal,None,Unspecified,H_1Plus,,"(Id="""")",None,None
655,655,Corella,143.000000,-253.000000,Normal,None,,0,Normal,None,Unspecified,Unspecified,,"(Id=""MWFactionAsset:DavionBorder"")",None,None
656,656,Kamenz,-314.000000,-4.000000,Normal,None,,0,Normal,None,Unspecified,Unspecified,,"(Id=""MWFactionAsset:TheJunkyard"")",None,None
657,657,Cavanaugh,-310.000000,-53.000000,Normal,M,II,9,Normal,None,Unspecified,Unspecified,,"(Id=""MWFactionAsset:TheJunkyard"")",None,None
658,658,Mackenzie,-278.000000,-210.000000,Normal,M,VI,0,Normal,None,Unspecified,H_1Plus,,"(Id="""")",None,None
659,659,Mualang,97.000000,268.000000,Normal,None,,0,Normal,None,Unspecified,Unspecified,,"(Id="""")",None,None
660,660,Okains,243.000000,-271.000000,Normal,None,,0,Normal,None,Unspecified,Unspecified,,"(Id="""")",None,None
661,661,Acamar,40.000000,-39.000000,Normal,G,II,2,Normal,None,Unspecified,H_1Plus,,"(Id="""")",None,None
662,662,Sorunda,-66.000000,-124.000000,Normal,M,V,3,Normal,None,Unspecified,H_1Plus,,"(Id="""")",None,None
663,663,Iknogoro,-51.000000,-250.000000,Normal,None,,0,Normal,None,Unspecified,Unspecified,,"(Id="""")",None,None
664,664,Biota,-45.000000,274.000000,Normal,None,,0,Normal,None,Unspecified,Unspecified,,"(Id=""MWFactionAsset:SteinerBorder"")",None,None
665,665,Nizina,312.000000,-230.000000,Normal,None,,0,Normal,None,Unspecified,Unspecified,,"(Id="""")",None,None
666,666,Loongana,-297.000000,-110.000000,Normal,G,V,0,Normal,None,Unspecified,H_1Plus,,"(Id=""MWFactionAsset:FWLShippingRoute"")",None,None
667,667,Rexburg,-201.000000,-70.000000,Normal,None,,0,Normal,None,Unspecified,Unspecified,,"(Id="""")",None,None
668,668,Milnerton,-86.000000,-234.000000,Normal,None,,0,Normal,None,Unspecified,Unspecified,,"(Id=""MWFactionAsset:MarikLiaoBorder"")",None,None
669,669,Purvo,60.000000,-261.000000,Normal,None,,0,Normal,None,Unspecified,Unspecified,,"(Id="""")",None,None
670,670,Anaheim,302.000000,-314.000000,Normal,None,,0,Normal,None,Unspecified,Unspecified,,"(Id="""")",None,None
671,671,Wilkes,-214.000000,-276.000000,Normal,None,,0,Normal,None,Unspecified,Unspecified,,"(Id="""")",None,None
672,672,Apollo,-131.000000,436.000000,Normal,None,,0,Normal,None,Unspecified,Unspecified,,"(Id=""MWFactionAsset:PirateCluster"")",None,None
673,673,Galatea,-54.000000,34.000000,Normal,F,II,8,Normal,None,Unspecified,H_1Plus,,"(Id=""MWFactionAsset:AgriculturalBelt"")",None,None
674,674,Anegasaki,-50.000000,-219.000000,Normal,None,,0,Normal,None,Unspecified,Unspecified,,"(Id=""MWFactionAsset:MarikLiaoBorder"")",None,None
675,675,Andurien,-42.000000,-318.000000,Normal,G,V,0,Normal,None,Unspecified,H_1Plus,,"(Id=""MWFactionAsset:DutchyOfAndurien"")",None,None
676,676,Antietam,334.000000,-138.000000,Normal,None,,0,Normal,None,Unspecified,Unspecified,,"(Id=""MWFactionAsset:RepairSystem_20"")",None,None
677,677,Ardoz,47.000000,248.000000,Normal,None,,0,Normal,None,Unspecified,Unspecified,,"(Id=""MWFactionAsset:LowerClassWorlds"")",None,None
678,678,Alrescha,85.000000,-50.000000,Normal,A,V,3,Normal,None,Unspecified,H_1Plus,,"(Id="""")",None,None
679,679,Alcyone,131.500000,-199.500000,Normal,None,,0,Normal,None,Unspecified,Unspecified,,"(Id="""")",None,None
680,680,Dahar,282.000000,20.000000,Normal,M,V,8,Normal,None,Unspecified,Unspecified,,"(Id=""MWFactionAsset:IndustrialMiningCompany"")",None,None
681,681,Chilung,-125.000000,-249.000000,Normal,None,,0,Normal,None,Unspecified,Unspecified,,"(Id="""")",None,None
682,682,Redfield,141.000000,-215.000000,Normal,K,IV,5,Normal,None,Unspecified,H_1Plus,,"(Id="""")",None,None
683,683,Taurus,191.500000,-391.500000,Normal,G,V,3,Normal,None,Unspecified,H_1Plus,,"(Id=""MWFactionAsset:TaurianCorridor"")",None,None
684,684,Noatak,334.000000,-216.000000,Normal,None,,0,Normal,None,Unspecified,Unspecified,,"(Id="""")",None,None
685,685,Kutludugun,-334.000000,-192.000000,Normal,None,,0,Normal,None,Unspecified,Unspecified,,"(Id=""MWFactionAsset:RepairSystem_14"")",None,None
686,686,Biuque,-225.000000,247.000000,Normal,None,,0,Normal,None,Unspecified,Unspecified,,"(Id="""")",None,None
687,687,Crimond,-69.000000,233.000000,Normal,F,II,8,Normal,None,Unspecified,H_1Plus,,"(Id=""MWFactionAsset:SteinerBorder"")",None,None
688,688,Calseraigne,-8.000000,-371.000000,Normal,None,,0,Normal,None,Unspecified,Unspecified,,"(Id="""")",None,None
689,689,Angol,89.000000,-39.000000,Normal,M,VI,0,Normal,None,Unspecified,H_1Plus,,"(Id=""MWFactionAsset:DavionBorderlands"")",None,None
690,690,Skandia,23.000000,254.000000,Normal,G,V,6,Normal,Zenith,Unspecified,H_1Plus,,"(Id="""")",None,None
691,691,Molokai,-258.000000,-196.000000,Normal,None,,0,Normal,None,Unspecified,Unspecified,,"(Id="""")",None,None
692,692,Gallatin,-162.000000,-75.000000,Normal,None,,0,Normal,None,Unspecified,Unspecified,,"(Id=""MWFactionAsset:StewartCommonality"")",None,None
693,693,Sophie's World,-103.000000,-133.000000,Normal,None,,0,Normal,None,Unspecified,Unspecified,,"(Id="""")",None,None
694,694,Notwina,297.000000,-196.000000,Normal,None,,0,Normal,None,Unspecified,Unspecified,,"(Id="""")",None,None
695,695,Sanda,325.000000,196.000000,Normal,None,,0,Normal,None,Unspecified,Unspecified,,"(Id="""")",None,None
696,696,Clipperton,-251.000000,-206.000000,Normal,M,V,1,Normal,None,Unspecified,H_1Plus,,"(Id=""MWFactionAsset:DavionBorderlands"")",None,None
697,697,Rasalhague,40.000000,393.000000,Normal,K,V,4,Normal,None,Unspecified,H_1Plus,,"(Id=""MWFactionAsset:DropshipGraveyard"")",None,None
698,698,Taga,90.000000,-209.000000,Normal,None,,0,Normal,None,Unspecified,Unspecified,,"(Id="""")",None,None
699,699,Havdhem,187.000000,185.500000,Normal,None,,0,Normal,None,Unspecified,Unspecified,,"(Id="""")",None,None
700,700,Ingenstrem,320.000000,-227.000000,Normal,None,,0,Normal,None,Unspecified,Unspecified,,"(Id="""")",None,None
701,701,Barlaston,-125.000000,-269.000000,Normal,None,,0,Normal,None,Unspecified,Unspecified,,"(Id=""MWFactionAsset:FWLInterior"")",None,None
702,702,Pilkhua,34.000000,208.000000,Normal,None,,0,Normal,None,Unspecified,Unspecified,,"(Id=""MWFactionAsset:LowerClassWorlds"")",None,None
703,703,El Dorado,269.000000,-146.000000,Normal,G,V,0,Normal,None,Unspecified,H_1Plus,,"(Id=""MWFactionAsset:RepairSystem_20"")",None,None
704,704,Jiddah,-282.000000,-238.000000,Normal,None,,0,Normal,None,Unspecified,Unspecified,,"(Id="""")",None,None
705,705,Shiro,-28.000000,-295.000000,Normal,F,V,5,Normal,None,Unspecified,H_1Plus,,"(Id="""")",None,None
706,706,Tamar,-16.000000,318.000000,Normal,G,V,6,Normal,None,Unspecified,H_1Plus,,"(Id="""")",None,None
707,707,New Rhodes,103.000000,-16.000000,Normal,M,V,9,Normal,None,Unspecified,H_1Plus,,"(Id="""")",None,None
708,708,Aconcagua,-277.000000,-191.000000,Normal,None,,0,Normal,None,Unspecified,Unspecified,,"(Id="""")",None,None
709,709,Ashburton,-266.000000,-141.000000,Normal,None,,0,Normal,None,Unspecified,Unspecified,,"(Id="""")",None,None
710,710,Utrecht,24.000000,238.000000,Normal,None,,0,Normal,None,Unspecified,Unspecified,,"(Id=""MWFactionAsset:LowerClassWorlds"")",None,None
711,711,Braunton,130.000000,239.000000,Normal,None,,0,Normal,None,Unspecified,Unspecified,,"(Id=""MWFactionAsset:RepairSystem_23"")",None,None
712,712,Eromanga,-286.000000,-119.000000,Normal,None,,0,Normal,None,Unspecified,Unspecified,,"(Id="""")",None,None
713,713,Clinton,-167.000000,54.000000,Normal,None,,0,Normal,None,Unspecified,Unspecified,,"(Id=""MWFactionAsset:RebeliousLyranTerritory"")",/Game/Campaign/CampaignArcs/Regions/11_2/11_2.11_2,None
714,714,Xinyang,114.000000,227.000000,Normal,F,V,0,Normal,None,Unspecified,H_1Plus,,"(Id="""")",None,None
715,715,Kaiyuh,365.000000,-220.000000,Normal,None,,0,Normal,None,Unspecified,Unspecified,,"(Id="""")",None,None
716,716,Colfax,-235.000000,-50.000000,Normal,None,,0,Normal,None,Unspecified,Unspecified,,"(Id=""MWFactionAsset:SteinerMarikBorder"")",None,None
717,717,Guangzho,-111.000000,-288.000000,Normal,None,,0,Normal,None,Unspecified,Unspecified,,"(Id="""")",None,None
718,718,New Bergen,20.000000,406.000000,Normal,None,,0,Normal,None,Unspecified,Unspecified,,"(Id=""MWFactionAsset:DropshipGraveyard"")",None,None
719,719,Keihoku,310.000000,214.000000,Normal,None,,0,Normal,None,Unspecified,Unspecified,,"(Id="""")",None,None
720,720,Shasta,-220.000000,-104.000000,Normal,None,,0,Normal,None,Unspecified,Unspecified,,"(Id=""MWFactionAsset:RepairSystem_13"")",None,None
721,721,Calpaca,-20.000000,-217.000000,Normal,None,,0,Normal,None,Unspecified,Unspecified,,"(Id="""")",None,None
722,722,Maule,32.000000,247.000000,Normal,None,,0,Normal,None,Unspecified,Unspecified,,"(Id=""MWFactionAsset:LowerClassWorlds"")",None,None
723,723,Holmsbu,58.000000,446.000000,Normal,None,,0,Normal,None,Unspecified,Unspecified,,"(Id=""MWFactionAsset:DropshipGraveyard"")",None,None
724,724,Menke,91.000000,-334.000000,Normal,G,V,9,Normal,None,Unspecified,H_1Plus,,"(Id="""")",None,None
725,725,Cotocallao,146.000000,-302.000000,Normal,None,,0,Normal,None,Unspecified,Unspecified,,"(Id=""MWFactionAsset:DavionBorder"")",None,None
726,726,Verde,353.000000,13.000000,Normal,None,,0,Normal,None,Unspecified,Unspecified,,"(Id=""MWFactionAsset:InfernosWake"")",None,None
727,727,Rzhishchev,-297.000000,-224.000000,Normal,None,,0,Normal,None,Unspecified,Unspecified,,"(Id="""")",None,None
728,728,Suk,-29.000000,258.000000,Normal,G,V,5,Normal,None,C_4,H_1Plus,,"(Id=""MWFactionAsset:SteinerBorder"")",None,None
729,729,Kasdach,21.000000,-316.000000,Normal,None,,0,Normal,None,Unspecified,Unspecified,,"(Id=""MWFactionAsset:RepairSystem_11"")",None,None
730,730,Islamabad,324.000000,-256.000000,Normal,None,,0,Normal,None,Unspecified,Unspecified,,"(Id="""")",None,None
731,731,Duran,-265.000000,146.000000,Normal,G,V,4,Normal,None,Unspecified,H_1Plus,,"(Id="""")",None,None
732,732,Hindmarsh,-197.000000,-274.000000,Normal,None,,0,Normal,None,Unspecified,Unspecified,,"(Id="""")",None,None
733,733,Ayn Tarma,-174.000000,-305.000000,Normal,None,,0,Normal,None,Unspecified,Unspecified,,"(Id=""MWFactionAsset:FWLInterior"")",None,None
734,734,Nihal,44.000000,-313.000000,Normal,None,,0,Normal,None,Unspecified,Unspecified,,"(Id=""MWFactionAsset:SianCommonality"")",None,None
735,735,Chebanse,227.000000,-104.000000,Normal,None,,0,Normal,None,Unspecified,Unspecified,,"(Id="""")",None,None
736,736,New Syrtis,233.000000,-299.000000,Normal,K,IV,5,Normal,None,Unspecified,H_1Plus,,"(Id="""")",None,None
737,737,Nullarbor,-160.000000,-252.000000,Normal,None,,0,Normal,None,Unspecified,Unspecified,,"(Id=""MWFactionAsset:FWLInterior"")",None,None
738,738,Westerhand,-5.000000,-278.000000,Normal,G,V,3,Normal,Zenith,Unspecified,H_1Plus,,"(Id="""")",None,None
739,739,Chagos,-266.000000,-228.000000,Normal,None,,0,Normal,None,Unspecified,Unspecified,,"(Id="""")",None,None
740,740,Donegal,-184.000000,161.000000,Normal,F,V,0,Normal,None,Unspecified,H_1Plus,,"(Id=""MWFactionAsset:RepairSystem_22"")",None,None
741,741,Cameron (FWL),-159.000000,-198.000000,Normal,None,,0,Normal,None,Unspecified,Unspecified,,"(Id="""")",None,None
742,742,Grumium,-5.000000,188.000000,Normal,None,,0,Normal,None,Unspecified,Unspecified,,"(Id=""MWFactionAsset:StoryCluster4"")",/Game/Campaign/CampaignArcs/Regions/StoryCluster_04/StoryCluster_4_STM.StoryCluster_4_STM,None
743,743,Tanh Linh,91.000000,234.000000,Normal,None,,0,Normal,None,Unspecified,Unspecified,,"(Id="""")",None,None
744,744,Alsek,318.000000,-240.000000,Normal,None,,0,Normal,None,Unspecified,Unspecified,,"(Id="""")",None,None
745,745,Willowick,331.000000,-75.000000,Normal,None,,0,Normal,None,Unspecified,Unspecified,,"(Id="""")",None,None
746,746,Simpson Desert,-274.000000,-100.000000,Normal,G,V,9,Normal,None,Unspecified,H_1Plus,,"(Id="""")",None,None
747,747,Pella,-31.000000,-229.000000,Normal,None,,0,Normal,None,Unspecified,Unspecified,,"(Id="""")",None,None
748,748,New Samarkand,362.000000,251.000000,Normal,F,IV,0,Normal,None,Unspecified,H_1Plus,,"(Id=""MWFactionAsset:RepairSystem_30"")",None,None
749,749,Danais,-149.000000,-41.000000,Normal,None,,0,Normal,None,Unspecified,Unspecified,,"(Id=""MWFactionAsset:StewartCommonality"")",None,None
750,750,Kanata,-97.000000,-310.000000,Normal,None,,0,Normal,None,Unspecified,Unspecified,,"(Id=""MWFactionAsset:DutchyOfAndurien"")",None,None
751,751,Cusset,-50.000000,286.000000,Normal,None,,0,Normal,None,Unspecified,Unspecified,,"(Id=""MWFactionAsset:SteinerBorder"")",None,None
752,752,Paradise,-242.000000,-127.000000,Normal,G,V,7,Normal,None,Unspecified,H_1Plus,,"(Id="""")",None,None
753,753,Fujidera,-77.000000,-227.000000,Normal,None,,0,Normal,None,Unspecified,Unspecified,,"(Id=""MWFactionAsset:MarikLiaoBorder"")",None,None
754,754,Benjamin,125.000000,136.000000,Normal,M,V,1,Normal,None,Unspecified,H_1Plus,,"(Id=""MWFactionAsset:RepairSystem_18"")",None,None
755,755,Dyfed,127.000000,216.000000,Normal,None,,0,Normal,None,Unspecified,Unspecified,,"(Id="""")",None,None
756,756,Jaipur,177.000000,-283.000000,Normal,F,V,1,Normal,None,Unspecified,H_1Plus,,"(Id=""MWFactionAsset:DavionBorder"")",None,None
757,757,Zebebelgenubi,-53.000000,47.500000,Normal,A,IV,3,Normal,None,Unspecified,H_1Plus,,"(Id=""MWFactionAsset:AgriculturalBelt"")",None,None
758,758,Raphael,47.000000,-318.000000,Normal,None,,0,Normal,None,Unspecified,Unspecified,,"(Id="""")",None,None
759,759,Trondheim,73.000000,409.000000,Normal,G,V,5,Normal,None,Unspecified,H_1Plus,,"(Id="""")",None,None
760,760,Port Arthur,133.000000,257.000000,Normal,G,V,8,Normal,None,Unspecified,H_1Plus,,"(Id=""MWFactionAsset:RepairSystem_23"")",None,None
761,761,Colorado,347.000000,-201.000000,Normal,K,V,4,Normal,None,Unspecified,H_1Plus,,"(Id="""")",None,None
762,762,Ipswich,-49.000000,-235.000000,Normal,None,,0,Normal,None,Unspecified,Unspecified,,"(Id="""")",None,None
763,763,Tapachula,-263.000000,-214.000000,Normal,None,,0,Normal,None,Unspecified,Unspecified,,"(Id="""")",None,None
764,764,Tania Australis,-142.000000,-65.000000,Normal,None,,0,Normal,None,Unspecified,Unspecified,,"(Id=""MWFactionAsset:StewartCommonality"")",/Game/Campaign/CampaignArcs/Regions/11_1/11_1.11_1,None
765,765,Calloway,-59.000000,-201.000000,Normal,F,V,5,Normal,Zenith,Unspecified,Unspecified,,"(Id=""MWFactionAsset:MarikLiaoBorder"")",/Game/Campaign/CampaignArcs/Regions/9_1/9_1.9_1,None
766,766,Babuyan,89.000000,225.000000,Normal,None,,0,Normal,None,Unspecified,Unspecified,,"(Id="""")",None,None
767,767,Numenor,286.000000,-108.000000,Normal,None,,0,Normal,None,Unspecified,Unspecified,,"(Id=""MWFactionAsset:RepairSystem_20"")",None,None
768,768,Chalouba,-280.000000,-143.000000,Normal,None,,0,Normal,None,Unspecified,Unspecified,,"(Id="""")",None,None
769,769,Philadelphia,193.000000,211.000000,Normal,None,,0,Normal,None,Unspecified,Unspecified,,"(Id="""")",None,None
770,770,Minderoo,-258.000000,156.000000,Normal,None,,0,Normal,None,Unspecified,Unspecified,,"(Id="""")",None,None
771,771,Delavan,272.000000,-96.000000,Normal,None,,0,Normal,None,Unspecified,Unspecified,,"(Id=""MWFactionAsset:RepairSystem_20"")",None,None
772,772,Richvale,-278.000000,177.000000,Normal,F,V,7,Normal,None,Unspecified,H_1Plus,,"(Id="""")",None,None
773,773,Isabela,-273.000000,-244.000000,Normal,None,,0,Normal,None,Unspecified,Unspecified,,"(Id="""")",None,None
774,774,Palladaine,-3.000000,-290.000000,Normal,None,,0,Normal,None,Unspecified,Unspecified,,"(Id="""")",None,None
775,775,Nox,13.000000,242.000000,Normal,K,V,2,Normal,Zenith,Unspecified,H_1Plus,,"(Id=""MWFactionAsset:LowerClassWorlds"")",None,None
776,776,Luthien,169.000000,253.000000,Normal,G,III,0,Normal,None,Unspecified,H_1Plus,,"(Id=""MWFactionAsset:RepairSystem_23"")",/Game/Campaign/CampaignArcs/BorderChanges/_common/FactionBorderMeshes/SafezoneTempFolder/SafezoneSection2/SafezoneCollision/Safezone4_Collision.Safezone4_Collision,/Game/Campaign/CampaignArcs/BorderChanges/_common/FactionBorderMeshes/SafezoneTempFolder/SafezoneSection2/Safezone4.Safezone4
777,777,Maldonado,214.000000,324.000000,Normal,None,,0,Normal,None,Unspecified,Unspecified,,"(Id=""MWFactionAsset:KuritanBadlands"")",None,None
778,778,Unity,227.000000,290.000000,Normal,F,V,1,Normal,None,Unspecified,H_1Plus,,"(Id=""MWFactionAsset:KuritanBadlands"")",None,None
779,779,Pobeda,-247.000000,191.000000,Normal,None,,0,Normal,None,Unspecified,Unspecified,,"(Id="""")",None,None
780,780,Cirebon,-148.000000,-265.000000,Normal,None,,0,Normal,None,Unspecified,Unspecified,,"(Id=""MWFactionAsset:FWLInterior"")",None,None
781,781,Hiratsuka,-261.000000,-255.000000,Normal,None,,0,Normal,None,Unspecified,Unspecified,,"(Id="""")",None,None
782,782,Lengkong,-241.000000,-261.000000,Normal,None,,0,Normal,None,Unspecified,Unspecified,,"(Id="""")",None,None
783,783,Ionus,-185.000000,-154.000000,Normal,K,V,6,Normal,Zenith,Unspecified,H_1Plus,,"(Id=""MWFactionAsset:RepairSystem_21"")",None,None
784,784,Bellatrix,55.000000,-355.000000,Normal,None,,0,Normal,None,Unspecified,Unspecified,,"(Id="""")",None,None
785,785,Thule,94.000000,459.000000,Normal,A,V,8,Normal,Zenith,Unspecified,H_1Plus,,"(Id="""")",None,None
786,786,Wernke,250.000000,-233.000000,Normal,G,V,0,Normal,None,Unspecified,H_2Plus,,"(Id="""")",None,None
787,787,Delphos,322.000000,-52.000000,Normal,None,,0,Normal,None,Unspecified,Unspecified,,"(Id="""")",None,None
788,788,Chirala,389.000000,243.000000,Normal,None,,0,Normal,None,Unspecified,Unspecified,,"(Id=""MWFactionAsset:RepairSystem_30"")",/Game/Campaign/CampaignArcs/Regions/EndgameClusters/30_Collision.30_Collision,/Game/Campaign/CampaignArcs/Regions/EndgameClusters/Safezone_30.Safezone_30
789,789,Ulysses,417.000000,-18.000000,Normal,None,,0,Normal,None,Unspecified,Unspecified,,"(Id=""MWFactionAsset:RepairSystem_2"")",None,None
790,790,Gannett,-167.000000,-61.000000,Normal,None,,0,Normal,None,Unspecified,Unspecified,,"(Id="""")",None,None
791,791,Karbala,-24.000000,198.000000,Normal,None,,0,Normal,None,Unspecified,Unspecified,,"(Id="""")",None,None
792,792,Quittacas,159.000000,-222.000000,Normal,None,,0,Normal,None,Unspecified,Unspecified,,"(Id=""MWFactionAsset:StoryCluster2"")",None,None
793,793,Loric,-232.000000,-39.000000,Normal,K,IV,8,Normal,Zenith,Unspecified,H_1Plus,,"(Id=""MWFactionAsset:SteinerMarikBorder"")",None,None
794,794,Ford,-193.000000,-30.000000,Normal,None,,0,Normal,None,Unspecified,Unspecified,,"(Id=""MWFactionAsset:SteinerMarikBorder"")",None,None
795,795,Al Jubaylah,-185.000000,-284.000000,Normal,None,,0,Normal,None,Unspecified,Unspecified,,"(Id="""")",None,None
796,796,Grunwald,-98.000000,205.000000,Normal,None,,0,Normal,None,Unspecified,Unspecified,,"(Id="""")",None,None
797,797,Frondas,-18.000000,-250.000000,Normal,None,,0,Normal,None,Unspecified,Unspecified,,"(Id="""")",None,None
798,798,Sakai,110.000000,208.000000,Normal,None,,0,Normal,None,Unspecified,Unspecified,,"(Id="""")",None,None
799,799,Shibukawa,118.000000,185.000000,Normal,None,,0,Normal,None,Unspecified,Unspecified,,"(Id="""")",None,None
800,800,Worrell,295.000000,232.000000,Normal,None,,0,Normal,None,Unspecified,Unspecified,,"(Id="""")",None,None
801,801,Chinmen Tao,344.000000,217.000000,Normal,None,,0,Normal,None,Unspecified,Unspecified,,"(Id="""")",None,None
802,802,Ankolika,-219.000000,-223.000000,Normal,None,,0,Normal,None,Unspecified,Unspecified,,"(Id=""MWFactionAsset:FWLCommercialHub"")",None,None
803,803,Dickinson,-148.000000,-114.000000,Normal,None,,0,Normal,None,Unspecified,Unspecified,,"(Id="""")",None,None
804,804,Svelvik,17.000000,415.000000,Normal,None,,0,Normal,None,Unspecified,Unspecified,,"(Id=""MWFactionAsset:DropshipGraveyard"")",None,None
805,805,Galedon,335.000000,175.000000,Normal,K,III,5,Normal,None,Unspecified,H_1Plus,,"(Id="""")",None,None
806,806,Chirikof,339.000000,-235.000000,Normal,F,IV,8,Normal,None,Unspecified,H_1Plus,,"(Id="""")",None,None
807,807,Fadiffolu,-246.000000,-245.000000,Normal,None,,0,Normal,None,Unspecified,Unspecified,,"(Id="""")",None,None
808,808,Pattonsbrug,380.000000,-6.000000,Normal,None,,0,Normal,None,Unspecified,Unspecified,,"(Id=""MWFactionAsset:InfernosWake"")",None,None
809,809,Kearny,-128.000000,-277.000000,Normal,None,,0,Normal,None,Unspecified,Unspecified,,"(Id=""MWFactionAsset:FWLInterior"")",None,None
810,810,Birqash,278.000000,-268.000000,Normal,None,,0,Normal,None,Unspecified,Unspecified,,"(Id="""")",None,None
811,811,O'Fallon,316.000000,-84.000000,Normal,None,,0,Normal,None,Unspecified,Unspecified,,"(Id="""")",None,None
812,812,Rosiclare,483.000000,-48.000000,Normal,None,,0,Normal,None,Unspecified,Unspecified,,"(Id="""")",None,None
813,813,Westover,-307.000000,-212.000000,Normal,F,V,6,Normal,None,Unspecified,H_1Plus,,"(Id=""MWFactionAsset:RepairSystem_14"")",None,None
814,814,Atlas,159.000000,-246.000000,Normal,None,,0,Normal,None,Unspecified,Unspecified,,"(Id="""")",None,None
815,815,Miyada,313.000000,247.000000,Normal,None,,0,Normal,None,Unspecified,Unspecified,,"(Id="""")",None,None
816,816,Tamarind,-271.000000,-84.000000,Normal,K,IV,2,Normal,Zenith,Unspecified,H_1Plus,,"(Id=""MWFactionAsset:TamarindAbbey"")",None,None
817,817,Karachi,-295.000000,-245.000000,Normal,F,V,8,Normal,None,Unspecified,H_1Plus,,"(Id="""")",None,None
818,818,Vosloorus,-200.000000,-258.000000,Normal,None,,0,Normal,None,Unspecified,Unspecified,,"(Id="""")",None,None
819,819,Hellos Minor,-187.000000,-182.000000,Normal,None,,0,Normal,None,Unspecified,Unspecified,,"(Id=""MWFactionAsset:FWLCommercialHub"")",None,None
820,820,Atocongo,-172.000000,247.000000,Normal,None,,0,Normal,None,Unspecified,Unspecified,,"(Id="""")",None,None
821,821,Hillerod,-129.000000,143.000000,Normal,None,,0,Normal,None,Unspecified,Unspecified,,"(Id=""MWFactionAsset:LyranStrongholds"")",None,None
822,822,Kurvasa,40.000000,-355.000000,Normal,None,,0,Normal,None,Unspecified,Unspecified,,"(Id="""")",None,None
823,823,Verlo,101.000000,-306.000000,Normal,None,,0,Normal,None,Unspecified,Unspecified,,"(Id="""")",None,None
824,824,Glentworth,127.000000,-320.000000,Normal,None,,0,Normal,None,Unspecified,Unspecified,,"(Id="""")",None,None
825,825,Kagoshima,203.000000,257.000000,Normal,F,V,1,Normal,None,Unspecified,H_1Plus,,"(Id=""MWFactionAsset:RepairSystem_23"")",None,None
826,826,Torrence,292.000000,-132.000000,Normal,None,,0,Normal,None,Unspecified,Unspecified,,"(Id=""MWFactionAsset:RepairSystem_20"")",None,None
827,827,Sertar,315.000000,295.000000,Normal,None,,0,Normal,None,Unspecified,Unspecified,,"(Id="""")",None,None
828,828,Mizunami,348.000000,234.000000,Normal,None,,0,Normal,None,Unspecified,Unspecified,,"(Id=""MWFactionAsset:RepairSystem_30"")",None,None
829,829,Fairfax,356.000000,31.000000,Normal,None,,0,Normal,None,Unspecified,Unspecified,,"(Id=""MWFactionAsset:InfernosWake"")",None,None
830,830,Morrill,399.000000,32.000000,Normal,None,,0,Normal,None,Unspecified,Unspecified,,"(Id=""MWFactionAsset:MercenaryRow"")",None,None
831,831,Killarney,406.000000,-205.000000,Normal,None,,0,Normal,None,Unspecified,Unspecified,,"(Id="""")",None,None
832,832,Bella,-261.000000,-45.000000,Normal,None,,0,Normal,None,Unspecified,Unspecified,,"(Id=""MWFactionAsset:SteinerMarikBorder"")",None,None
833,833,Fieferana,-174.000000,-271.000000,Normal,None,,0,Normal,None,Unspecified,Unspecified,,"(Id=""MWFactionAsset:FWLInterior"")",None,None
834,834,Skallevoll,38.000000,440.000000,Normal,None,,0,Normal,None,Unspecified,Unspecified,,"(Id=""MWFactionAsset:DropshipGraveyard"")",None,None
835,835,Tishomingo,318.000000,47.000000,Normal,None,,0,Normal,None,Unspecified,Unspecified,,"(Id=""MWFactionAsset:RepairSystem_6"")",None,None
836,836,Mauckport,431.000000,-54.000000,Normal,None,,0,Normal,None,Unspecified,Unspecified,,"(Id=""MWFactionAsset:RepairSystem_2"")",None,None
837,837,Ellsworth,-212.000000,-242.000000,Normal,None,,0,Normal,None,Unspecified,Unspecified,,"(Id="""")",None,None
838,838,Campbelton,-170.000000,-113.000000,Normal,G,V,6,Normal,None,Unspecified,H_1Plus,,"(Id=""MWFactionAsset:RepairSystem_13"")",None,None
839,839,Cole Harbour,-122.000000,-295.000000,Normal,None,,0,Normal,None,Unspecified,Unspecified,,"(Id=""MWFactionAsset:FWLInterior"")",None,None
840,840,Tiflis,357.000000,197.000000,Normal,F,III,6,Normal,None,Unspecified,H_1Plus,,"(Id="""")",None,None
841,841,Ban Na San,363.000000,223.000000,Normal,None,,0,Normal,None,Unspecified,Unspecified,,"(Id=""MWFactionAsset:RepairSystem_30"")",None,None
842,842,Gatchina,-273.000000,-298.000000,Normal,None,,0,Normal,None,Unspecified,Unspecified,,"(Id="""")",None,None
843,843,Hainfeld,-14.000000,271.000000,Normal,None,,0,Normal,None,Unspecified,Unspecified,,"(Id="""")",None,None
844,844,Rubigen,31.000000,220.000000,Normal,G,II,6,Normal,None,Unspecified,H_1Plus,,"(Id=""MWFactionAsset:LowerClassWorlds"")",None,None
845,845,Bluford,451.000000,-81.000000,Normal,None,,0,Normal,None,Unspecified,Unspecified,,"(Id="""")",None,None
846,846,Cajamarca,-245.000000,-164.000000,Normal,None,,0,Normal,None,Unspecified,Unspecified,,"(Id=""MWFactionAsset:FWLCommercialHub"")",None,None
847,847,Antipolo,-96.000000,-271.000000,Normal,None,,0,Normal,None,Unspecified,Unspecified,,"(Id="""")",None,None
848,848,Kirei Na Niwa,300.000000,149.000000,Normal,F,V,2,Normal,None,Unspecified,H_1Plus,,"(Id="""")",None,None
849,849,Manassas,318.000000,-123.000000,Normal,None,,0,Normal,None,Unspecified,Unspecified,,"(Id=""MWFactionAsset:RepairSystem_20"")",None,None
850,850,Tohelet,-295.000000,-266.000000,Normal,None,,0,Normal,None,Unspecified,Unspecified,,"(Id="""")",None,None
851,851,Fatima,-32.000000,177.000000,Normal,None,,0,Normal,None,Unspecified,Unspecified,,"(Id=""MWFactionAsset:RepairSystem_28"")",None,None
852,852,Shiba,0.000000,-334.000000,Normal,K,V,9,Normal,None,Unspecified,H_1Plus,,"(Id=""MWFactionAsset:RepairSystem_11"")",None,None
853,853,Satalice,6.000000,263.000000,Normal,K,V,2,Normal,Zenith,Unspecified,H_1Plus,,"(Id="""")",None,None
854,854,Reese Station,-295.000000,172.000000,Normal,None,,0,Normal,None,Unspecified,Unspecified,,"(Id="""")",None,None
855,855,Albert Falls,-262.000000,-133.000000,Normal,None,,0,Normal,None,Unspecified,Unspecified,,"(Id="""")",None,None
856,856,Scarborough,-16.000000,-274.000000,Normal,None,,0,Normal,None,Unspecified,Unspecified,,"(Id="""")",None,None
857,857,Omagh,154.000000,213.000000,Normal,None,,0,Normal,None,Unspecified,Unspecified,,"(Id="""")",None,None
858,858,Annapolis,166.000000,132.000000,Normal,G,V,2,Normal,None,Unspecified,H_1Plus,,"(Id="""")",None,None
859,859,Darwendale,314.000000,-265.000000,Normal,None,,0,Normal,None,Unspecified,Unspecified,,"(Id="""")",None,None
860,860,Atsugi,-203.000000,-229.000000,Normal,None,,0,Normal,None,Unspecified,Unspecified,,"(Id=""MWFactionAsset:FWLCommercialHub"")",None,None
861,861,Vikindu,-130.000000,-262.000000,Normal,None,,0,Normal,None,Unspecified,Unspecified,,"(Id="""")",None,None
862,862,Arcturus,-79.000000,176.000000,Normal,K,III,2,Normal,None,Unspecified,H_1Plus,,"(Id=""MWFactionAsset:LyranStrongholds"")",None,None
863,863,Furud,-26.000000,-286.000000,Normal,None,,0,Normal,None,Unspecified,Unspecified,,"(Id="""")",None,None
864,864,McKenna,-67.000000,-133.000000,Normal,None,,0,Normal,None,Unspecified,Unspecified,,"(Id="""")",None,None
865,865,Newcastle,-210.000000,-182.000000,Normal,None,,0,Normal,None,Unspecified,Unspecified,,"(Id=""MWFactionAsset:FWLCommercialHub"")",None,None
866,866,Baldur,81.000000,190.000000,Normal,None,,0,Normal,None,Unspecified,Unspecified,,"(Id="""")",None,None
867,867,Chatham,182.000000,252.000000,Normal,G,V,2,Normal,Zenith,Unspecified,H_1Plus,,"(Id=""MWFactionAsset:RepairSystem_23"")",None,None
868,868,Hobbs,258.000000,-246.000000,Normal,A,III,1,Normal,None,Unspecified,H_1Plus,,"(Id="""")",None,None
869,869,Sighisoara,305.000000,240.000000,Normal,None,,0,Normal,None,Unspecified,Unspecified,,"(Id="""")",None,None
870,870,Mansu-ri,-96.000000,-256.000000,Normal,None,,0,Normal,None,Unspecified,Unspecified,,"(Id="""")",None,None
871,871,Shuen Wan,-38.000000,-221.000000,Normal,None,,0,Normal,None,Unspecified,Unspecified,,"(Id=""MWFactionAsset:MarikLiaoBorder"")",None,None
872,872,Eleusis,-168.000000,-345.000000,Normal,K,II,4,Normal,None,Unspecified,H_1Plus,,"(Id="""")",None,None
873,873,June,409.000000,-266.000000,Normal,G,V,3,Normal,None,Unspecified,H_1Plus,,"(Id="""")",None,None
874,874,Mirage,479.000000,16.000000,Normal,None,,0,Normal,None,Unspecified,Unspecified,,"(Id="""")",None,None
875,875,Toland,-117.000000,435.000000,Normal,None,,0,Normal,None,Unspecified,Unspecified,,"(Id=""MWFactionAsset:PirateCluster"")",None,None
876,876,Savonburg,502.000000,-16.000000,Normal,None,,0,Normal,None,Unspecified,Unspecified,,"(Id="""")",None,None
877,877,Carlisle,-308.000000,90.000000,Normal,K,V,1,Normal,None,Unspecified,H_1Plus,,"(Id="""")",None,None
878,878,York,-282.000000,116.000000,Normal,None,,0,Normal,None,Unspecified,Unspecified,,"(Id=""MWFactionAsset:RepairSystem_16"")",None,None
879,879,Lancaster (LC),-271.000000,111.000000,Normal,None,,0,Normal,None,Unspecified,Unspecified,,"(Id=""MWFactionAsset:RepairSystem_16"")",None,None
880,880,Bowang,-318.000000,-161.000000,Normal,None,,0,Normal,None,Unspecified,Unspecified,,"(Id="""")",None,None
881,881,Predlitz,44.000000,358.000000,Normal,None,,0,Normal,None,Unspecified,Unspecified,,"(Id=""MWFactionAsset:DroughtWorlds"")",None,None
882,882,Thimphu,350.000000,289.000000,Normal,None,,0,Normal,None,Unspecified,Unspecified,,"(Id="""")",None,None
883,883,Panpour,345.000000,-295.000000,Normal,M,III,0,Normal,None,Unspecified,H_1Plus,,"(Id="""")",None,None
884,884,Linneus,454.000000,-8.000000,Normal,None,,0,Normal,None,Unspecified,Unspecified,,"(Id="""")",None,None
885,885,Hudeiba,-79.000000,-288.000000,Normal,None,,0,Normal,None,Unspecified,Unspecified,,"(Id=""MWFactionAsset:DutchyOfAndurien"")",None,None
886,886,Pesht,208.000000,313.000000,Normal,F,v,7,Normal,None,Unspecified,H_1Plus,,"(Id=""MWFactionAsset:KuritanBadlands"")",None,None
887,887,Fetsund,450.000000,-243.000000,Normal,None,,0,Normal,None,Unspecified,Unspecified,,"(Id="""")",None,None
888,888,Olindo,467.000000,-237.000000,Normal,None,,0,Normal,None,Unspecified,Unspecified,,"(Id="""")",None,None
889,889,Outpost,15.000000,430.000000,Normal,None,,0,Normal,None,Unspecified,Unspecified,,"(Id=""MWFactionAsset:DropshipGraveyard"")",None,None
890,890,Urich,433.000000,19.000000,Normal,None,,0,Normal,None,Unspecified,Unspecified,,"(Id="""")",None,None
891,891,Jesup,505.000000,-123.000000,Normal,None,,0,Normal,None,Unspecified,Unspecified,,"(Id="""")",None,None
892,892,Diamantina,-318.000000,-100.000000,Normal,None,,0,Normal,None,Unspecified,Unspecified,,"(Id=""MWFactionAsset:FWLShippingRoute"")",None,None
893,893,Star's End,-84.000000,436.000000,Normal,M,V,5,Normal,None,Unspecified,H_2Plus,,"(Id="""")",None,None
894,894,Sadurni,-15.000000,-347.000000,Normal,G,VI,9,Normal,None,Unspecified,H_1Plus,,"(Id=""MWFactionAsset:DutchyOfAndurien"")",None,None
895,895,Kilmarnock,174.000000,265.000000,Normal,None,,0,Normal,None,Unspecified,Unspecified,,"(Id="""")",None,None
896,896,Samantha,191.500000,-384.500000,Normal,G,V,7,Normal,None,Unspecified,H_1Plus,,"(Id=""MWFactionAsset:TaurianCorridor"")",None,None
897,897,As Samik,350.000000,-289.000000,Normal,None,,0,Normal,None,Unspecified,Unspecified,,"(Id="""")",None,None
898,898,Gurrnazovo,427.000000,-243.000000,Normal,None,,0,Normal,None,Unspecified,Unspecified,,"(Id="""")",None,None
899,899,Steinhatchee,527.000000,-98.000000,Normal,None,,0,Normal,None,Unspecified,Unspecified,,"(Id="""")",None,None
900,900,Kwamashu,-73.000000,-262.000000,Normal,None,,0,Normal,None,Unspecified,Unspecified,,"(Id=""MWFactionAsset:DutchyOfAndurien"")",None,None
901,901,Alorton,-357.000000,-87.000000,Normal,None,,0,Normal,None,Unspecified,Unspecified,,"(Id=""MWFactionAsset:FWLShippingRoute"")",None,None
902,902,Deneb Algedi,41.000000,26.000000,Normal,F,VI,6,Normal,None,Unspecified,H_1Plus,,"(Id="""")",None,None
903,903,Renfield,225.000000,-388.000000,Normal,None,,0,Normal,None,Unspecified,Unspecified,,"(Id=""MWFactionAsset:TaurianCorridor"")",None,None
904,904,Cyrton,367.000000,-346.000000,Normal,None,,0,Normal,None,Unspecified,Unspecified,,"(Id="""")",None,None
905,905,Basantapur,368.000000,-287.000000,Normal,None,,0,Normal,None,Unspecified,Unspecified,,"(Id="""")",None,None
906,906,Ishtar,187.000000,-388.000000,Normal,G,,5,Normal,None,Unspecified,H_1Plus,,"(Id=""MWFactionAsset:TaurianCorridor"")",None,None
907,907,Vaucluse,501.000000,-163.000000,Normal,None,,0,Normal,None,Unspecified,Unspecified,,"(Id="""")",None,None
908,908,Wotan,-143.000000,412.000000,Normal,None,,0,Normal,None,Unspecified,Unspecified,,"(Id="""")",None,None
909,909,Steelton,-107.000000,426.000000,Normal,None,,0,Normal,None,Unspecified,Unspecified,,"(Id=""MWFactionAsset:PirateCluster"")",None,None
910,910,Kaznejoy,332.000000,134.000000,Normal,F,V,4,Normal,None,Unspecified,H_1Plus,,"(Id=""MWFactionAsset:RepairSystem_25"")",None,None
911,911,Diboll,479.000000,68.000000,Normal,None,,0,Normal,None,Unspecified,Unspecified,,"(Id=""MWFactionAsset:RepairSystem_1"")",/Game/Campaign/CampaignArcs/BorderChanges/_common/FactionBorderMeshes/SafezoneTempFolder/SafezoneCollision/Safezone_1_Blob.Safezone_1_Blob,/Game/Campaign/CampaignArcs/BorderChanges/_common/FactionBorderMeshes/SafezoneTempFolder/Safezone_1.Safezone_1
912,912,Bjarred,245.000000,412.000000,Normal,F,V,4,Normal,Zenith,Unspecified,H_1Plus,,"(Id="""")",None,None
913,913,Lurgatan,-20.000000,-334.000000,Normal,None,,0,Normal,None,Unspecified,Unspecified,,"(Id=""MWFactionAsset:DutchyOfAndurien"")",None,None
914,914,Anywhere,-169.000000,440.000000,Normal,None,,0,Normal,None,Unspecified,Unspecified,,"(Id="""")",None,None
915,915,Conroe,380.000000,92.000000,Normal,None,,0,Normal,None,Unspecified,Unspecified,,"(Id="""")",None,None
916,916,Bensinger,-130.000000,448.000000,Normal,None,,0,Normal,None,Unspecified,Unspecified,,"(Id=""MWFactionAsset:PirateCluster"")",None,None
917,917,Reykavis,-422.000000,-202.000000,Normal,None,,0,Normal,None,Unspecified,Unspecified,,"(Id="""")",None,None
918,918,Jeronimo,185.000000,343.000000,Normal,None,,0,Normal,None,Unspecified,Unspecified,,"(Id=""MWFactionAsset:StoryCluster6"")",None,None
919,919,Diefenbaker,200.000000,-344.000000,Normal,None,,0,Normal,None,Unspecified,Unspecified,,"(Id=""MWFactionAsset:TaurianCorridor"")",None,None
920,920,Augusta,285.000000,-100.000000,Normal,None,,0,Normal,None,Unspecified,Unspecified,,"(Id=""MWFactionAsset:RepairSystem_20"")",None,None
921,921,Gotterdammerung,-181.000000,469.000000,Normal,None,,0,Normal,None,Unspecified,Unspecified,,"(Id="""")",None,None
922,922,Lackhove,-168.000000,448.000000,Normal,None,,0,Normal,None,Unspecified,Unspecified,,"(Id="""")",None,None
923,923,Golandrinas,-161.000000,404.000000,Normal,None,,0,Normal,None,Unspecified,Unspecified,,"(Id="""")",None,None
924,924,Derf,-132.000000,398.000000,Normal,None,,0,Normal,None,Unspecified,Unspecified,,"(Id=""MWFactionAsset:PirateCluster"")",None,None
925,925,Winfield,-113.000000,409.000000,Normal,G,V,0,Normal,None,Unspecified,H_1Plus,,"(Id=""MWFactionAsset:PirateCluster"")",/Game/Campaign/CampaignArcs/Regions/12_4/12_4.12_4,None
926,926,Persistence,-106.000000,411.000000,Normal,None,,0,Normal,None,Unspecified,Unspecified,,"(Id=""MWFactionAsset:PirateCluster"")",None,None
927,927,Icar,-84.000000,417.000000,Normal,None,,0,Normal,None,Unspecified,Unspecified,,"(Id=""MWFactionAsset:PirateCluster"")",None,None
928,928,Amity,-130.000000,-31.000000,Normal,M,V,2,Normal,Zenith,Unspecified,H_1Plus,,"(Id="""")",None,None
929,929,Latice,11.000000,-296.000000,Normal,None,,0,Normal,None,Unspecified,Unspecified,,"(Id="""")",None,None
930,930,Mandaree,184.000000,-312.000000,Normal,None,,0,Normal,None,Unspecified,Unspecified,,"(Id="""")",None,None
931,931,Brockway,220.000000,-359.000000,Normal,K,IV,7,Normal,Zenith,Unspecified,H_1Plus,,"(Id=""MWFactionAsset:TaurianCorridor"")",/Game/Campaign/CampaignArcs/Regions/EndgameClusters/15_4.15_4,None
932,932,Kesai,373.000000,107.000000,Normal,A,II,5,Normal,None,Unspecified,H_1Plus,,"(Id="""")",None,None
933,933,Chateau,-76.000000,399.000000,Normal,None,,0,Normal,None,Unspecified,Unspecified,,"(Id=""MWFactionAsset:RasalagueReaches"")",None,None
934,934,Bromhead,161.000000,-381.000000,Normal,F,II,9,Normal,None,Unspecified,H_1Plus,,"(Id=""MWFactionAsset:TaurianCorridor"")",None,None
935,935,Moultrie,476.000000,-172.000000,Normal,None,,0,Normal,None,Unspecified,Unspecified,,"(Id="""")",None,None
936,936,Goetville,-264.000000,266.000000,Normal,None,,0,Normal,None,Unspecified,Unspecified,,"(Id="""")",None,None
937,937,Midale,191.000000,-365.000000,Normal,None,,0,Normal,None,Unspecified,Unspecified,,"(Id=""MWFactionAsset:TaurianCorridor"")",None,None
938,938,Trondheimal,-428.000000,-189.000000,Normal,None,,0,Normal,None,Unspecified,Unspecified,,"(Id="""")",None,None
939,939,Loxley,-315.000000,226.000000,Normal,M,V,1,Normal,None,Unspecified,H_1Plus,,"(Id="""")",None,None
940,940,Barcelona,-206.000000,415.000000,Normal,None,,0,Normal,None,Unspecified,Unspecified,,"(Id="""")",None,None
941,941,Erewhon,-187.000000,450.000000,Normal,A,V,7,Normal,None,Unspecified,H_1Plus,,"(Id="""")",None,None
942,942,Hyalite,271.000000,-357.000000,Normal,A,IV,4,Normal,None,Unspecified,H_1Plus,,"(Id=""MWFactionAsset:TaurianCorridor"")",None,None
943,943,Kendall,-373.000000,-203.000000,Normal,F,V,9,Normal,None,Unspecified,H_1Plus,,"(Id="""")",None,None
944,944,Black Earth,-182.000000,397.000000,Normal,None,,0,Normal,None,Unspecified,Unspecified,,"(Id="""")",None,None
945,945,Guatavita,-289.000000,240.000000,Normal,None,,0,Normal,None,Unspecified,Unspecified,,"(Id="""")",None,None
946,946,Trasjkis,-438.000000,-193.000000,Normal,None,,0,Normal,None,Unspecified,Unspecified,,"(Id="""")",None,None
947,947,Rijeka,-342.000000,96.000000,Normal,None,,0,Normal,None,Unspecified,Unspecified,,"(Id="""")",None,None
948,948,New Vandenburg,157.000000,-409.000000,Normal,F,IV,5,Normal,None,Unspecified,H_1Plus,,"(Id=""MWFactionAsset:TaurianCorridor"")",None,None
949,949,Beta,-156.000000,388.000000,Normal,None,,0,Normal,None,Unspecified,H_1Plus,,"(Id="""")",None,None
950,950,Tentativa,353.000000,-305.000000,Normal,G,,0,Normal,None,Unspecified,Unspecified,,"(Id="""")",None,None
951,951,Gibraltar,-363.000000,-141.000000,Normal,None,,0,Normal,None,Unspecified,Unspecified,,"(Id="""")",None,None
952,952,Ridderkerk,-47.000000,354.000000,Normal,None,,0,Normal,None,Unspecified,Unspecified,,"(Id=""MWFactionAsset:RasalagueReaches"")",None,None
953,953,Pinard,175.000000,-393.000000,Normal,G,V,8,Normal,Zenith,Unspecified,H_1Plus,,"(Id="""")",None,None
954,954,Illyria,-443.000000,-180.000000,Normal,G,V,4,Normal,None,Unspecified,H_1Plus,,"(Id="""")",None,None
955,955,Chahar,-200.000000,343.000000,Normal,G,IV,0,Normal,None,Unspecified,H_1Plus,,"(Id="""")",None,None
956,956,Carmichael,201.000000,-352.000000,Normal,None,,0,Normal,None,Unspecified,Unspecified,,"(Id=""MWFactionAsset:TaurianCorridor"")",None,None
957,957,Malibu,-147.000000,381.000000,Normal,None,,0,Normal,None,Unspecified,Unspecified,,"(Id="""")",None,None
958,958,Baker 3,-105.000000,327.000000,Normal,None,,0,Normal,None,Unspecified,Unspecified,,"(Id="""")",None,None
959,959,Hassad,-30.000000,-162.000000,Normal,None,,0,Normal,None,Unspecified,Unspecified,,"(Id="""")",None,None
960,960,Kaumberg,-391.000000,146.000000,Normal,G,V,5,Normal,None,Unspecified,H_1Plus,,"(Id=""MWFactionAsset:AlarionPeriphery"")",None,None
961,961,Medellin,-243.000000,328.000000,Normal,None,,0,Normal,None,Unspecified,Unspecified,,"(Id="""")",None,None
962,962,Gallitzin,133.000000,-165.000000,Normal,None,,0,Normal,None,Unspecified,Unspecified,,"(Id=""MWFactionAsset:RepairSystem_9"")",/Game/Campaign/CampaignArcs/BorderChanges/_common/FactionBorderMeshes/SafezoneTempFolder/SafezoneCollision/Safezone_8_Blob.Safezone_8_Blob,/Game/Campaign/CampaignArcs/BorderChanges/_common/FactionBorderMeshes/SafezoneTempFolder/Safezone_8.Safezone_8
963,963,Machida,-220.000000,341.000000,Normal,None,,0,Normal,None,Unspecified,Unspecified,,"(Id="""")",None,None
964,964,Robsart,172.000000,-343.000000,Normal,None,,0,Normal,None,Unspecified,Unspecified,,"(Id=""MWFactionAsset:TaurianCorridor"")",None,None
965,965,Lopez,-38.000000,-333.000000,Binary,M,V,0,Normal,None,Unspecified,H_1Plus,,"(Id=""MWFactionAsset:DutchyOfAndurien"")",None,None
968,968,Blumenort,-211.000000,299.000000,Normal,None,,0,Normal,None,Unspecified,Unspecified,,"(Id="""")",None,None
969,969,Kansu,68.000000,-60.000000,Normal,M,II,4,Normal,None,Unspecified,H_1Plus,,"(Id=""MWFactionAsset:RepairSystem_5"")",None,None
971,971,Somerset,-161.000000,429.000000,Normal,K,V,5,Normal,None,Unspecified,H_1Plus,,"(Id=""MWFactionAsset:PirateCluster"")",None,None
978,978,Zanzibar,121.000000,-368.000000,Normal,G,V,2,Normal,None,Unspecified,H_1Plus,,"(Id=""MWFactionAsset:TaurianCorridor"")",None,None
979,979,Corodiz,137.000000,-378.000000,Normal,None,,0,Normal,None,Unspecified,Unspecified,,"(Id=""MWFactionAsset:TaurianCorridor"")",None,None
980,980,Mendham,149.000000,-348.000000,Normal,None,,0,Normal,None,Unspecified,Unspecified,,"(Id=""MWFactionAsset:TaurianCorridor"")",None,None
981,981,Novaya Zemlya,182.000000,-185.000000,Normal,G,IV,2,Normal,None,Unspecified,H_1Plus,,"(Id=""MWFactionAsset:StoryCluster2"")",None,None
982,982,Ryerson,-76.000000,-324.000000,Normal,None,,0,Normal,None,Unspecified,Unspecified,,"(Id=""MWFactionAsset:DutchyOfAndurien"")",None,None
983,983,Mosiro,-66.000000,-283.000000,Normal,K,V,0,Normal,Zenith,Unspecified,H_1Plus,,"(Id=""MWFactionAsset:DutchyOfAndurien"")",None,None
984,984,Tharkad,-215.000000,153.000000,Normal,G,V,6,Normal,None,Unspecified,H_1Plus,,"(Id=""MWFactionAsset:RepairSystem_22"")",/Game/Campaign/CampaignArcs/BorderChanges/_common/FactionBorderMeshes/SafezoneTempFolder/SafezoneSection2/SafezoneCollision/Safezone3_Collision.Safezone3_Collision,/Game/Campaign/CampaignArcs/BorderChanges/_common/FactionBorderMeshes/SafezoneTempFolder/SafezoneSection2/Safezone3.Safezone3
985,985,Meacham,-29.000000,189.000000,Normal,None,,0,Normal,None,Unspecified,Unspecified,,"(Id=""MWFactionAsset:RepairSystem_28"")",None,None
986,986,Palmyra,455.000000,-26.000000,Normal,None,,0,Normal,None,Unspecified,Unspecified,,"(Id="""")",None,None
987,987,Sabik,-13.000000,58.000000,Binary,A,V,2,Normal,None,Unspecified,H_1Plus,,"(Id="""")",None,None
988,988,Albalii,72.000000,79.000000,Normal,F,IV,0,Normal,None,Unspecified,H_1Plus,,"(Id="""")",None,None
989,989,Alpheratz,507.000000,154.000000,Normal,K,V,5,Normal,Zenith,Unspecified,H_1Plus,,"(Id="""")",None,None
990,990,St. John,-14.000000,404.000000,Normal,None,,0,Normal,None,Unspecified,Unspecified,,"(Id=""MWFactionAsset:RasalagueReaches"")",None,None
991,991,Parma,363.000000,-53.000000,Normal,F,II,2,Normal,None,Unspecified,H_1Plus,,"(Id=""MWFactionAsset:InfernosWake"")",None,None
992,992,Concord,-148.000000,-28.000000,Normal,None,,0,Normal,None,Unspecified,Unspecified,,"(Id=""MWFactionAsset:SteinerMarikBorder"")",None,None
993,993,Betelgeuse,6.000000,-309.000000,Normal,M,I,2,Normal,None,Unspecified,H_1Plus,,"(Id=""MWFactionAsset:RepairSystem_11"")",None,None
994,994,Bolan,-280.000000,5.000000,Normal,G,V,4,Normal,None,Unspecified,H_1Plus,,"(Id=""MWFactionAsset:TheJunkyard"")",None,None
995,995,Rahne,-143.000000,9.000000,Normal,G,V,7,Normal,Zenith,Unspecified,H_1Plus,,"(Id=""MWFactionAsset:SteinerMarikBorder"")",None,None
996,996,Halfway,-255.000000,87.000000,Normal,A,III,4,Normal,None,Unspecified,H_1Plus,,"(Id=""MWFactionAsset:RepairSystem_16"")",/Game/Campaign/CampaignArcs/BorderChanges/_common/FactionBorderMeshes/SafezoneTempFolder/SafezoneCollision/Safezone_15_Blob.Safezone_15_Blob,/Game/Campaign/CampaignArcs/BorderChanges/_common/FactionBorderMeshes/SafezoneTempFolder/Safezone_15.Safezone_15
997,997,Tellman's Mistake,-246.000000,-313.000000,Normal,G,VI,6,Normal,None,Unspecified,H_1Plus,,"(Id="""")",None,None
998,998,Alarion,-322.000000,140.000000,Normal,G,V,0,Normal,None,Unspecified,H_1Plus,,"(Id="""")",None,None
999,999,Tukayyid,-4.000000,212.000000,Normal,None,,0,Normal,None,Unspecified,Unspecified,,"(Id="""")",None,None
1000,1000,Trolloc Prime,34.000000,172.000000,Normal,None,,0,Normal,None,Unspecified,Unspecified,,"(Id=""MWFactionAsset:StoryCluster4"")",None,None
1001,1001,Poulsbo,-378.000000,-64.000000,Normal,F,V,4,Normal,None,Unspecified,H_1Plus,,"(Id=""MWFactionAsset:RepairSystem_24"")",None,None
1002,1002,Echo,290.000000,373.000000,Normal,None,,0,Normal,None,Unspecified,Unspecified,,"(Id="""")",None,None
1003,1003,Dar-es-Salaam,-196.000000,14.000000,Normal,F,VI,1,Normal,Zenith,Unspecified,H_1Plus,,"(Id="""")",None,None
1004,1004,Royalston,138.000000,-226.000000,Normal,None,,0,Normal,None,Unspecified,Unspecified,,"(Id="""")",None,None
1005,1005,Ankaa,75.000000,-9.000000,Normal,A,III,8,Normal,None,Unspecified,H_1Plus,,"(Id=""MWFactionAsset:DavionBorderlands"")",None,None
1006,1006,Dalton,-117.000000,-232.000000,Normal,K,V,1,Normal,None,Unspecified,H_1Plus,,"(Id="""")",None,None
1007,1007,Kluane,198.000000,-201.000000,Normal,None,,0,Normal,None,Unspecified,Unspecified,,"(Id=""MWFactionAsset:StoryCluster2"")",None,None
1008,1008,Sekulmun,214.000000,-222.000000,Normal,None,,0,Normal,None,Unspecified,Unspecified,,"(Id="""")",None,None
1009,1009,Nahoni,248.000000,-200.000000,Normal,None,,0,Normal,None,Unspecified,Unspecified,,"(Id="""")",None,None
1010,1010,Meadowvale,-136.000000,-325.000000,Normal,None,,0,Normal,None,Unspecified,Unspecified,,"(Id="""")",None,None
1011,1011,Canopus,-148.000000,-398.000000,Normal,F,IV,5,Normal,Zenith,Unspecified,H_1Plus,,"(Id="""")",None,None
1012,1012,Ashley,166.000000,-311.000000,Normal,None,,0,Normal,None,Unspecified,Unspecified,,"(Id="""")",None,None
1013,1013,Victoria,94.000000,-351.000000,Normal,K,IV,7,Normal,None,Unspecified,H_1Plus,,"(Id="""")",None,None
1014,1014,Belladonna,265.000000,-126.000000,Normal,G,V,8,Normal,None,Unspecified,H_1Plus,,"(Id=""MWFactionAsset:RepairSystem_20"")",None,None
1015,1015,Great Gorge,497.000000,-269.000000,Normal,A,V,3,Normal,None,Unspecified,H_1Plus,,"(Id="""")",None,None
1016,1016,Cerberus,480.000000,192.000000,Normal,None,,0,Normal,None,Unspecified,Unspecified,,"(Id="""")",None,None
1017,1017,Kigamboni,208.000000,-250.000000,Normal,None,,0,Normal,None,Unspecified,Unspecified,,"(Id="""")",None,None
1018,1018,Schirmeck,370.000000,158.000000,Normal,None,,0,Normal,None,Unspecified,Unspecified,,"(Id=""MWFactionAsset:OutworldsBorder"")",None,None
1019,1019,Delacruz,376.000000,114.000000,Normal,None,,0,Normal,None,Unspecified,Unspecified,,"(Id="""")",None,None
1020,1020,Weisau,380.000000,135.000000,Normal,None,,0,Normal,None,Unspecified,Unspecified,,"(Id=""MWFactionAsset:OutworldsBorder"")",None,None
1021,1021,Pondicherry,405.000000,241.000000,Normal,None,,0,Normal,None,Unspecified,Unspecified,,"(Id="""")",None,None
1022,1022,Tabayama,411.000000,235.000000,Normal,F,IV,0,Normal,None,Unspecified,H_1Plus,,"(Id=""MWFactionAsset:OutworldsBorder"")",None,None
1023,1023,Malagrotta,432.000000,-273.000000,Normal,None,,0,Normal,None,Unspecified,Unspecified,,"(Id="""")",None,None
1024,1024,Hardcore,-200.000000,-477.000000,Normal,G,,3,Normal,None,Unspecified,H_1Plus,,"(Id="""")",None,None
1025,1025,Vakarel,-143.000000,-355.000000,Normal,None,,0,Normal,None,Unspecified,Unspecified,,"(Id=""MWFactionAsset:EmptyWorlds"")",None,None
1026,1026,Umka,-131.000000,-364.000000,Normal,K,V,5,Normal,None,Unspecified,H_1Plus,,"(Id=""MWFactionAsset:EmptyWorlds"")",/Game/Campaign/CampaignArcs/Regions/9_2/9_2.9_2,None
1027,1027,Gouderak,-118.000000,-358.000000,Normal,None,,0,Normal,None,Unspecified,Unspecified,,"(Id=""MWFactionAsset:EmptyWorlds"")",None,None
1028,1028,Caldwell,335.000000,-328.000000,Normal,None,,0,Normal,None,Unspecified,Unspecified,,"(Id=""MWFactionAsset:TaurianCorridor"")",None,None
1029,1029,Pierce,346.000000,-313.000000,Normal,None,,0,Normal,None,Unspecified,Unspecified,,"(Id="""")",None,None
1030,1030,Thurrock,-75.000000,-385.000000,Normal,None,,0,Normal,None,Unspecified,Unspecified,,"(Id="""")",None,None
1031,1031,Wrentham,172.000000,-328.000000,Normal,None,,0,Normal,None,Unspecified,Unspecified,,"(Id="""")",None,None
1032,1032,Ridgebrook,203.000000,-322.000000,Normal,None,,0,Normal,None,Unspecified,Unspecified,,"(Id="""")",None,None
1033,1033,Keuterville,278.000000,-314.000000,Normal,None,,0,Normal,None,Unspecified,Unspecified,,"(Id="""")",None,None
1034,1034,Naka Pabni,381.000000,-294.000000,Normal,None,,0,Normal,None,Unspecified,Unspecified,,"(Id="""")",None,None
1035,1035,Tancredi,433.000000,94.000000,Normal,G,V,5,Normal,Zenith,Unspecified,H_2Plus,,"(Id=""MWFactionAsset:OutworldsBorder"")",/Game/Campaign/CampaignArcs/Regions/EndgameClusters/15_1.15_1,None
1039,1039,Pleiades Cluster,218.000000,-323.000000,Cluster,None,,0,Normal,None,Unspecified,Unspecified,,"(Id="""")",None,None
1040,1040,New Abilene,-72.000000,-454.000000,Normal,K,V,2,Normal,Zenith,Unspecified,H_1Plus,,"(Id="""")",None,None
1041,1041,Flintoft,193.000000,-336.000000,Normal,None,,0,Normal,None,Unspecified,Unspecified,,"(Id=""MWFactionAsset:TaurianCorridor"")",None,None
1042,1042,Weippe,320.000000,-310.000000,Normal,None,,0,Normal,None,Unspecified,Unspecified,,"(Id="""")",None,None
1043,1043,Budingen,385.000000,163.000000,Normal,None,,0,Normal,None,Unspecified,Unspecified,,"(Id=""MWFactionAsset:OutworldsBorder"")",None,None
1044,1044,Groveld,390.000000,114.000000,Normal,None,,0,Normal,None,Unspecified,Unspecified,,"(Id=""MWFactionAsset:OutworldsBorder"")",None,None
1045,1045,Valentina,401.000000,143.000000,Normal,None,,0,Normal,None,Unspecified,Unspecified,,"(Id=""MWFactionAsset:OutworldsBorder"")",None,None
1046,1046,Bryceland,410.000000,99.000000,Normal,None,,0,Normal,None,Unspecified,Unspecified,,"(Id=""MWFactionAsset:OutworldsBorder"")",None,None
1047,1047,Bad News,426.000000,197.000000,Normal,None,,0,Normal,None,Unspecified,Unspecified,,"(Id=""MWFactionAsset:OutworldsBorder"")",None,None
1048,1048,Sevon,469.000000,134.000000,Normal,M,V,2,Normal,None,Unspecified,H_1Plus,,"(Id="""")",None,None
1049,1049,Kennard,473.000000,89.000000,Normal,None,,0,Normal,None,Unspecified,Unspecified,,"(Id=""MWFactionAsset:RepairSystem_1"")",None,None
1050,1050,Pitkin,497.000000,78.000000,Normal,None,,0,Normal,None,Unspecified,Unspecified,,"(Id="""")",None,None
1051,1051,Rollis,152.000000,-387.000000,Normal,F,V,3,Normal,None,Unspecified,H_1Plus,,"(Id=""MWFactionAsset:TaurianCorridor"")",None,None
1052,1052,Firgrove,252.000000,-301.000000,Normal,F,V,4,Normal,Zenith,Unspecified,H_1Plus,,"(Id="""")",None,None
1053,1053,Warren,301.000000,-331.000000,Normal,None,,0,Normal,None,Unspecified,Unspecified,,"(Id=""MWFactionAsset:TaurianCorridor"")",None,None
1054,1054,Cohagen,375.000000,-319.000000,Normal,None,,0,Normal,None,Unspecified,Unspecified,,"(Id="""")",None,None
1055,1055,Zlatousi,431.000000,221.000000,Normal,None,,0,Normal,None,Unspecified,Unspecified,,"(Id=""MWFactionAsset:OutworldsBorder"")",None,None
1056,1056,Kazanka,448.000000,232.000000,Normal,None,,0,Normal,None,Unspecified,Unspecified,,"(Id=""MWFactionAsset:OutworldsBorder"")",None,None
1057,1057,Haynesville,459.000000,80.000000,Normal,None,,0,Normal,None,Unspecified,Unspecified,,"(Id=""MWFactionAsset:RepairSystem_1"")",None,None
1058,1058,Tellman,542.000000,99.000000,Normal,None,,0,Normal,None,Unspecified,Unspecified,,"(Id="""")",None,None
1059,1059,Hazelhurst,555.000000,66.000000,Normal,None,,0,Normal,None,Unspecified,Unspecified,,"(Id="""")",None,None
1060,1060,Bastrop,568.000000,62.000000,Normal,None,,0,Normal,None,Unspecified,Unspecified,,"(Id="""")",None,None
1061,1061,Inner End,592.000000,76.000000,Normal,None,,0,Normal,None,Unspecified,Unspecified,,"(Id="""")",None,None
1062,1062,Montour,352.000000,-331.000000,Normal,None,,0,Normal,None,Unspecified,Unspecified,,"(Id=""MWFactionAsset:TaurianCorridor"")",None,None
1063,1063,Tortuga Prime,670.000000,-236.000000,Normal,G,IV,2,Normal,None,Unspecified,H_1Plus,,"(Id="""")",None,None
1064,1064,Novo Franklin,673.000000,62.000000,Normal,F,V,6,Normal,None,Unspecified,H_1Plus,,"(Id="""")",None,None
1065,1065,Nova Roma,-84.000000,-135.000000,Normal,F,IV,6,Normal,None,Unspecified,H_1Plus,,"(Id="""")",None,None
1066,1066,Camlann (LC),1.000000,167.000000,Normal,None,,0,Normal,None,Unspecified,Unspecified,,"(Id=""MWFactionAsset:StoryCluster4"")",None,None
1067,1067,Algenib,-442.000000,-382.000000,Normal,None,,0,Normal,None,Unspecified,Unspecified,,"(Id="""")",None,None
1068,1068,Antallos,467.000000,284.000000,Normal,K,IV,4,Normal,None,Unspecified,H_1Plus,,"(Id="""")",None,None
1069,1069,Micanos,685.000000,17.000000,Normal,K,V,3,Normal,None,Unspecified,H_0,,"(Id="""")",None,None
1070,1070,Joyz,-137.000000,-452.000000,Normal,None,,0,Normal,None,Unspecified,Unspecified,,"(Id="""")",None,None
1071,1071,Herotitus,59.000000,-434.000000,Normal,G,IV,3,Normal,Zenith,Unspecified,H_1Plus,,"(Id="""")",None,None
1072,1072,Lothario,-478.000000,-187.000000,Normal,M,III,3,Normal,None,Unspecified,H_1Plus,,"(Id="""")",None,None
1073,1073,Albiero,152.000000,360.000000,Normal,M,IV,2,Normal,Zenith,Unspecified,H_1Plus,,"(Id=""MWFactionAsset:DroughtWorlds"")",None,None
1074,1074,Niops,-378.000000,-264.000000,Normal,M,V,5,Normal,None,Unspecified,H_0,,"(Id="""")",None,None
1075,1075,Bone-Norman,-187.000000,428.000000,Normal,None,,0,Normal,None,Unspecified,Unspecified,,"(Id="""")",None,None
1076,1076,Circinus,-392.000000,-67.000000,Normal,G,IV,5,Normal,None,Unspecified,H_1Plus,,"(Id="""")",None,None
1082,1082,New St. Andrews,-517.000000,-109.000000,Normal,F,V,4,Normal,None,Unspecified,H_1Plus,,"(Id="""")",None,None
1084,1084,Spencer,6.000000,-494.000000,Normal,None,,0,Normal,None,Unspecified,Unspecified,,"(Id="""")",None,None
1085,1085,Detroit,19.000000,-456.000000,Normal,G,V,1,Normal,None,Unspecified,H_1Plus,,"(Id="""")",None,None
1086,1086,Rockwellawan,68.000000,-487.000000,Normal,K,V,2,Normal,None,Unspecified,H_1Plus,,"(Id="""")",None,None
1087,1087,Portland,92.000000,-513.000000,Normal,None,,0,Normal,None,Unspecified,Unspecified,,"(Id="""")",None,None
1088,1088,Luxen,-103.000000,-498.000000,Normal,M,V,2,Normal,None,Unspecified,H_1Plus,,"(Id="""")",None,None
1091,1091,Winfield (FS),542.000000,24.000000,Normal,None,,0,Normal,None,Unspecified,H_1Plus,,"(Id="""")",None,None
1092,1092,Astrokaszy,-293.000000,-318.000000,Normal,G,V,4,Normal,None,Unspecified,H_1Plus,,"(Id="""")",None,None
1093,1093,Lummatii,-491.000000,-207.000000,Normal,None,,0,Normal,None,Unspecified,Unspecified,,"(Id="""")",None,None
1094,1094,Logan Prime,-489.000000,-231.000000,Normal,None,,0,Normal,None,Unspecified,Unspecified,,"(Id="""")",None,None
1095,1095,Lordinax,-474.000000,-174.000000,Normal,None,,0,Normal,None,Unspecified,Unspecified,,"(Id="""")",None,None
1096,1096,Lindassa,-479.000000,-218.000000,Normal,None,,0,Normal,None,Unspecified,Unspecified,,"(Id="""")",None,None
1097,1097,Leximon,-467.000000,-209.000000,Normal,None,,0,Normal,None,Unspecified,Unspecified,,"(Id="""")",None,None
1098,1098,Randis,627.000000,-346.000000,Normal,K,V,4,Normal,None,Unspecified,H_1Plus,,"(Id="""")",None,None
1099,1099,Alphard (MH),-410.000000,-301.000000,Normal,G,IV,3,Normal,None,Unspecified,H_1Plus,,"(Id="""")",None,None
1100,1100,Dormandaine,467.000000,102.000000,Normal,F,,4,Normal,Zenith,Unspecified,Unspecified,,"(Id="""")",None,None
1101,1101,Blantleff,-471.000000,-117.000000,Normal,None,,0,Normal,None,Unspecified,Unspecified,,"(Id="""")",None,None
1102,1102,Hardisey's Haven,-418.000000,-92.000000,Normal,None,,0,Normal,None,Unspecified,Unspecified,,"(Id="""")",None,None
1103,1103,Andiron,-428.000000,-48.000000,Normal,None,,0,Normal,None,Unspecified,Unspecified,,"(Id="""")",None,None
1104,1104,Larsha,119.000000,-397.000000,Normal,None,,0,Normal,None,Unspecified,Unspecified,,"(Id=""MWFactionAsset:TaurianCorridor"")",None,None
1105,1105,Addhara,-447.000000,-296.000000,Normal,None,,0,Normal,None,Unspecified,Unspecified,,"(Id="""")",None,None
1106,1106,Stafford,-427.000000,-309.000000,Normal,None,,0,Normal,None,Unspecified,Unspecified,,"(Id="""")",None,None
1107,1107,Mirfak,389.000000,-482.000000,Normal,G,V,2,Normal,None,Unspecified,H_1Plus,,"(Id="""")",None,None
1108,1108,Clayborne,-409.000000,-81.000000,Normal,None,,0,Normal,None,Unspecified,Unspecified,,"(Id="""")",None,None
1109,1109,Maximillian,-447.000000,-128.000000,Normal,None,,0,Normal,None,Unspecified,Unspecified,,"(Id="""")",None,None
1110,1110,Celano,326.000000,-488.000000,Normal,F,V,4,Normal,None,Unspecified,H_1Plus,,"(Id="""")",None,None
1111,1111,Diedre's Den,-421.000000,-63.000000,Normal,None,,0,Normal,None,Unspecified,Unspecified,,"(Id="""")",None,None
1112,1112,Thadora's Land,-447.000000,-92.000000,Normal,None,,0,Normal,None,Unspecified,Unspecified,,"(Id="""")",None,None
1113,1113,Baccalieu,-408.000000,-337.000000,Normal,None,,0,Normal,None,Unspecified,Unspecified,,"(Id="""")",None,None
1114,1114,Islington,-387.000000,-372.000000,Normal,None,,0,Normal,None,Unspecified,Unspecified,,"(Id="""")",None,None
1115,1115,Zorn's Keep,-432.000000,-114.000000,Normal,None,,0,Normal,None,Unspecified,Unspecified,,"(Id="""")",None,None
1116,1116,Baltazar,-444.000000,-60.000000,Normal,None,,0,Normal,None,Unspecified,Unspecified,,"(Id="""")",None,None
1117,1117,Pompey,-434.000000,-323.000000,Normal,G,V,4,Normal,None,Unspecified,H_1Plus,,"(Id="""")",None,None
1118,1118,Suetonius,-409.000000,-320.000000,Normal,None,,0,Normal,None,Unspecified,Unspecified,,"(Id="""")",None,None
1119,1119,Early Dawn,-94.000000,-432.000000,Normal,None,,0,Normal,None,Unspecified,Unspecified,,"(Id="""")",None,None
1120,1120,Vixen,-295.000000,-393.000000,Normal,G,,3,Normal,None,Unspecified,H_1Plus,,"(Id="""")",None,None
1121,1121,Elissa,-39.000000,487.000000,Normal,F,V,1,Normal,None,Unspecified,H_1Plus,,"(Id="""")",None,None
1122,1122,Laconis,153.000000,-396.000000,Normal,None,,0,Normal,None,Unspecified,Unspecified,,"(Id=""MWFactionAsset:TaurianCorridor"")",None,None
1123,1123,MacLeod's Land,170.500000,-390.000000,Normal,G,V,1,Normal,Zenith,Unspecified,H_1Plus,,"(Id=""MWFactionAsset:TaurianCorridor"")",None,None
1124,1124,Illiushin,214.000000,-401.000000,Normal,M,V,6,Normal,None,Unspecified,H_1Plus,,"(Id="""")",None,None
1125,1125,Sterope,269.000000,-408.000000,Normal,K,V,2,Normal,None,Unspecified,H_1Plus,,"(Id="""")",None,None
1126,1126,Euschelus,283.000000,-393.000000,Normal,None,,0,Normal,None,Unspecified,Unspecified,,"(Id="""")",None,None
1127,1127,Perdition,310.000000,-360.000000,Normal,G,V,6,Normal,None,Unspecified,H_1Plus,,"(Id=""MWFactionAsset:TaurianCorridor"")",None,None
1128,1128,Organo,359.000000,-350.000000,Normal,K,V,1,Normal,None,Unspecified,H_1Plus,,"(Id="""")",None,None
1129,1129,Lushann,453.000000,142.000000,Normal,M,V,3,Normal,Zenith,Unspecified,H_1Plus,,"(Id=""MWFactionAsset:OutworldsBorder"")",None,None
1130,1130,Kufstein,-11.000000,344.000000,Normal,None,,0,Normal,None,Unspecified,Unspecified,,"(Id=""MWFactionAsset:StoryCluster5"")",None,None
1131,1131,New Hati,658.000000,-249.000000,Normal,None,,0,Normal,None,Unspecified,Unspecified,,"(Id="""")",None,None
1132,1132,New Port Royal,664.000000,-213.000000,Normal,None,,0,Normal,None,Unspecified,Unspecified,,"(Id="""")",None,None
1133,1133,New Gascony,668.000000,-263.000000,Normal,None,,0,Normal,None,Unspecified,Unspecified,,"(Id="""")",None,None
1134,1134,Morgan's Holdfast,678.000000,-194.000000,Normal,None,,0,Normal,None,Unspecified,Unspecified,,"(Id="""")",None,None
1135,1135,Cate's Hold,-70.000000,-476.000000,Normal,M,,2,Normal,Zenith,Unspecified,H_1Plus,,"(Id="""")",None,None
1136,1136,Oberon,-112.000000,477.000000,Normal,F,III,5,Normal,None,Unspecified,Unspecified,,"(Id="""")",None,None
1137,1137,Ferris (OC),-56.000000,510.000000,Normal,None,,0,Normal,None,Unspecified,Unspecified,,"(Id="""")",None,None
1138,1138,Santander,78.000000,485.000000,Normal,K,,4,Normal,None,Unspecified,Unspecified,,"(Id="""")",None,None
1139,1139,Quantraine,459.000000,207.000000,Normal,G,,4,Normal,None,Unspecified,Unspecified,,"(Id=""MWFactionAsset:OutworldsBorder"")",None,None
1140,1140,Fletcher's Feast,683.000000,-221.000000,Normal,None,,0,Normal,None,Unspecified,Unspecified,,"(Id="""")",None,None
1141,1141,Zebeneschamali,-78.000000,91.000000,Normal,M,V,2,Normal,None,Unspecified,H_1Plus,,"(Id="""")",None,None
1142,1142,Coventry,-260.000000,223.000000,Normal,F,V,4,Normal,None,Unspecified,H_1Plus,,"(Id="""")",None,None
1143,1143,Highspire,101.000000,-120.000000,Normal,F,V,9,Normal,None,Unspecified,H_1Plus,,"(Id=""MWFactionAsset:A2M1_Cluster"")",None,None
1144,1144,Dante,431.000000,177.000000,Normal,K,V,4,Normal,Zenith,Unspecified,H_1Plus,,"(Id=""MWFactionAsset:OutworldsBorder"")",None,None
1145,1145,Cebalrai,-8.000000,120.000000,Normal,K,III,2,Normal,None,Unspecified,H_1Plus,,"(Id="""")",None,None
1146,1146,Horsham,157.000000,-358.000000,Normal,None,,0,Normal,None,Unspecified,Unspecified,,"(Id=""MWFactionAsset:TaurianCorridor"")",None,None
1147,1147,Kathil,173.000000,-150.000000,Normal,F,V,4,Normal,None,Unspecified,H_1Plus,,"(Id="""")",None,None
1148,1148,Lindsay,208.000000,-353.500000,Normal,None,,0,Normal,None,Unspecified,Unspecified,,"(Id=""MWFactionAsset:TaurianCorridor"")",None,None
1149,1149,Deneb Kaitos,65.000000,-13.000000,Normal,K,III,2,Normal,None,Unspecified,H_1Plus,,"(Id="""")",None,None
1178,1178,Waypoint,-493.000000,185.000000,Normal,None,,0,Normal,None,Unspecified,Unspecified,,"(Id=""MWFactionAsset:AlarionPeriphery"")",None,None
1179,1179,Otisberg,-491.000000,126.000000,Normal,F,V,9,Normal,None,Unspecified,H_1Plus,,"(Id=""MWFactionAsset:AlarionPeriphery"")",None,None
1180,1180,Paulinus,-485.000000,-257.000000,Normal,None,,0,Normal,None,Unspecified,Unspecified,,"(Id=""MWFactionAsset:InfernosWake"")",None,None
1181,1181,Gillfillan's Gold,-479.000000,114.000000,Normal,None,,0,Normal,None,Unspecified,Unspecified,,"(Id=""MWFactionAsset:AlarionPeriphery"")",None,None
1182,1182,Slewis,-479.000000,218.000000,Normal,None,,0,Normal,None,Unspecified,Unspecified,,"(Id=""MWFactionAsset:AlarionPeriphery"")",None,None
1183,1183,New Venice,-475.000000,-299.000000,Normal,None,,0,Normal,None,Unspecified,Unspecified,,"(Id="""")",None,None
1184,1184,Marius's Tears,-472.000000,-361.000000,Normal,None,,0,Normal,None,Unspecified,Unspecified,,"(Id="""")",None,None
1185,1185,Viborg,-469.000000,81.000000,Normal,None,,0,Normal,None,Unspecified,Unspecified,,"(Id="""")",None,None
1187,1187,All Dawn,-463.000000,155.000000,Normal,None,,0,Normal,None,Unspecified,Unspecified,,"(Id=""MWFactionAsset:AlarionPeriphery"")",None,None
1188,1188,New India,-462.000000,48.000000,Normal,None,,0,Normal,None,Unspecified,Unspecified,,"(Id="""")",None,None
1189,1189,Hinckley,-456.000000,100.000000,Normal,None,,0,Normal,None,Unspecified,Unspecified,,"(Id=""MWFactionAsset:AlarionPeriphery"")",None,None
1190,1190,Enders Cluster,-451.000000,70.000000,Cluster,None,,0,Normal,None,Unspecified,Unspecified,,"(Id=""MWFactionAsset:RepairSystem_31"")",None,None
1191,1191,Timbuktu,-450.000000,156.000000,Normal,K,V,0,Normal,None,Unspecified,H_1Plus,,"(Id=""MWFactionAsset:AlarionPeriphery"")",/Game/Campaign/CampaignArcs/Regions/EndgameClusters/15_2.15_2,None
1192,1192,Caldarium,-448.000000,236.000000,Normal,None,,0,Normal,None,Unspecified,Unspecified,,"(Id="""")",None,None
1193,1193,Halifax,-445.000000,130.000000,Normal,None,,0,Normal,None,Unspecified,Unspecified,,"(Id=""MWFactionAsset:AlarionPeriphery"")",None,None
1194,1194,Horatius,-443.000000,-346.000000,Normal,None,,0,Normal,None,Unspecified,Unspecified,,"(Id="""")",None,None
1195,1195,Wiltshire,-443.000000,144.000000,Normal,None,,0,Normal,None,Unspecified,Unspecified,,"(Id=""MWFactionAsset:AlarionPeriphery"")",None,None
1196,1196,Ormstown,-443.000000,195.000000,Normal,None,,0,Normal,None,Unspecified,Unspecified,,"(Id=""MWFactionAsset:AlarionPeriphery"")",None,None
1197,1197,Cruz Alta,-441.000000,21.000000,Normal,None,,0,Normal,None,Unspecified,Unspecified,,"(Id="""")",None,None
1198,1198,Karkkila,-437.000000,91.000000,Normal,None,,0,Normal,None,Unspecified,Unspecified,,"(Id=""MWFactionAsset:AlarionPeriphery"")",None,None
1199,1199,Althastan,-436.000000,-26.000000,Normal,None,,0,Normal,None,Unspecified,Unspecified,,"(Id="""")",None,None
1200,1200,Shahr Kord,-435.000000,-11.000000,Normal,None,,0,Normal,None,Unspecified,Unspecified,,"(Id="""")",None,None
1201,1201,Aberystwyth,-435.000000,59.000000,Normal,None,,0,Normal,None,Unspecified,Unspecified,,"(Id=""MWFactionAsset:RepairSystem_31"")",None,None
1202,1202,Langhorne,-433.000000,230.000000,Normal,None,,0,Normal,None,Unspecified,Unspecified,,"(Id="""")",None,None
1203,1203,Florida,-430.000000,74.000000,Normal,None,,0,Normal,None,Unspecified,Unspecified,,"(Id=""MWFactionAsset:RepairSystem_31"")",/Game/Campaign/CampaignArcs/Regions/EndgameClusters/31_Collision.31_Collision,/Game/Campaign/CampaignArcs/Regions/EndgameClusters/Safezone_31.Safezone_31
1204,1204,Sarikavak,-429.000000,8.000000,Normal,None,,0,Normal,None,Unspecified,Unspecified,,"(Id="""")",None,None
1205,1205,Pocologan,-426.000000,168.000000,Normal,None,,0,Normal,None,Unspecified,Unspecified,,"(Id=""MWFactionAsset:AlarionPeriphery"")",None,None
1206,1206,Coldbrook,-425.000000,127.000000,Normal,None,,0,Normal,None,Unspecified,Unspecified,,"(Id=""MWFactionAsset:AlarionPeriphery"")",None,None
1207,1207,Son Hoa,-425.000000,-37.000000,Normal,K,V,0,Normal,None,Unspecified,H_1Plus,,"(Id="""")",None,None
1208,1208,Sapienza,-422.000000,146.000000,Normal,None,,0,Normal,None,Unspecified,Unspecified,,"(Id=""MWFactionAsset:AlarionPeriphery"")",None,None
1209,1209,Urjala,-421.000000,70.000000,Normal,None,,0,Normal,None,Unspecified,Unspecified,,"(Id=""MWFactionAsset:RepairSystem_31"")",None,None
1210,1210,Lost,-419.000000,255.000000,Normal,None,,0,Normal,None,Unspecified,Unspecified,,"(Id="""")",None,None
1211,1211,Kladnitsa,-418.000000,130.000000,Normal,None,,0,Normal,None,Unspecified,Unspecified,,"(Id=""MWFactionAsset:AlarionPeriphery"")",None,None
1212,1212,Stanley,-417.000000,112.000000,Normal,None,,0,Normal,None,Unspecified,Unspecified,,"(Id=""MWFactionAsset:AlarionPeriphery"")",None,None
1213,1213,Teyvareb,-417.000000,-14.000000,Normal,None,,0,Normal,None,Unspecified,Unspecified,,"(Id="""")",None,None
1214,1214,Al Jafr,-416.000000,12.000000,Normal,None,,0,Normal,None,Unspecified,Unspecified,,"(Id="""")",None,None
1215,1215,Rapla,-415.000000,84.000000,Normal,None,,0,Normal,None,Unspecified,Unspecified,,"(Id="""")",None,None
1216,1216,Amminadav,-415.000000,201.000000,Normal,None,,0,Normal,None,Unspecified,Unspecified,,"(Id=""MWFactionAsset:AlarionPeriphery"")",None,None
1217,1217,Sierra,-415.000000,-113.000000,Normal,None,,0,Normal,None,Unspecified,Unspecified,,"(Id="""")",None,None
1218,1218,Hazeldean,-413.000000,-167.000000,Normal,None,,0,Normal,None,Unspecified,Unspecified,,"(Id="""")",None,None
1219,1219,Pain,-412.000000,353.000000,Normal,None,,0,Normal,None,Unspecified,Unspecified,,"(Id="""")",None,None
1220,1220,Issaba,-410.000000,268.000000,Normal,None,,0,Normal,None,Unspecified,Unspecified,,"(Id="""")",None,None
1221,1221,Alekseyevka,-407.000000,185.000000,Normal,None,,0,Normal,None,Unspecified,Unspecified,,"(Id=""MWFactionAsset:AlarionPeriphery"")",None,None
1222,1222,Qurayyat,-407.000000,227.000000,Normal,None,,0,Normal,None,Unspecified,Unspecified,,"(Id="""")",None,None
1223,1223,Ayacucho,-407.000000,53.000000,Normal,None,,0,Normal,None,Unspecified,Unspecified,,"(Id="""")",None,None
1224,1224,Landfall,-407.000000,-203.000000,Normal,None,,0,Normal,None,Unspecified,Unspecified,,"(Id="""")",None,None
1225,1225,Revivim,-407.000000,18.000000,Normal,None,,0,Normal,None,Unspecified,Unspecified,,"(Id="""")",None,None
1226,1226,Firenze,-405.000000,135.000000,Normal,None,,0,Normal,None,Unspecified,Unspecified,,"(Id=""MWFactionAsset:AlarionPeriphery"")",None,None
1227,1227,Ballalaba,-405.000000,-356.000000,Normal,None,,0,Normal,None,Unspecified,Unspecified,,"(Id="""")",None,None
1228,1228,The Rack,-404.000000,374.000000,Normal,None,,0,Normal,None,Unspecified,Unspecified,,"(Id="""")",None,None
1229,1229,Buena,-404.000000,36.000000,Normal,G,V,6,Normal,Zenith,Unspecified,H_1Plus,,"(Id="""")",None,None
1230,1230,Madiun,-404.000000,-37.000000,Normal,None,,0,Normal,None,Unspecified,Unspecified,,"(Id=""MWFactionAsset:RepairSystem_24"")",None,None
1231,1231,Kwangjong-ni,-402.000000,284.000000,Normal,G,V,5,Normal,None,Unspecified,H_1Plus,,"(Id="""")",None,None
1233,1233,Ilzra,-401.000000,2.000000,Normal,None,,0,Normal,None,Unspecified,Unspecified,,"(Id="""")",None,None
1234,1234,Venaria,-399.000000,85.000000,Normal,None,,0,Normal,None,Unspecified,Unspecified,,"(Id="""")",None,None
1235,1235,Huntington,-399.000000,-188.000000,Normal,None,,0,Normal,None,Unspecified,Unspecified,,"(Id="""")",None,None
1236,1236,Mercedes,-396.000000,113.000000,Normal,None,,0,Normal,None,Unspecified,Unspecified,,"(Id="""")",None,None
1237,1237,Merton,-396.000000,-123.000000,Normal,None,,0,Normal,None,Unspecified,Unspecified,,"(Id="""")",None,None
1238,1238,Stantsiya,-396.000000,-23.000000,Normal,None,,0,Normal,None,Unspecified,Unspecified,,"(Id=""MWFactionAsset:RepairSystem_24"")",None,None
1239,1239,Lahti,-396.000000,-225.000000,Normal,None,,0,Normal,None,Unspecified,Unspecified,,"(Id="""")",None,None
1241,1241,Sackville,-394.000000,-130.000000,Normal,None,,0,Normal,None,Unspecified,Unspecified,,"(Id="""")",None,None
1242,1242,Aylmer,-394.000000,-143.000000,Normal,None,,0,Normal,None,Unspecified,Unspecified,,"(Id="""")",None,None
1243,1243,San Nicolas,-394.000000,-170.000000,Normal,None,,0,Normal,None,Unspecified,Unspecified,,"(Id="""")",None,None
1244,1244,Ferihegy,-393.000000,163.000000,Normal,None,,0,Normal,None,Unspecified,Unspecified,,"(Id=""MWFactionAsset:AlarionPeriphery"")",None,None
1245,1245,Ma'anshan,-392.000000,275.000000,Normal,None,,0,Normal,None,Unspecified,Unspecified,,"(Id="""")",None,None
1246,1246,Aiguebelle,-388.000000,102.000000,Normal,None,,0,Normal,None,Unspecified,Unspecified,,"(Id="""")",None,None
1247,1247,Dalcour,-388.000000,-100.000000,Normal,None,,0,Normal,None,Unspecified,Unspecified,,"(Id="""")",None,None
1248,1248,Khon Kaen,-388.000000,-47.000000,Normal,None,,0,Normal,None,Unspecified,Unspecified,,"(Id=""MWFactionAsset:RepairSystem_24"")",None,None
1249,1249,Valloire,-387.000000,40.000000,Normal,None,,0,Normal,None,Unspecified,Unspecified,,"(Id="""")",None,None
1250,1250,Akfata,-385.000000,178.000000,Normal,None,,0,Normal,None,Unspecified,Unspecified,,"(Id="""")",None,None
1251,1251,Champadanga,-385.000000,218.000000,Normal,None,,0,Normal,None,Unspecified,Unspecified,,"(Id="""")",None,None
1252,1252,Enzesfled,-384.000000,130.000000,Normal,None,,0,Normal,None,Unspecified,Unspecified,,"(Id="""")",None,None
1253,1253,Chiavenna,-384.000000,89.000000,Normal,None,,0,Normal,None,Unspecified,Unspecified,,"(Id="""")",None,None
1254,1254,Tormentine,-384.000000,-160.000000,Normal,None,,0,Normal,None,Unspecified,Unspecified,,"(Id="""")",None,None
1255,1255,Etiler,-381.000000,201.000000,Normal,None,,0,Normal,None,Unspecified,Unspecified,,"(Id="""")",None,None
1256,1256,Main Street,-381.000000,354.000000,Normal,None,,0,Normal,None,Unspecified,Unspecified,,"(Id="""")",None,None
1257,1257,Canal,-381.000000,310.000000,Normal,None,,0,Normal,None,Unspecified,Unspecified,,"(Id="""")",None,None
1258,1258,Atzenbrugg,-381.000000,-178.000000,Normal,None,,0,Normal,None,Unspecified,Unspecified,,"(Id="""")",None,None
1259,1259,Qanatir,-380.000000,259.000000,Normal,None,,0,Normal,None,Unspecified,Unspecified,,"(Id="""")",None,None
1260,1260,Maxwell,-380.000000,-115.000000,Normal,K,III,9,Normal,None,Unspecified,H_1Plus,,"(Id="""")",None,None
1261,1261,Lepaterique,-378.000000,-168.000000,Normal,None,,0,Normal,None,Unspecified,Unspecified,,"(Id="""")",None,None
1262,1262,Kostinbrod,-378.000000,159.000000,Normal,None,,0,Normal,None,Unspecified,Unspecified,,"(Id="""")",None,None
1263,1263,Rajkot,-378.000000,-21.000000,Normal,None,,0,Normal,None,Unspecified,Unspecified,,"(Id=""MWFactionAsset:RepairSystem_24"")",/Game/Campaign/CampaignArcs/BorderChanges/_common/FactionBorderMeshes/SafezoneTempFolder/SafezoneSection2/SafezoneCollision/Safezone5_Collision.Safezone5_Collision,/Game/Campaign/CampaignArcs/BorderChanges/_common/FactionBorderMeshes/SafezoneTempFolder/SafezoneSection2/Safezone5.Safezone5
1264,1264,Niangol,-377.000000,245.000000,Normal,None,,0,Normal,None,Unspecified,Unspecified,,"(Id="""")",None,None
1265,1265,Elume,-376.000000,334.000000,Normal,None,,0,Normal,None,Unspecified,Unspecified,,"(Id="""")",None,None
1266,1266,Manotick,-376.000000,-135.000000,Normal,None,,0,Normal,None,Unspecified,Unspecified,,"(Id="""")",None,None
1267,1267,Binyang,-373.000000,22.000000,Normal,None,,0,Normal,None,Unspecified,Unspecified,,"(Id="""")",None,None
1268,1268,Batajnica,-373.000000,119.000000,Normal,None,,0,Normal,None,Unspecified,Unspecified,,"(Id="""")",None,None
1269,1269,Cerillos,-373.000000,-82.000000,Normal,G,III,0,Normal,None,Unspecified,H_1Plus,,"(Id=""MWFactionAsset:FWLShippingRoute"")",None,None
1270,1270,Hammer,-373.000000,-144.000000,Normal,None,,0,Normal,None,Unspecified,Unspecified,,"(Id="""")",None,None
1271,1271,Krung Thep,-373.000000,237.000000,Normal,None,,0,Normal,None,Unspecified,Unspecified,,"(Id="""")",None,None
1272,1272,Virtue,-372.000000,178.000000,Normal,None,,0,Normal,None,Unspecified,Unspecified,,"(Id="""")",None,None
1273,1273,Sappir,-371.000000,220.000000,Normal,None,,0,Normal,None,Unspecified,Unspecified,,"(Id="""")",None,None
1274,1274,Calafell,-370.000000,131.000000,Normal,None,,0,Normal,None,Unspecified,Unspecified,,"(Id="""")",None,None
1275,1275,Premana,-370.000000,62.000000,Normal,None,,0,Normal,None,Unspecified,Unspecified,,"(Id="""")",None,None
1276,1276,Novara,-368.500000,117.000000,Normal,None,,0,Normal,None,Unspecified,Unspecified,,"(Id="""")",None,None
1277,1277,Hednesford,-369.000000,-231.000000,Normal,None,,0,Normal,None,Unspecified,Unspecified,,"(Id="""")",None,None
1278,1278,Moriguchi,-368.000000,293.000000,Normal,None,,0,Normal,None,Unspecified,Unspecified,,"(Id="""")",None,None
1279,1279,Tainjin,-368.000000,276.000000,Normal,None,,0,Normal,None,Unspecified,Unspecified,,"(Id="""")",None,None
1280,1280,Inchicore,-365.000000,8.000000,Normal,None,,0,Normal,None,Unspecified,Unspecified,,"(Id="""")",None,None
1282,1282,Vermezzo,-365.000000,164.000000,Normal,None,,0,Normal,None,Unspecified,Unspecified,,"(Id="""")",None,None
1283,1283,Swartklip,-363.000000,332.000000,Normal,None,,0,Normal,None,Unspecified,Unspecified,,"(Id="""")",None,None
1284,1284,Mezzana,-360.000000,85.000000,Normal,None,,0,Normal,None,Unspecified,Unspecified,,"(Id="""")",None,None
1285,1285,Kelang,-360.000000,202.000000,Normal,None,,0,Normal,None,Unspecified,Unspecified,,"(Id="""")",None,None
1286,1286,Galisteo,-359.000000,-73.000000,Normal,None,,0,Normal,None,Unspecified,Unspecified,,"(Id=""MWFactionAsset:FWLShippingRoute"")",None,None
1287,1287,Kogl,-358.000000,-178.000000,Normal,None,,0,Normal,None,Unspecified,Unspecified,,"(Id="""")",None,None
1288,1288,Vihtijarvi,-357.000000,148.000000,Normal,None,,0,Normal,None,Unspecified,Unspecified,,"(Id="""")",None,None
1289,1289,Romita,-357.000000,-254.000000,Normal,None,,0,Normal,None,Unspecified,Unspecified,,"(Id="""")",None,None
1290,1290,Tsarahavana,-356.000000,304.000000,Normal,None,,0,Normal,None,Unspecified,Unspecified,,"(Id="""")",None,None
1291,1291,Acrux,-355.000000,41.000000,Normal,None,,0,Normal,None,Unspecified,Unspecified,,"(Id="""")",None,None
1292,1292,Biloela,-354.000000,-13.000000,Normal,None,,0,Normal,None,Unspecified,Unspecified,,"(Id="""")",None,None
1293,1293,Engadine,-354.000000,358.000000,Normal,M,V,0,Normal,Zenith,Unspecified,H_1Plus,,"(Id="""")",None,None
1294,1294,Nouasseur,-354.000000,265.000000,Normal,None,,0,Normal,None,Unspecified,Unspecified,,"(Id="""")",None,None
1295,1295,Baryshevo,-353.000000,237.000000,Normal,None,,0,Normal,None,Unspecified,Unspecified,,"(Id="""")",None,None
1296,1296,Corbeanca,-353.000000,-238.000000,Normal,None,,0,Normal,None,Unspecified,Unspecified,,"(Id="""")",None,None
1297,1297,Pencader,-353.000000,-53.000000,Normal,None,,0,Normal,None,Unspecified,Unspecified,,"(Id=""MWFactionAsset:RepairSystem_24"")",None,None
1298,1298,Triesting,-353.000000,191.000000,Normal,None,,0,Normal,None,Unspecified,Unspecified,,"(Id="""")",None,None
1299,1299,Stotzing,-351.000000,-203.000000,Normal,None,,0,Normal,None,Unspecified,Unspecified,,"(Id="""")",None,None
1300,1300,Danxian,-350.000000,17.000000,Normal,None,,0,Normal,None,Unspecified,Unspecified,,"(Id="""")",None,None
1301,1301,Maderas,-350.000000,-114.000000,Normal,None,,0,Normal,None,Unspecified,Unspecified,,"(Id="""")",None,None
1302,1302,Chhaprauli,-349.000000,221.000000,Normal,None,,0,Normal,None,Unspecified,Unspecified,,"(Id="""")",None,None
1303,1303,Maisons,-349.000000,4.000000,Normal,None,,0,Normal,None,Unspecified,Unspecified,,"(Id="""")",None,None
1304,1304,Howick,-347.000000,318.000000,Normal,None,,0,Normal,None,Unspecified,Unspecified,,"(Id="""")",None,None
1305,1305,Millerton,-346.000000,288.000000,Normal,None,,0,Normal,None,Unspecified,Unspecified,,"(Id="""")",None,None
1306,1306,Schererville,-342.000000,-88.000000,Normal,None,,0,Normal,None,Unspecified,Unspecified,,"(Id=""MWFactionAsset:FWLShippingRoute"")",None,None
1307,1307,Neerabup,-342.000000,336.000000,Normal,G,V,8,Normal,None,Unspecified,H_1Plus,,"(Id="""")",None,None
1308,1308,Silver,-342.000000,-132.000000,Normal,None,,0,Normal,None,Unspecified,Unspecified,,"(Id="""")",None,None
1309,1309,Edmondson,-342.000000,-104.000000,Normal,None,,0,Normal,None,Unspecified,Unspecified,,"(Id=""MWFactionAsset:FWLShippingRoute"")",/Game/Campaign/CampaignArcs/Regions/10_1/10_1.10_1,None
1310,1310,Jubka,-342.000000,-212.000000,Normal,None,,0,Normal,None,Unspecified,Unspecified,,"(Id="""")",None,None
1311,1311,Zwipadze,-341.000000,265.000000,Normal,None,,0,Normal,None,Unspecified,Unspecified,,"(Id="""")",None,None
1312,1312,Bobruisk,-339.000000,-16.000000,Normal,None,,0,Normal,None,Unspecified,Unspecified,,"(Id=""MWFactionAsset:TheJunkyard"")",None,None
1313,1313,Qarahta,-339.000000,229.000000,Normal,None,,0,Normal,None,Unspecified,Unspecified,,"(Id="""")",None,None
1314,1314,Nuneaton,-338.000000,143.000000,Normal,None,,0,Normal,None,Unspecified,Unspecified,,"(Id="""")",None,None
1315,1315,Prato,-338.000000,-227.000000,Normal,None,,0,Normal,None,Unspecified,Unspecified,,"(Id="""")",None,None
1316,1316,Strandfontein,-338.000000,305.000000,Normal,None,,0,Normal,None,Unspecified,Unspecified,,"(Id="""")",None,None
1317,1317,Ellijay,-337.000000,8.000000,Normal,None,,0,Normal,None,Unspecified,Unspecified,,"(Id="""")",None,None
1318,1318,Griffith,-337.000000,-77.000000,Normal,None,,0,Normal,None,Unspecified,Unspecified,,"(Id=""MWFactionAsset:FWLShippingRoute"")",None,None
1319,1319,Timbiqui,-337.000000,-60.000000,Normal,None,,0,Normal,None,Unspecified,Unspecified,,"(Id="""")",None,None
1320,1320,Willunga,-337.000000,348.000000,Normal,None,,0,Normal,None,Unspecified,Unspecified,,"(Id="""")",None,None
1321,1321,Penobscot,-336.000000,-46.000000,Normal,None,,0,Normal,None,Unspecified,Unspecified,,"(Id="""")",None,None
1322,1322,Goth Khakar,-335.000000,-247.000000,Normal,None,,0,Normal,None,Unspecified,Unspecified,,"(Id="""")",None,None
1323,1323,Kvistgard,-335.000000,153.000000,Normal,None,,0,Normal,None,Unspecified,Unspecified,,"(Id="""")",None,None
1324,1324,Ciampino,-334.000000,168.000000,Normal,None,,0,Normal,None,Unspecified,Unspecified,,"(Id="""")",None,None
1325,1325,Abramkovo,-334.000000,-29.000000,Normal,None,,0,Normal,None,Unspecified,Unspecified,,"(Id=""MWFactionAsset:TheJunkyard"")",None,None
1326,1326,Ewanrigg,-334.000000,290.000000,Normal,None,,0,Normal,None,Unspecified,Unspecified,,"(Id="""")",None,None
1327,1327,Curaumilla,-333.000000,-120.000000,Normal,None,,0,Normal,None,Unspecified,Unspecified,,"(Id=""MWFactionAsset:FWLShippingRoute"")",None,None
1328,1328,Valil'yevskiy,-332.000000,-180.000000,Normal,None,,0,Normal,None,Unspecified,Unspecified,,"(Id=""MWFactionAsset:RepairSystem_14"")",None,None
1329,1329,Khartoum,-332.000000,276.000000,Normal,None,,0,Normal,None,Unspecified,Unspecified,,"(Id="""")",None,None
1330,1330,Schiedam,-332.000000,-147.000000,Normal,None,,0,Normal,None,Unspecified,Unspecified,,"(Id=""MWFactionAsset:FWLShippingRoute"")",None,None
1331,1331,Bucklands,-329.000000,333.000000,Normal,None,,0,Normal,None,Unspecified,Unspecified,,"(Id="""")",None,None
1332,1332,Loburg,-327.000000,10.000000,Normal,M,III,1,Normal,None,Unspecified,H_1Plus,,"(Id=""MWFactionAsset:TheJunkyard"")",None,None
1333,1333,Quilino,-326.000000,156.000000,Normal,None,,0,Normal,None,Unspecified,Unspecified,,"(Id="""")",None,None
1334,1334,Thraxa,-325.000000,-381.000000,Normal,M,,1,Normal,Zenith,Unspecified,H_1Plus,,"(Id="""")",None,None
1335,1335,Zaprudy,-323.000000,94.000000,Normal,None,,0,Normal,None,Unspecified,Unspecified,,"(Id="""")",None,None
1336,1336,Jerangle,-321.000000,358.000000,Normal,None,,0,Normal,None,Unspecified,Unspecified,,"(Id="""")",None,None
1337,1337,Abbadiyah,-321.000000,249.000000,Normal,None,,0,Normal,None,Unspecified,Unspecified,,"(Id="""")",None,None
1338,1338,Czarvowo,-320.000000,62.000000,Normal,None,,0,Normal,None,Unspecified,Unspecified,,"(Id="""")",None,None
1339,1339,Conakry,-319.000000,-133.000000,Normal,None,,0,Normal,None,Unspecified,Unspecified,,"(Id=""MWFactionAsset:FWLShippingRoute"")",None,None
1340,1340,Epsilon,-319.000000,-60.000000,Normal,None,,0,Normal,None,Unspecified,Unspecified,,"(Id="""")",None,None
1341,1341,Vendrell,-319.000000,127.000000,Normal,M,V,8,Normal,None,Unspecified,H_1Plus,,"(Id="""")",None,None
1342,1342,Lesnovo,-318.000000,-269.000000,Normal,G,III,4,Normal,Zenith,Unspecified,H_1Plus,,"(Id="""")",None,None
1343,1343,Kilarney,-316.000000,-117.000000,Normal,None,,0,Normal,None,Unspecified,Unspecified,,"(Id=""MWFactionAsset:FWLShippingRoute"")",None,None
1344,1344,Storfors,-315.000000,203.000000,Normal,A,V,9,Normal,Zenith,Unspecified,H_0,,"(Id="""")",None,None
1345,1345,Zdice,-315.000000,-25.000000,Normal,None,,0,Normal,None,Unspecified,Unspecified,,"(Id=""MWFactionAsset:TheJunkyard"")",None,None
1346,1346,Saltillo,-313.000000,-83.000000,Normal,None,,0,Normal,None,Unspecified,Unspecified,,"(Id=""MWFactionAsset:TamarindAbbey"")",None,None
1347,1347,Trentham,-313.000000,346.000000,Normal,None,,0,Normal,None,Unspecified,Unspecified,,"(Id="""")",None,None
1348,1348,Herzberg,-313.000000,22.000000,Normal,K,V,9,Normal,None,Unspecified,H_1Plus,,"(Id=""MWFactionAsset:TheJunkyard"")",/Game/Campaign/CampaignArcs/MetagameObjectives/CampaignClusters/A2M2.A2M2,None
1349,1349,Noisiel,-311.000000,149.000000,Normal,K,V,0,Normal,None,Unspecified,H_1Plus,,"(Id="""")",None,None
1350,1350,Radostov,-311.000000,44.000000,Normal,None,,0,Normal,None,Unspecified,Unspecified,,"(Id="""")",None,None
1351,1351,Ghaziabad,-310.000000,-240.000000,Normal,None,,0,Normal,None,Unspecified,Unspecified,,"(Id="""")",None,None
1352,1352,Tangua,-310.000000,274.000000,Normal,None,,0,Normal,None,Unspecified,Unspecified,,"(Id="""")",None,None
1353,1353,Tiruppur,-309.000000,164.000000,Normal,None,,0,Normal,None,Unspecified,Unspecified,,"(Id="""")",None,None
1354,1354,Karakiraz,-308.000000,-201.000000,Normal,None,,0,Normal,None,Unspecified,Unspecified,,"(Id=""MWFactionAsset:RepairSystem_14"")",/Game/Campaign/CampaignArcs/BorderChanges/_common/FactionBorderMeshes/SafezoneTempFolder/SafezoneCollision/Safezone_12_Blob.Safezone_12_Blob,/Game/Campaign/CampaignArcs/BorderChanges/_common/FactionBorderMeshes/SafezoneTempFolder/Safezone_12.Safezone_12
1355,1355,Mandaoaaru,-308.000000,310.000000,Normal,None,,0,Normal,None,Unspecified,Unspecified,,"(Id="""")",None,None
1356,1356,Australia,-307.000000,292.000000,Normal,K,V,8,Normal,None,Unspecified,H_1Plus,,"(Id="""")",None,None
1357,1357,Gulf Breeze,-307.000000,205.000000,Normal,A,II,6,Normal,None,Unspecified,H_1Plus,,"(Id="""")",None,None
1358,1358,Promised Land,-307.000000,-73.000000,Normal,None,,0,Normal,None,Unspecified,Unspecified,,"(Id=""MWFactionAsset:TamarindAbbey"")",None,None
1359,1359,Kosciusko,-305.000000,-92.000000,Normal,None,,0,Normal,None,Unspecified,Unspecified,,"(Id=""MWFactionAsset:TamarindAbbey"")",None,None
1360,1360,Jatznik,-305.000000,193.000000,Normal,None,,0,Normal,None,Unspecified,Unspecified,,"(Id="""")",None,None
1361,1361,Tchamba,-303.000000,-149.000000,Normal,None,,0,Normal,None,Unspecified,Unspecified,,"(Id="""")",None,None
1362,1362,Campoleone,-302.000000,-294.000000,Normal,G,,2,Normal,None,Unspecified,H_1Plus,,"(Id="""")",None,None
1363,1363,Abejorral,-302.000000,128.000000,Normal,None,,0,Normal,None,Unspecified,Unspecified,,"(Id="""")",None,None
1364,1364,Winter,-302.000000,353.000000,Normal,None,,0,Normal,None,Unspecified,Unspecified,,"(Id="""")",None,None
1365,1365,Wolof,-301.000000,-158.000000,Normal,None,,0,Normal,None,Unspecified,Unspecified,,"(Id="""")",None,None
1366,1366,Panjang,-300.000000,-183.000000,Normal,None,,0,Normal,None,Unspecified,Unspecified,,"(Id=""MWFactionAsset:RepairSystem_14"")",None,None
1369,1369,Inarcs,-298.000000,340.000000,Normal,K,III,9,Normal,Zenith,Unspecified,H_1Plus,,"(Id="""")",None,None
1370,1370,Tapihue,-296.000000,188.000000,Normal,None,,0,Normal,None,Unspecified,Unspecified,,"(Id="""")",None,None
1371,1371,Kowloon,-295.000000,370.000000,Normal,None,,0,Normal,None,Unspecified,Unspecified,,"(Id="""")",None,None
1372,1372,Finsterwalde,-292.000000,18.000000,Normal,None,,0,Normal,None,Unspecified,Unspecified,,"(Id=""MWFactionAsset:TheJunkyard"")",None,None
1373,1373,Anembo,-291.000000,317.000000,Normal,None,,0,Normal,None,Unspecified,Unspecified,,"(Id="""")",None,None
1374,1374,Negushevo,-289.000000,-276.000000,Normal,None,,0,Normal,None,Unspecified,Unspecified,,"(Id="""")",None,None
1375,1375,Recife,-289.000000,276.000000,Normal,None,,0,Normal,None,Unspecified,Unspecified,,"(Id="""")",None,None
1376,1376,Miquelon,-288.000000,303.000000,Normal,None,,0,Normal,None,Unspecified,Unspecified,,"(Id="""")",None,None
1377,1377,Millungera,-285.000000,-72.000000,Normal,None,,0,Normal,None,Unspecified,Unspecified,,"(Id=""MWFactionAsset:TamarindAbbey"")",/Game/Campaign/CampaignArcs/Regions/10_2/10_2.10_2,None
1378,1378,Arluna,-284.000000,337.000000,Normal,None,,0,Normal,None,Unspecified,Unspecified,,"(Id="""")",None,None
1379,1379,Gypsum,-284.000000,26.000000,Normal,None,,0,Normal,None,Unspecified,Unspecified,,"(Id=""MWFactionAsset:TheJunkyard"")",None,None
1380,1380,Rosice,-282.000000,53.000000,Normal,None,,0,Normal,None,Unspecified,Unspecified,,"(Id="""")",None,None
1381,1381,Windsor,-279.000000,277.000000,Normal,None,,0,Normal,None,Unspecified,Unspecified,,"(Id="""")",None,None
1382,1382,Saravan,-277.000000,188.000000,Normal,None,,0,Normal,None,Unspecified,Unspecified,,"(Id="""")",None,None
1383,1383,Tematagi,-273.000000,-269.000000,Normal,None,,0,Normal,None,Unspecified,Unspecified,,"(Id="""")",None,None
1384,1384,Ballad,-272.000000,-469.000000,Normal,None,,0,Normal,None,Unspecified,Unspecified,,"(Id="""")",None,None
1385,1385,Hood,-271.000000,372.000000,Normal,None,,0,Normal,None,Unspecified,Unspecified,,"(Id="""")",None,None
1386,1386,Brooloo,-269.000000,287.000000,Normal,None,,0,Normal,None,Unspecified,Unspecified,,"(Id="""")",None,None
1387,1387,Jesenice,-269.000000,350.000000,Normal,None,,0,Normal,None,Unspecified,Unspecified,,"(Id="""")",None,None
1388,1388,Gambilon,-266.000000,-386.000000,Normal,None,,0,Normal,None,Unspecified,Unspecified,,"(Id="""")",None,None
1389,1389,Timehri,-263.000000,300.000000,Normal,None,,0,Normal,None,Unspecified,Unspecified,,"(Id="""")",None,None
1390,1390,Drosendorf,-261.000000,42.000000,Normal,None,,0,Normal,None,Unspecified,Unspecified,,"(Id=""MWFactionAsset:TheJunkyard"")",None,None
1391,1391,Medzev,-258.000000,47.000000,Normal,None,,0,Normal,None,Unspecified,Unspecified,,"(Id="""")",None,None
1392,1392,Kwangchowwang,-255.000000,336.000000,Normal,None,,0,Normal,None,Unspecified,Unspecified,,"(Id="""")",None,None
1393,1393,Labouchere,-255.000000,-75.000000,Normal,None,,0,Normal,None,Unspecified,Unspecified,,"(Id=""MWFactionAsset:TamarindAbbey"")",None,None
1394,1394,Ibarra,-255.000000,-184.000000,Normal,None,,0,Normal,None,Unspecified,Unspecified,,"(Id=""MWFactionAsset:FWLCommercialHub"")",None,None
1395,1395,Mankova,-255.000000,-274.000000,Normal,None,,0,Normal,None,Unspecified,Unspecified,,"(Id="""")",None,None
1396,1396,New Capetown,-254.000000,263.000000,Normal,K,V,9,Normal,None,Unspecified,H_1Plus,,"(Id="""")",None,None
1397,1397,Adelaide,-253.000000,318.000000,Normal,None,,0,Normal,None,Unspecified,Unspecified,,"(Id="""")",None,None
1398,1398,Pangkalan,-251.000000,368.000000,Normal,None,,0,Normal,None,Unspecified,Unspecified,,"(Id="""")",None,None
1399,1399,Marantha,-250.000000,-372.000000,Normal,K,V,5,Normal,Zenith,Unspecified,H_1Plus,,"(Id="""")",None,None
1401,1401,Bismarck,-247.000000,-267.000000,Normal,None,,0,Normal,None,Unspecified,Unspecified,,"(Id="""")",None,None
1402,1402,Weistheimer,-247.000000,-523.000000,Normal,None,,0,Normal,None,Unspecified,Unspecified,,"(Id="""")",None,None
1403,1403,Tsinan,-245.000000,208.000000,Normal,None,,0,Normal,None,Unspecified,Unspecified,,"(Id="""")",None,None
1404,1404,Bayindir,-245.000000,-299.000000,Normal,None,,0,Normal,None,Unspecified,Unspecified,,"(Id="""")",None,None
1405,1405,Ludwigshafen,-245.000000,284.000000,Normal,None,,0,Normal,None,Unspecified,Unspecified,,"(Id="""")",None,None
1406,1406,Gatineau,-244.000000,299.000000,Normal,None,,0,Normal,None,Unspecified,Unspecified,,"(Id="""")",None,None
1407,1407,Palladix,-243.000000,-413.000000,Normal,G,V,7,Normal,None,Unspecified,H_1Plus,,"(Id="""")",None,None
1408,1408,Kolovraty,-243.000000,375.000000,Normal,None,,0,Normal,None,Unspecified,Unspecified,,"(Id="""")",None,None
1409,1409,Chapultepec,-242.000000,346.000000,Normal,None,,0,Normal,None,Unspecified,Unspecified,,"(Id="""")",None,None
1410,1410,Annunziata,-242.000000,362.000000,Normal,None,,0,Normal,None,Unspecified,Unspecified,,"(Id="""")",None,None
1411,1411,Booker,-240.000000,-361.000000,Normal,G,V,8,Normal,None,Unspecified,H_1Plus,,"(Id="""")",None,None
1412,1412,Tuamotu,-237.000000,-187.000000,Normal,None,,0,Normal,None,Unspecified,Unspecified,,"(Id=""MWFactionAsset:FWLCommercialHub"")",None,None
1413,1413,Vorzel,-237.000000,182.000000,Normal,None,,0,Normal,None,Unspecified,Unspecified,,"(Id="""")",None,None
1414,1414,Zwenkau,-236.000000,10.000000,Normal,None,,0,Normal,None,Unspecified,Unspecified,,"(Id=""MWFactionAsset:RebeliousLyranTerritory"")",None,None
1415,1415,Mahone,-235.000000,310.000000,Normal,None,,0,Normal,None,Unspecified,Unspecified,,"(Id="""")",None,None
1416,1416,Kossandra's Memory,-234.000000,-479.000000,Normal,None,,0,Normal,None,Unspecified,Unspecified,,"(Id="""")",None,None
1417,1417,Techne's Revenge,-234.000000,-428.000000,Normal,None,,0,Normal,None,Unspecified,Unspecified,,"(Id="""")",None,None
1418,1418,Tarol,-231.000000,-403.000000,Normal,None,,0,Normal,None,Unspecified,H_1Plus,,"(Id="""")",None,None
1419,1419,Newtown Square,-230.000000,396.000000,Normal,None,,0,Normal,None,Unspecified,Unspecified,,"(Id="""")",None,None
1420,1420,Greenlaw,-229.000000,161.000000,Normal,None,,0,Normal,None,Unspecified,Unspecified,,"(Id=""MWFactionAsset:RepairSystem_22"")",None,None
1421,1421,Horneburg,-227.000000,168.000000,Normal,None,,0,Normal,None,Unspecified,Unspecified,,"(Id=""MWFactionAsset:RepairSystem_22"")",None,None
1422,1422,Mississauga,-227.000000,297.000000,Normal,None,,0,Normal,None,Unspecified,Unspecified,,"(Id="""")",None,None
1423,1423,Preston (FWL),-226.000000,-72.000000,Normal,None,,0,Normal,None,Unspecified,Unspecified,,"(Id="""")",None,None
1424,1424,Cascade,-225.000000,-48.000000,Normal,None,,0,Normal,None,Unspecified,Unspecified,,"(Id="""")",None,None
1425,1425,Melissia,-225.000000,350.000000,Normal,G,V,9,Normal,None,Unspecified,H_1Plus,,"(Id="""")",None,None
1426,1426,Sharqah,-223.000000,-295.000000,Normal,None,,0,Normal,None,Unspecified,Unspecified,,"(Id="""")",None,None
1427,1427,Eilenburg,-222.000000,20.000000,Normal,None,,0,Normal,None,Unspecified,Unspecified,,"(Id=""MWFactionAsset:RebeliousLyranTerritory"")",None,None
1428,1428,Howrah,-222.000000,-282.000000,Normal,None,,0,Normal,None,Unspecified,Unspecified,,"(Id="""")",None,None
1429,1429,Upano,-221.000000,194.000000,Normal,None,,0,Normal,None,Unspecified,Unspecified,,"(Id="""")",None,None
1430,1430,Bass,-220.000000,-357.000000,Normal,None,,0,Normal,None,Unspecified,Unspecified,,"(Id="""")",None,None
1431,1431,Katlehong,-219.000000,-254.000000,Normal,None,,0,Normal,None,Unspecified,Unspecified,,"(Id="""")",None,None
1432,1432,Wildwood,-219.000000,-444.000000,Normal,G,,4,Normal,None,Unspecified,H_1Plus,,"(Id=""MWFactionAsset:LowerClassWorlds"")",None,None
1433,1433,Escobas,-219.000000,-127.000000,Normal,None,,0,Normal,None,Unspecified,Unspecified,,"(Id="""")",None,None
1434,1434,Afarsin,-218.000000,-373.000000,Normal,None,,0,Normal,None,Unspecified,Unspecified,,"(Id="""")",None,None
1435,1435,Mogyorod,-216.000000,380.000000,Normal,None,,0,Normal,None,Unspecified,Unspecified,,"(Id="""")",None,None
1436,1436,Uzhgorod,-216.000000,57.000000,Normal,None,,0,Normal,None,Unspecified,Unspecified,,"(Id=""MWFactionAsset:RebeliousLyranTerritory"")",None,None
1437,1437,Wrociaw,-213.000000,243.000000,Normal,None,,0,Normal,None,Unspecified,Unspecified,,"(Id="""")",None,None
1438,1438,Clermont,-212.000000,355.000000,Normal,None,,0,Normal,None,Unspecified,Unspecified,,"(Id="""")",None,None
1439,1439,Crawford's Delight,-211.000000,-524.000000,Normal,None,,0,Normal,None,Unspecified,Unspecified,,"(Id="""")",None,None
1440,1440,Glevakha,-208.000000,-306.000000,Normal,None,,0,Normal,None,Unspecified,Unspecified,,"(Id="""")",None,None
1441,1441,Zhongshan,-208.000000,326.000000,Normal,None,,0,Normal,None,Unspecified,Unspecified,,"(Id="""")",None,None
1442,1442,Lindenmarle,-208.000000,-388.000000,Normal,None,,0,Normal,None,Unspecified,Unspecified,,"(Id="""")",None,None
1443,1443,Candiear,-205.000000,-423.000000,Normal,None,,0,Normal,None,Unspecified,Unspecified,,"(Id="""")",None,None
1444,1444,Kikuyu,-205.000000,370.000000,Normal,G,V,7,Normal,None,Unspecified,H_1Plus,,"(Id="""")",None,None
1445,1445,Tetersen,-205.000000,146.000000,Normal,None,,0,Normal,None,Unspecified,Unspecified,,"(Id=""MWFactionAsset:RepairSystem_22"")",None,None
1446,1446,Payvand,-204.000000,-320.000000,Normal,F,V,2,Normal,None,Unspecified,H_1Plus,,"(Id="""")",None,None
1447,1447,Gibbs,-203.000000,159.000000,Normal,G,V,9,Normal,Zenith,Unspecified,H_1Plus,,"(Id=""MWFactionAsset:RepairSystem_22"")",None,None
1448,1448,Incukalns,-203.000000,215.000000,Normal,None,,0,Normal,None,Unspecified,Unspecified,,"(Id="""")",None,None
1449,1449,Santana,-200.000000,261.000000,Normal,None,,0,Normal,None,Unspecified,Unspecified,,"(Id="""")",None,None
1450,1450,Timkovichi,-200.000000,248.000000,Normal,None,,0,Normal,None,Unspecified,Unspecified,,"(Id="""")",None,None
1451,1451,Royal Foxx,-198.000000,-399.000000,Normal,G,V,1,Normal,None,Unspecified,H_1Plus,,"(Id="""")",None,None
1452,1452,Thuban,-198.000000,119.000000,Normal,None,,0,Normal,None,Unspecified,Unspecified,,"(Id="""")",None,None
1453,1453,Atreus,-193.000000,-165.000000,Normal,F,V,4,Normal,None,Unspecified,H_1Plus,,"(Id=""MWFactionAsset:RepairSystem_21"")",/Game/Campaign/CampaignArcs/BorderChanges/_common/FactionBorderMeshes/SafezoneTempFolder/SafezoneSection2/SafezoneCollision/Safezone2_Collision.Safezone2_Collision,/Game/Campaign/CampaignArcs/BorderChanges/_common/FactionBorderMeshes/SafezoneTempFolder/SafezoneSection2/Safezone2.Safezone2
1454,1454,Rohinjan,-192.000000,-306.000000,Normal,None,,0,Normal,None,Unspecified,Unspecified,,"(Id="""")",None,None
1455,1455,Bethonolog,-190.000000,-361.000000,Normal,None,,0,Normal,None,Unspecified,Unspecified,,"(Id="""")",None,None
1456,1456,Obrenovac,-189.000000,-338.000000,Normal,None,,0,Normal,None,Unspecified,Unspecified,,"(Id="""")",None,None
1457,1457,Blue Hole,-188.000000,352.000000,Normal,K,V,7,Normal,None,Unspecified,H_1Plus,,"(Id="""")",None,None
1458,1458,Harminous,-188.000000,-448.000000,Normal,None,,0,Normal,None,Unspecified,Unspecified,,"(Id="""")",None,None
1459,1459,Roadside,-187.000000,372.000000,Normal,M,VII,1,Normal,None,Unspecified,H_1Plus,,"(Id="""")",None,None
1460,1460,Great X,-186.000000,290.000000,Normal,M,V,0,Normal,Zenith,Unspecified,H_1Plus,,"(Id="""")",None,None
1461,1461,Dukambia,-183.000000,216.000000,Normal,None,,0,Normal,None,Unspecified,Unspecified,,"(Id="""")",None,None
1462,1462,Zanderij,-180.000000,268.000000,Normal,None,,0,Normal,None,Unspecified,Unspecified,,"(Id="""")",None,None
1463,1463,Botany Bay,-179.000000,487.000000,Normal,None,,0,Normal,None,Unspecified,Unspecified,,"(Id="""")",None,None
1464,1464,Deia,-177.000000,306.000000,Normal,G,V,5,Normal,None,Unspecified,H_1Plus,,"(Id="""")",None,None
1465,1465,Ruschegg,-177.000000,-324.000000,Normal,None,,0,Normal,None,Unspecified,Unspecified,,"(Id=""MWFactionAsset:FWLInterior"")",None,None
1466,1466,Gallis,-175.000000,-384.000000,Normal,None,,0,Normal,None,Unspecified,Unspecified,,"(Id="""")",None,None
1467,1467,Cameron (LC),-174.000000,169.000000,Normal,None,,0,Normal,None,Unspecified,Unspecified,,"(Id=""MWFactionAsset:RepairSystem_22"")",None,None
1468,1468,Megarez,-174.000000,-415.000000,Normal,None,,0,Normal,None,Unspecified,Unspecified,,"(Id="""")",None,None
1469,1469,Novo Tressida,-174.000000,-497.000000,Normal,M,V,5,Normal,None,Unspecified,Unspecified,,"(Id="""")",None,None
1470,1470,Saonara,-173.000000,-316.000000,Normal,None,,0,Normal,None,Unspecified,Unspecified,,"(Id=""MWFactionAsset:FWLInterior"")",None,None
1471,1471,Hot Springs,-172.000000,371.000000,Normal,G,V,6,Normal,None,Unspecified,H_1Plus,,"(Id="""")",None,None
1472,1472,Nestor,-172.000000,-26.000000,Normal,None,,0,Normal,None,Unspecified,Unspecified,,"(Id=""MWFactionAsset:SteinerMarikBorder"")",None,None
1473,1473,Arc-Royal,-172.000000,228.000000,Normal,G,V,3,Normal,None,Unspecified,H_1Plus,,"(Id="""")",None,None
1474,1474,Launam,-169.000000,-13.000000,Normal,None,,0,Normal,None,Unspecified,Unspecified,,"(Id=""MWFactionAsset:SteinerMarikBorder"")",/Game/Campaign/CampaignArcs/Regions/10_3/10_3.10_3,None
1475,1475,Mauripur,-169.000000,-284.000000,Normal,None,,0,Normal,None,Unspecified,Unspecified,,"(Id=""MWFactionAsset:FWLInterior"")",None,None
1477,1477,Kooken's Pleasure Pit,-167.000000,349.000000,Normal,G,V,5,Normal,None,Unspecified,H_1Plus,,"(Id="""")",None,None
1478,1478,Pasig,-167.000000,335.000000,Normal,None,,0,Normal,None,Unspecified,Unspecified,,"(Id="""")",None,None
1479,1479,Bondurant,-164.000000,-46.000000,Normal,None,,0,Normal,None,Unspecified,Unspecified,,"(Id=""MWFactionAsset:StewartCommonality"")",None,None
1480,1480,Krimari,-164.000000,-443.000000,Normal,K,V,7,Normal,None,Unspecified,H_1Plus,,"(Id="""")",None,None
1481,1481,Mkuranga,-162.000000,320.000000,Normal,None,,0,Normal,None,Unspecified,Unspecified,,"(Id="""")",None,None
1482,1482,Yeguas,-162.000000,284.000000,Normal,G,IV,5,Normal,None,Unspecified,H_1Plus,,"(Id="""")",None,None
1483,1483,Von Strang,-161.000000,520.000000,Normal,F,III,5,Normal,None,Unspecified,H_1Plus,,"(Id="""")",None,None
1484,1484,Last Chance,-161.000000,481.000000,Normal,None,,0,Normal,None,Unspecified,Unspecified,,"(Id="""")",None,None
1485,1485,Trznadel Cluster,-161.000000,-462.000000,Cluster,None,,0,Normal,None,Unspecified,Unspecified,,"(Id="""")",None,None
1486,1486,Wisconsin,-160.000000,-299.000000,Normal,None,,0,Normal,None,Unspecified,Unspecified,,"(Id=""MWFactionAsset:FWLInterior"")",None,None
1487,1487,Skvorec,-160.000000,-310.000000,Normal,None,,0,Normal,None,Unspecified,Unspecified,,"(Id=""MWFactionAsset:FWLInterior"")",None,None
1488,1488,Esteros,-159.000000,271.000000,Normal,None,,0,Normal,None,Unspecified,Unspecified,,"(Id="""")",None,None
1489,1489,Blackjack,-158.000000,367.000000,Normal,G,V,3,Normal,None,Unspecified,H_1Plus,,"(Id="""")",None,None
1490,1490,Callisto,-158.000000,125.000000,Normal,None,,0,Normal,None,Unspecified,Unspecified,,"(Id=""MWFactionAsset:LyranStrongholds"")",None,None
1491,1491,Goat Path,-156.000000,357.000000,Normal,None,,0,Normal,None,Unspecified,Unspecified,,"(Id="""")",None,None
1492,1492,Camlann (FWL),-155.000000,-236.000000,Normal,M,III,0,Normal,Zenith,Unspecified,H_1Plus,,"(Id=""MWFactionAsset:FWLInterior"")",None,None
1493,1493,Hamilton (LC),-152.000000,224.000000,Normal,None,,0,Normal,None,Unspecified,Unspecified,,"(Id="""")",None,None
1494,1494,Here,-151.000000,449.000000,Normal,None,,0,Normal,None,Unspecified,Unspecified,,"(Id=""MWFactionAsset:PirateCluster"")",None,None
1495,1495,Scheuerheck,-149.000000,-331.000000,Normal,None,,0,Normal,None,Unspecified,Unspecified,,"(Id="""")",None,None
1496,1496,Fianna,-143.000000,21.000000,Normal,None,,0,Normal,None,Unspecified,Unspecified,,"(Id="""")",None,None
1498,1498,Babaeski,-139.000000,310.000000,Normal,None,,0,Normal,None,Unspecified,Unspecified,,"(Id="""")",None,None
1499,1499,Bountiful Harvest,-138.000000,263.000000,Normal,F,IV,2,Normal,Zenith,Unspecified,H_1Plus,,"(Id=""MWFactionAsset:StoryCluster3"")",None,None
1500,1500,Alyina,-136.000000,344.000000,Normal,None,,0,Normal,None,Unspecified,Unspecified,,"(Id="""")",None,None
1501,1501,Adherlwin,-135.000000,-422.000000,Normal,None,,0,Normal,None,Unspecified,Unspecified,,"(Id="""")",None,None
1502,1502,Lockton,-135.000000,-437.000000,Normal,A,IV,3,Normal,None,Unspecified,H_1Plus,,"(Id="""")",None,None
1503,1503,Yanchep,-135.000000,-290.000000,Normal,None,,0,Normal,None,Unspecified,Unspecified,,"(Id=""MWFactionAsset:FWLInterior"")",/Game/Campaign/CampaignArcs/Regions/9_4/9_4.9_4,None
1504,1504,Parakoila,-133.000000,325.000000,Normal,None,,0,Normal,None,Unspecified,Unspecified,,"(Id="""")",None,None
1505,1505,Waldorff,-133.000000,362.000000,Normal,G,V,1,Normal,None,Unspecified,H_1Plus,,"(Id="""")",None,None
1506,1506,Crevedia,-130.000000,162.000000,Normal,None,,0,Normal,None,Unspecified,Unspecified,,"(Id=""MWFactionAsset:LyranStrongholds"")",None,None
1507,1507,Butler,-127.000000,378.000000,Normal,M,V,1,Normal,Zenith,Unspecified,H_1Plus,,"(Id="""")",None,None
1508,1508,Halmyre Deans,-127.000000,99.000000,Normal,None,,0,Normal,None,Unspecified,Unspecified,,"(Id="""")",None,None
1509,1509,New Kyoto,-127.000000,12.000000,Normal,G,V,5,Normal,None,Unspecified,H_1Plus,,"(Id="""")",None,None
1510,1510,Blackstone,-125.000000,477.000000,Normal,None,,0,Normal,None,Unspecified,Unspecified,,"(Id="""")",None,None
1511,1511,A Place,-125.000000,274.000000,Normal,None,,0,Normal,None,Unspecified,H_1Plus,,"(Id=""MWFactionAsset:StoryCluster3"")",/Game/Campaign/CampaignArcs/Regions/StoryCluster_03/StoryMixer_3_STM.StoryMixer_3_STM,None
1512,1512,Cap Rouge,-125.000000,-310.000000,Normal,A,V,9,Normal,None,Unspecified,H_1Plus,,"(Id=""MWFactionAsset:FWLInterior"")",None,None
1513,1513,Hesperus,-125.000000,47.000000,Normal,F,IV,2,Normal,None,Unspecified,H_0,,"(Id="""")",None,None
1514,1514,Adhara,-124.000000,-473.000000,Normal,None,,0,Normal,None,Unspecified,Unspecified,,"(Id="""")",None,None
1515,1515,Canonbie,-123.000000,68.000000,Normal,None,,0,Normal,None,Unspecified,Unspecified,,"(Id=""MWFactionAsset:RebeliousLyranTerritory"")",None,None
1516,1516,Aspropirgos,-120.000000,-384.000000,Normal,None,,0,Normal,None,Unspecified,Unspecified,,"(Id=""MWFactionAsset:EmptyWorlds"")",None,None
1517,1517,Watermael,-119.000000,-339.000000,Normal,None,,0,Normal,None,Unspecified,Unspecified,,"(Id=""MWFactionAsset:EmptyWorlds"")",None,None
1518,1518,Fanardir,-119.000000,-402.000000,Normal,None,,0,Normal,None,Unspecified,Unspecified,,"(Id="""")",None,None
1519,1519,Placida,-119.000000,495.000000,Normal,None,,0,Normal,None,Unspecified,Unspecified,,"(Id="""")",None,None
1520,1520,Apolakkia,-117.000000,343.000000,Normal,None,,0,Normal,None,Unspecified,Unspecified,,"(Id="""")",None,None
1522,1522,Siendou,-114.500000,-293.500000,Normal,None,,0,Normal,None,Unspecified,Unspecified,,"(Id="""")",None,None
1523,1523,Trell,-115.000000,390.000000,Normal,M,VII,2,Normal,None,Unspecified,H_1Plus,,"(Id=""MWFactionAsset:PirateCluster"")",None,None
1524,1524,Denizli,-114.000000,350.000000,Normal,None,,0,Normal,None,Unspecified,Unspecified,,"(Id="""")",None,None
1526,1526,Devin,-112.000000,337.000000,Normal,None,,0,Normal,None,Unspecified,Unspecified,,"(Id="""")",None,None
1527,1527,Ginestra,-112.000000,165.000000,Normal,None,,0,Normal,None,Unspecified,Unspecified,,"(Id=""MWFactionAsset:LyranStrongholds"")",None,None
1528,1528,Twycross,-109.000000,368.000000,Normal,F,IV,0,Normal,None,Unspecified,H_1Plus,,"(Id="""")",None,None
1529,1529,Butzfleth,-109.000000,-377.000000,Normal,None,,0,Normal,None,Unspecified,Unspecified,,"(Id=""MWFactionAsset:EmptyWorlds"")",None,None
1530,1530,Whittington,-107.000000,107.000000,Normal,None,,0,Normal,None,Unspecified,Unspecified,,"(Id="""")",None,None
1532,1532,Borgan's Rift,-106.000000,-416.000000,Normal,F,V,1,Normal,None,Unspecified,H_1Plus,,"(Id="""")",None,None
1533,1533,Dustball,-105.000000,268.000000,Normal,A,V,9,Normal,None,Unspecified,H_1Plus,,"(Id=""MWFactionAsset:StoryCluster3"")",None,None
1534,1534,Sigurd,-105.000000,484.000000,Normal,None,,0,Normal,None,Unspecified,Unspecified,,"(Id="""")",None,None
1536,1536,Palm,-103.000000,-474.000000,Normal,None,,0,Normal,None,Unspecified,Unspecified,,"(Id="""")",None,None
1537,1537,Butte Hold,-102.000000,466.000000,Normal,G,,8,Normal,None,Unspecified,Unspecified,,"(Id="""")",None,None
1538,1538,Graus,-101.000000,300.000000,Normal,G,V,4,Normal,None,Unspecified,H_1Plus,,"(Id="""")",None,None
1539,1539,Vindemiatrix,-101.000000,27.000000,Normal,G,III,8,Normal,None,Unspecified,H_1Plus,,"(Id=""MWFactionAsset:RepairSystem_15"")",/Game/Campaign/CampaignArcs/BorderChanges/_common/FactionBorderMeshes/SafezoneTempFolder/SafezoneCollision/Safezone_14_Blob.Safezone_14_Blob,/Game/Campaign/CampaignArcs/BorderChanges/_common/FactionBorderMeshes/SafezoneTempFolder/Safezone_14.Safezone_14
1540,1540,Blair Atholl,-100.000000,273.000000,Normal,None,,0,Normal,None,Unspecified,Unspecified,,"(Id="""")",None,None
1541,1541,Piriapolis,-100.000000,-361.000000,Normal,None,,0,Normal,None,Unspecified,Unspecified,,"(Id="""")",None,None
1542,1542,Granera,-99.000000,-333.000000,Normal,None,,0,Normal,None,Unspecified,Unspecified,,"(Id=""MWFactionAsset:DutchyOfAndurien"")",None,None
1543,1543,Edasich,-97.000000,122.000000,Normal,F,IV,6,Normal,None,Unspecified,H_1Plus,,"(Id=""MWFactionAsset:LyranStrongholds"")",None,None
1544,1544,Maxie's Planet,-97.000000,393.000000,Normal,None,,0,Normal,None,Unspecified,Unspecified,,"(Id=""MWFactionAsset:PirateCluster"")",None,None
1545,1545,Shenwan,-97.000000,-224.000000,Normal,None,,0,Normal,None,Unspecified,Unspecified,,"(Id=""MWFactionAsset:MarikLiaoBorder"")",None,None
1546,1546,Maritgues,-97.000000,-215.000000,Normal,None,,0,Normal,None,Unspecified,Unspecified,,"(Id="""")",None,None
1547,1547,Evciler,-96.000000,360.000000,Normal,None,,0,Normal,None,Unspecified,Unspecified,,"(Id="""")",None,None
1548,1548,Brixtana,-92.000000,-454.000000,Normal,None,,0,Normal,None,Unspecified,Unspecified,,"(Id="""")",None,None
1549,1549,Surcin,-92.000000,199.000000,Normal,None,,0,Normal,None,Unspecified,Unspecified,,"(Id="""")",None,None
1550,1550,Leskovik,-91.000000,336.000000,Normal,None,,0,Normal,None,Unspecified,Unspecified,,"(Id="""")",None,None
1551,1551,Romulus,-90.000000,383.000000,Normal,None,,0,Normal,None,Unspecified,Unspecified,,"(Id=""MWFactionAsset:PirateCluster"")",None,None
1552,1552,Ingonish,-89.500000,-346.500000,Normal,None,,0,Normal,None,Unspecified,Unspecified,,"(Id=""MWFactionAsset:DutchyOfAndurien"")",None,None
1553,1553,Villanueva,-88.000000,-351.000000,Normal,None,,0,Normal,None,Unspecified,Unspecified,,"(Id=""MWFactionAsset:DutchyOfAndurien"")",None,None
1554,1554,Deschenes,-88.000000,-300.000000,Normal,None,,0,Normal,None,Unspecified,Unspecified,,"(Id=""MWFactionAsset:DutchyOfAndurien"")",None,None
1555,1555,Drask's Den,-87.000000,493.000000,Normal,None,,0,Normal,None,Unspecified,Unspecified,,"(Id="""")",None,None
1556,1556,Sudeten,-84.000000,295.000000,Normal,K,V,5,Normal,None,Unspecified,H_1Plus,,"(Id="""")",None,None
1557,1557,Crellacor,-84.000000,474.000000,Normal,None,,0,Normal,None,Unspecified,Unspecified,,"(Id="""")",None,None
1558,1558,The Rock,-83.000000,505.000000,Normal,None,,0,Normal,None,Unspecified,Unspecified,,"(Id="""")",None,None
1559,1559,Ballynure,-83.000000,248.000000,Normal,None,,0,Normal,None,Unspecified,Unspecified,,"(Id="""")",None,None
1560,1560,Fagerholm,-83.000000,-366.000000,Normal,None,,0,Normal,None,Unspecified,Unspecified,,"(Id="""")",None,None
1561,1561,Seiduts,-83.000000,365.000000,Normal,None,,0,Normal,None,Unspecified,Unspecified,,"(Id="""")",None,None
1562,1562,Borghese,-80.000000,212.000000,Normal,None,,0,Normal,None,Unspecified,Unspecified,,"(Id=""MWFactionAsset:SteinerBorder"")",None,None
1563,1563,Zoetermeer,-79.000000,333.000000,Normal,G,V,9,Normal,None,Unspecified,H_1Plus,,"(Id="""")",None,None
1564,1564,Leganes,-78.000000,162.000000,Normal,None,,0,Normal,None,Unspecified,Unspecified,,"(Id=""MWFactionAsset:LyranStrongholds"")",None,None
1565,1565,Dunianshire,-78.000000,-502.000000,Normal,M,V,0,Normal,None,Unspecified,H_1Plus,,"(Id="""")",None,None
1566,1566,Dompaire,-75.000000,303.000000,Normal,None,,0,Normal,None,Unspecified,Unspecified,,"(Id="""")",None,None
1567,1567,Paulus Prime,-74.000000,484.000000,Normal,None,,0,Normal,None,Unspecified,Unspecified,,"(Id="""")",None,None
1568,1568,Vantaa,-73.000000,354.000000,Normal,None,,0,Normal,None,Unspecified,Unspecified,,"(Id=""MWFactionAsset:RasalagueReaches"")",None,None
1571,1571,Leyda,-72.000000,-350.000000,Normal,None,,0,Normal,None,Unspecified,Unspecified,,"(Id=""MWFactionAsset:DutchyOfAndurien"")",None,None
1573,1573,Csesztreg,-70.000000,395.000000,Normal,M,V,0,Normal,None,Unspecified,H_1Plus,,"(Id=""MWFactionAsset:RasalagueReaches"")",None,None
1574,1574,El Giza,-69.000000,-276.000000,Normal,None,,0,Normal,None,Unspecified,Unspecified,,"(Id=""MWFactionAsset:DutchyOfAndurien"")",None,None
1576,1576,Xanthe,-68.000000,-333.000000,Normal,None,,0,Normal,None,Unspecified,Unspecified,,"(Id=""MWFactionAsset:DutchyOfAndurien"")",/Game/Campaign/CampaignArcs/Regions/8_3/8_3.8_3,None
1577,1577,Vulcan,-67.000000,323.000000,Normal,None,,0,Normal,None,Unspecified,Unspecified,,"(Id="""")",None,None
1578,1578,Gustrell,-67.000000,471.000000,Normal,None,,0,Normal,None,Unspecified,Unspecified,,"(Id="""")",None,None
1579,1579,Colmar,-67.000000,302.000000,Normal,None,,0,Normal,None,Unspecified,Unspecified,,"(Id=""MWFactionAsset:SteinerBorder"")",None,None
1580,1580,Dainmar Majoris,-63.000000,-488.000000,Normal,None,,0,Normal,None,Unspecified,Unspecified,,"(Id="""")",None,None
1581,1581,Harvest,-63.000000,378.000000,Normal,None,,0,Normal,None,Unspecified,Unspecified,,"(Id=""MWFactionAsset:RasalagueReaches"")",None,None
1582,1582,Svarstaad,-63.000000,341.000000,Normal,None,,0,Normal,None,Unspecified,Unspecified,,"(Id="""")",None,None
1583,1583,Dell,-62.000000,334.000000,Normal,K,V,3,Normal,None,Unspecified,H_1Plus,,"(Id="""")",None,None
1584,1584,Montmarault,-60.000000,265.000000,Normal,None,,0,Normal,None,Unspecified,Unspecified,,"(Id=""MWFactionAsset:SteinerBorder"")",None,None
1585,1585,New Caledonia,-60.000000,409.000000,Normal,None,,0,Normal,None,Unspecified,Unspecified,,"(Id=""MWFactionAsset:RasalagueReaches"")",None,None
1586,1586,Verthandi,-55.000000,399.000000,Normal,None,,0,Normal,None,Unspecified,Unspecified,,"(Id=""MWFactionAsset:RasalagueReaches"")",None,None
1587,1587,Planting,-54.000000,368.000000,Normal,None,,0,Normal,None,Unspecified,Unspecified,,"(Id=""MWFactionAsset:RasalagueReaches"")",None,None
1588,1588,Claybrooke,-52.000000,-372.000000,Normal,F,IV,2,Normal,Zenith,Unspecified,H_1Plus,,"(Id="""")",None,None
1590,1590,Cursa,-52.000000,-352.000000,Normal,None,,0,Normal,None,Unspecified,Unspecified,,"(Id=""MWFactionAsset:DutchyOfAndurien"")",None,None
1591,1591,Gomeisa,-50.000000,-128.000000,Normal,None,,0,Normal,None,Unspecified,Unspecified,,"(Id="""")",None,None
1592,1592,Orkney (LC),-49.000000,237.000000,Normal,None,,0,Normal,None,Unspecified,Unspecified,,"(Id=""MWFactionAsset:SteinerBorder"")",None,None
1593,1593,Carbonis,-48.000000,-177.000000,Normal,M,V,1,Normal,None,Unspecified,H_1Plus,,"(Id=""MWFactionAsset:MarikLiaoBorder"")",None,None
1594,1594,Laurent,-45.000000,305.000000,Normal,None,,0,Normal,None,Unspecified,Unspecified,,"(Id=""MWFactionAsset:SteinerBorder"")",None,None
1595,1595,Yed Posterior,-45.000000,120.000000,Normal,G,IV,8,Normal,None,Unspecified,H_1Plus,,"(Id="""")",None,None
1597,1597,Rasalgethi,-42.000000,214.000000,Normal,M,Ia,9,Normal,Zenith,Unspecified,H_1Plus,,"(Id=""MWFactionAsset:SteinerBorder"")",None,None
1598,1598,Skokie,-42.000000,325.000000,Normal,None,,0,Normal,None,Unspecified,Unspecified,,"(Id="""")",None,None
1599,1599,Marfik,-41.000000,98.000000,Normal,A,V,1,Normal,None,Unspecified,H_1Plus,,"(Id="""")",None,None
1600,1600,Kirchbach,-39.000000,386.000000,Normal,F,V,0,Normal,None,Unspecified,H_1Plus,,"(Id=""MWFactionAsset:RasalagueReaches"")",/Game/Campaign/CampaignArcs/Regions/EndgameClusters/15_3.15_3,None
1601,1601,Les Halles,-39.000000,-190.000000,Normal,F,II,5,Normal,None,Unspecified,H_1Plus,,"(Id=""MWFactionAsset:MarikLiaoBorder"")",None,None
1602,1602,Mozirje,-39.000000,365.000000,Normal,None,,0,Normal,None,Unspecified,Unspecified,,"(Id=""MWFactionAsset:RasalagueReaches"")",None,None
1603,1603,Wallacia,-39.000000,-270.000000,Normal,None,,0,Normal,None,Unspecified,Unspecified,,"(Id="""")",None,None
1604,1604,Basiliano,-37.000000,344.000000,Normal,None,,0,Normal,None,Unspecified,Unspecified,,"(Id=""MWFactionAsset:StoryCluster5"")",None,None
1605,1605,Rastaban,-35.000000,264.000000,Normal,None,,0,Normal,None,Unspecified,Unspecified,,"(Id="""")",None,None
1606,1606,The Edge,-34.000000,410.000000,Normal,None,,0,Normal,None,Unspecified,Unspecified,,"(Id=""MWFactionAsset:RasalagueReaches"")",None,None
1607,1607,Eaglesham,-34.000000,136.000000,Normal,None,,0,Normal,None,Unspecified,Unspecified,,"(Id="""")",None,None
1608,1608,Domain,-33.000000,250.000000,Normal,None,,0,Normal,None,Unspecified,Unspecified,,"(Id=""MWFactionAsset:SteinerBorder"")",None,None
1609,1609,Fort Loudon,-33.000000,211.000000,Normal,G,III,6,Normal,Zenith,Unspecified,H_1Plus,,"(Id="""")",None,None
1610,1610,Moritz,-33.000000,322.000000,Normal,None,,0,Normal,None,Unspecified,Unspecified,,"(Id=""MWFactionAsset:StoryCluster5"")",None,None
1611,1611,Shaula,-31.000000,272.000000,Normal,None,,0,Normal,None,Unspecified,Unspecified,,"(Id="""")",None,None
1612,1612,Quarell,-31.000000,235.000000,Normal,None,,0,Normal,None,Unspecified,Unspecified,,"(Id="""")",None,None
1613,1613,Wheel,-30.000000,267.500000,Normal,None,,0,Normal,None,Unspecified,Unspecified,,"(Id="""")",None,None
1614,1614,Manaringaine,-31.000000,522.000000,Normal,None,,0,Normal,None,Unspecified,Unspecified,,"(Id="""")",None,None
1615,1615,Addasar,-30.000000,-521.000000,Normal,None,,0,Normal,None,Unspecified,Unspecified,,"(Id="""")",None,None
1616,1616,Lovinac,-29.000000,394.000000,Normal,None,,0,Normal,None,Unspecified,Unspecified,,"(Id=""MWFactionAsset:RasalagueReaches"")",None,None
1617,1617,Goodna,-29.000000,-242.000000,Normal,None,,0,Normal,None,Unspecified,Unspecified,,"(Id="""")",None,None
1618,1618,Jabuka,-29.000000,221.000000,Normal,None,,0,Normal,None,Unspecified,Unspecified,,"(Id="""")",None,None
1619,1619,Dalkeith,-27.000000,159.000000,Normal,K,V,5,Normal,None,Unspecified,H_1Plus,,"(Id="""")",None,None
1621,1621,Kujari,-26.000000,-267.000000,Normal,None,,0,Normal,None,Unspecified,Unspecified,,"(Id="""")",None,None
1622,1622,Bessarabia,-26.000000,279.000000,Normal,None,,0,Normal,None,Unspecified,Unspecified,,"(Id=""MWFactionAsset:SteinerBorder"")",None,None
1625,1625,Volders,-24.000000,294.000000,Normal,None,,0,Normal,None,Unspecified,Unspecified,,"(Id="""")",None,None
1627,1627,Pilpala,-24.000000,-379.000000,Normal,None,,0,Normal,None,Unspecified,Unspecified,,"(Id="""")",None,None
1628,1628,Second Chance,-23.000000,-131.000000,Normal,None,,0,Normal,None,Unspecified,Unspecified,,"(Id="""")",None,None
1629,1629,Liezen,-21.000000,383.000000,Normal,None,,0,Normal,None,Unspecified,Unspecified,,"(Id=""MWFactionAsset:RasalagueReaches"")",None,None
1630,1630,Feltre,-20.000000,365.000000,Normal,None,,0,Normal,None,Unspecified,Unspecified,,"(Id=""MWFactionAsset:RasalagueReaches"")",None,None
1631,1631,Hyperion,-20.000000,277.500000,Normal,None,,0,Normal,None,Unspecified,Unspecified,,"(Id="""")",None,None
1632,1632,Weingarten,-20.000000,303.000000,Normal,G,V,6,Normal,Zenith,Unspecified,H_1Plus,,"(Id="""")",None,None
1633,1633,Hohenems,-19.000000,351.000000,Normal,None,,0,Normal,None,Unspecified,Unspecified,,"(Id=""MWFactionAsset:StoryCluster5"")",None,None
1635,1635,Harsefeld,-18.000000,-143.000000,Normal,None,,0,Normal,None,Unspecified,Unspecified,,"(Id="""")",None,None
1636,1636,Nyserta,-18.000000,503.000000,Normal,A,III,9,Normal,None,Unspecified,Unspecified,,"(Id="""")",None,None
1637,1637,Rodigo,-17.000000,397.000000,Normal,None,,0,Normal,None,Unspecified,Unspecified,,"(Id=""MWFactionAsset:RasalagueReaches"")",None,None
1638,1638,Carse,-16.000000,241.000000,Binary,G,V,1,Normal,None,Unspecified,H_1Plus,,"(Id=""MWFactionAsset:SteinerBorder"")",None,None
1639,1639,Galuzzo,-16.000000,253.000000,Normal,None,,0,Normal,None,Unspecified,Unspecified,,"(Id=""MWFactionAsset:KuritaBorder"")",None,None
1640,1640,Kobe,-15.000000,284.000000,Normal,G,V,0,Normal,None,Unspecified,H_1Plus,,"(Id=""MWFactionAsset:SteinerBorder"")",None,None
1641,1641,Ueda,-14.000000,210.000000,Normal,None,,0,Normal,None,Unspecified,Unspecified,,"(Id=""MWFactionAsset:LowerClassWorlds"")",None,None
1642,1642,Exedor,-13.000000,-210.000000,Normal,F,V,2,Normal,None,Unspecified,H_1Plus,,"(Id=""MWFactionAsset:RepairSystem_10"")",None,None
1643,1643,Karston,-10.000000,279.000000,Normal,None,,0,Normal,None,Unspecified,Unspecified,,"(Id="""")",None,None
1644,1644,Alleghe,-10.000000,409.000000,Normal,None,,0,Normal,None,Unspecified,Unspecified,,"(Id=""MWFactionAsset:RasalagueReaches"")",None,None
1645,1645,Conquista,-10.000000,-310.000000,Normal,None,,0,Normal,None,Unspecified,Unspecified,,"(Id="""")",None,None
1646,1646,Thannhausen,-9.000000,294.000000,Normal,None,,0,Normal,None,Unspecified,Unspecified,,"(Id="""")",None,None
1647,1647,New Roland,-8.000000,-405.000000,Normal,None,,0,Normal,None,Unspecified,Unspecified,,"(Id=""MWFactionAsset:BackwaterRegion"")",None,None
1648,1648,Krin,-8.000000,-223.000000,Normal,K,V,2,Normal,None,Unspecified,H_1Plus,,"(Id="""")",None,None
1649,1649,Kandis,-7.000000,325.000000,Normal,None,,0,Normal,None,Unspecified,Unspecified,,"(Id=""MWFactionAsset:StoryCluster5"")",/Game/Campaign/CampaignArcs/Regions/StoryCluster_05/StoryCluster_5_STM.StoryCluster_5_STM,None
1650,1650,Fronde,-6.000000,-254.000000,Normal,None,,0,Normal,None,Unspecified,Unspecified,,"(Id="""")",None,None
1651,1651,Bruben,-6.000000,392.000000,Normal,None,,0,Normal,None,Unspecified,Unspecified,,"(Id=""MWFactionAsset:RasalagueReaches"")",None,None
1652,1652,Shionoha,-6.000000,135.000000,Normal,None,,0,Normal,None,Unspecified,Unspecified,,"(Id="""")",None,None
1653,1653,Andarmax,-3.000000,-390.000000,Normal,None,,0,Normal,None,Unspecified,Unspecified,,"(Id="""")",None,None
1656,1656,Diosd,-2.000000,232.000000,Normal,None,,0,Normal,None,Unspecified,Unspecified,,"(Id=""MWFactionAsset:LowerClassWorlds"")",None,None
1657,1657,Sax,-2.000000,-378.000000,Normal,F,V,2,Normal,None,Unspecified,H_1Plus,,"(Id="""")",None,None
1658,1658,Niomede,0.000000,-352.000000,Normal,None,,0,Normal,None,Unspecified,Unspecified,,"(Id="""")",None,None
1659,1659,Ramsau,0.000000,224.000000,Normal,None,,0,Normal,None,Unspecified,Unspecified,,"(Id=""MWFactionAsset:LowerClassWorlds"")",None,None
1660,1660,Principia,0.000000,-361.000000,Normal,F,IV,5,Normal,None,Unspecified,H_1Plus,,"(Id="""")",None,None
1661,1661,Unzmarkt,0.000000,368.000000,Normal,None,,0,Normal,None,Unspecified,Unspecified,,"(Id="""")",None,None
1663,1663,Heiligendreuz,3.000000,280.000000,Normal,None,,0,Normal,None,Unspecified,Unspecified,,"(Id="""")",None,None
1666,1666,Memmingen,7.000000,311.000000,Normal,None,,0,Normal,None,Unspecified,Unspecified,,"(Id=""MWFactionAsset:RepairSystem_17"")",None,None
1667,1667,Sigma Mare,7.000000,-318.000000,Normal,G,V,9,Normal,None,Unspecified,H_1Plus,,"(Id=""MWFactionAsset:RepairSystem_11"")",None,None
1669,1669,Ito,8.000000,-278.000000,Normal,None,,0,Normal,None,Unspecified,Unspecified,,"(Id="""")",None,None
1671,1671,Lesalles,10.000000,-166.000000,Normal,None,,0,Normal,None,Unspecified,Unspecified,,"(Id="""")",None,None
1672,1672,Phact,11.000000,-141.000000,Normal,None,,0,Normal,None,Unspecified,Unspecified,,"(Id="""")",None,None
1673,1673,Gunzburg,13.000000,293.000000,Normal,None,,0,Normal,None,Unspecified,Unspecified,,"(Id=""MWFactionAsset:RepairSystem_17"")",None,None
1674,1674,Jacomarle,13.000000,-386.000000,Normal,None,,0,Normal,None,Unspecified,Unspecified,,"(Id=""MWFactionAsset:BackwaterRegion"")",None,None
1675,1675,Stanzach,15.000000,318.000000,Normal,None,,0,Normal,None,Unspecified,Unspecified,,"(Id=""MWFactionAsset:RepairSystem_17"")",None,None
1676,1676,Claxton,16.000000,-266.000000,Normal,None,,0,Normal,None,Unspecified,Unspecified,,"(Id=""MWFactionAsset:SianCommonality"")",None,None
1677,1677,Repulse,16.000000,-400.000000,Normal,None,,0,Normal,None,Unspecified,Unspecified,,"(Id=""MWFactionAsset:BackwaterRegion"")",None,None
1678,1678,Buenos Aires,18.000000,-345.000000,Normal,G,V,8,Normal,Zenith,Unspecified,H_1Plus,,"(Id=""MWFactionAsset:RepairSystem_11"")",None,None
1679,1679,Shirotori,18.000000,191.000000,Normal,None,,0,Normal,None,Unspecified,Unspecified,,"(Id="""")",None,None
1680,1680,Elnath,19.000000,-128.000000,Normal,None,,0,Normal,None,Unspecified,Unspecified,,"(Id="""")",None,None
1681,1681,Engadin,20.000000,339.000000,Normal,None,,0,Normal,None,Unspecified,Unspecified,,"(Id=""MWFactionAsset:DroughtWorlds"")",None,None
1682,1682,Dicon,20.000000,-328.000000,Normal,None,,0,Normal,None,Unspecified,Unspecified,,"(Id=""MWFactionAsset:RepairSystem_11"")",/Game/Campaign/CampaignArcs/BorderChanges/_common/FactionBorderMeshes/SafezoneTempFolder/SafezoneCollision/Safezone_10_Blob.Safezone_10_Blob,/Game/Campaign/CampaignArcs/BorderChanges/_common/FactionBorderMeshes/SafezoneTempFolder/Safezone_10.Safezone_10
1683,1683,Barras,21.000000,-357.000000,Normal,K,V,2,Normal,None,Unspecified,H_1Plus,,"(Id="""")",None,None
1684,1684,Turin,21.000000,-371.000000,Normal,G,V,2,Normal,None,Unspecified,H_1Plus,,"(Id="""")",None,None
1685,1685,Corey,22.000000,-137.000000,Normal,M,V,1,Normal,None,Unspecified,H_1Plus,,"(Id="""")",None,None
1686,1686,Raballa,22.000000,-159.000000,Normal,F,V,5,Normal,None,Unspecified,H_1Plus,,"(Id=""MWFactionAsset:TsinghaiCommonality"")",None,None
1688,1688,Hermagor,24.000000,392.000000,Normal,None,,0,Normal,None,Unspecified,Unspecified,,"(Id=""MWFactionAsset:DropshipGraveyard"")",None,None
1689,1689,Ferleiten,26.000000,357.000000,Normal,None,,0,Normal,None,Unspecified,Unspecified,,"(Id=""MWFactionAsset:DroughtWorlds"")",None,None
1690,1690,Wright,27.000000,-293.000000,Normal,None,,0,Normal,None,Unspecified,Unspecified,,"(Id=""MWFactionAsset:SianCommonality"")",None,None
1691,1691,Yunnah,27.000000,-128.000000,Normal,None,,0,Normal,None,Unspecified,Unspecified,,"(Id="""")",None,None
1692,1692,Carmen,29.000000,-267.000000,Normal,None,,0,Normal,None,Unspecified,Unspecified,,"(Id=""MWFactionAsset:SianCommonality"")",None,None
1693,1693,Glasgow,29.000000,-217.000000,Normal,None,,0,Normal,None,Unspecified,Unspecified,,"(Id=""MWFactionAsset:TsinghaiCommonality"")",None,None
1694,1694,Balsta,29.000000,416.000000,Normal,None,,0,Normal,None,Unspecified,Unspecified,,"(Id=""MWFactionAsset:DropshipGraveyard"")",/Game/Campaign/CampaignArcs/Regions/13_3/13_3.13_3,None
1695,1695,Dawn,29.000000,378.000000,Normal,None,,0,Normal,None,Unspecified,Unspecified,,"(Id=""MWFactionAsset:DropshipGraveyard"")",None,None
1696,1696,Drozan,32.000000,-373.000000,Normal,F,V,2,Normal,None,Unspecified,H_1Plus,,"(Id="""")",None,None
1697,1697,Second Try,35.000000,-117.000000,Normal,None,,0,Normal,None,Unspecified,Unspecified,,"(Id="""")",None,None
1698,1698,Halesowen,37.000000,254.000000,Normal,None,,0,Normal,None,Unspecified,Unspecified,,"(Id=""MWFactionAsset:LowerClassWorlds"")",None,None
1699,1699,Eguilles,38.000000,235.000000,Normal,None,,0,Normal,None,Unspecified,Unspecified,,"(Id=""MWFactionAsset:LowerClassWorlds"")",None,None
1700,1700,Prix,39.000000,-331.000000,Normal,None,,0,Normal,None,Unspecified,Unspecified,,"(Id="""")",None,None
1702,1702,Bora,39.000000,-159.000000,Normal,None,,0,Normal,None,Unspecified,Unspecified,,"(Id=""MWFactionAsset:TsinghaiCommonality"")",None,None
1703,1703,Gunthar,40.000000,-386.000000,Normal,None,,0,Normal,None,Unspecified,Unspecified,,"(Id=""MWFactionAsset:BackwaterRegion"")",/Game/Campaign/CampaignArcs/Regions/8_4/8_4.8_4,None
1705,1705,Primus,40.000000,-323.000000,Normal,None,,0,Normal,None,Unspecified,Unspecified,,"(Id=""MWFactionAsset:SianCommonality"")",None,None
1706,1706,Leoben,42.000000,409.000000,Normal,None,,0,Normal,None,Unspecified,Unspecified,,"(Id=""MWFactionAsset:DropshipGraveyard"")",None,None
1707,1707,Radstadt,42.000000,319.000000,Normal,G,III,5,Normal,Zenith,Unspecified,H_1Plus,,"(Id="""")",None,None
1708,1708,Renown,42.000000,-401.000000,Normal,None,,0,Normal,None,Unspecified,Unspecified,,"(Id=""MWFactionAsset:BackwaterRegion"")",None,None
1710,1710,Sendalor,44.000000,-269.000000,Normal,None,,0,Normal,None,Unspecified,Unspecified,,"(Id=""MWFactionAsset:SianCommonality"")",None,None
1711,1711,Setubal,45.000000,239.000000,Normal,None,,0,Normal,None,Unspecified,Unspecified,,"(Id=""MWFactionAsset:LowerClassWorlds"")",/Game/Campaign/CampaignArcs/Regions/12_2/12_2.12_2,None
1712,1712,Decus,45.000000,-254.000000,Normal,None,,0,Normal,None,Unspecified,Unspecified,,"(Id=""MWFactionAsset:SianCommonality"")",/Game/Campaign/CampaignArcs/Regions/8_1/8_1.8_1,None
1713,1713,Goito,45.000000,336.000000,Normal,G,V,1,Normal,Zenith,Unspecified,H_1Plus,,"(Id=""MWFactionAsset:DroughtWorlds"")",None,None
1714,1714,Kempten,46.000000,311.000000,Normal,None,,0,Normal,None,Unspecified,Unspecified,,"(Id="""")",None,None
1716,1716,Grand Base,46.000000,-301.000000,Normal,G,IV,5,Normal,None,Unspecified,H_1Plus,,"(Id=""MWFactionAsset:SianCommonality"")",None,None
1717,1717,Overton,47.000000,-210.000000,Normal,G,V,4,Normal,Zenith,Unspecified,H_1Plus,,"(Id=""MWFactionAsset:SianCommonality"")",None,None
1718,1718,Chandler,47.000000,209.000000,Normal,None,,0,Normal,None,Unspecified,Unspecified,,"(Id="""")",None,None
1720,1720,Mannedorf,50.000000,229.000000,Normal,K,V,1,Normal,Zenith,Unspecified,H_1Plus,,"(Id=""MWFactionAsset:LowerClassWorlds"")",None,None
1721,1721,Numki,50.000000,203.000000,Normal,None,,0,Normal,None,Unspecified,Unspecified,,"(Id="""")",None,None
1722,1722,Kiesen,51.000000,218.000000,Normal,None,,0,Normal,None,Unspecified,Unspecified,,"(Id="""")",None,None
1723,1723,Borden,52.000000,-374.000000,Normal,None,,0,Normal,None,Unspecified,Unspecified,,"(Id=""MWFactionAsset:BackwaterRegion"")",None,None
1724,1724,Susquehanna,53.000000,424.000000,Normal,None,,0,Normal,None,Unspecified,Unspecified,,"(Id=""MWFactionAsset:DropshipGraveyard"")",None,None
1725,1725,Sarmaxa,54.000000,-165.000000,Normal,None,,0,Normal,None,Unspecified,Unspecified,,"(Id=""MWFactionAsset:TsinghaiCommonality"")",None,None
1726,1726,Decatur,55.000000,-339.000000,Normal,G,V,5,Normal,Zenith,Unspecified,H_1Plus,,"(Id="""")",None,None
1727,1727,Hustaing,56.000000,-248.000000,Normal,G,V,1,Normal,None,Unspecified,H_1Plus,,"(Id=""MWFactionAsset:SianCommonality"")",None,None
1728,1728,No Return,56.500000,-179.000000,Normal,None,,0,Normal,None,Unspecified,Unspecified,,"(Id="""")",None,None
1729,1729,Pomme De Terre,57.000000,366.000000,Normal,None,,0,Normal,None,Unspecified,Unspecified,,"(Id=""MWFactionAsset:DroughtWorlds"")",None,None
1730,1730,Krenice,57.000000,232.000000,Normal,None,,0,Normal,None,Unspecified,Unspecified,,"(Id=""MWFactionAsset:LowerClassWorlds"")",None,None
1731,1731,Radlje,58.000000,380.000000,Normal,None,,0,Normal,None,Unspecified,Unspecified,,"(Id=""MWFactionAsset:DroughtWorlds"")",None,None
1732,1732,Alshain,59.000000,281.000000,Normal,F,IV,8,Normal,None,Unspecified,H_1Plus,,"(Id="""")",None,None
1733,1733,Spittal,60.000000,347.000000,Normal,M,V,0,Normal,Zenith,Unspecified,H_1Plus,,"(Id=""MWFactionAsset:DroughtWorlds"")",None,None
1735,1735,Kaesong,60.000000,299.000000,Normal,None,,0,Normal,None,Unspecified,Unspecified,,"(Id=""MWFactionAsset:LowerClassWorlds"")",None,None
1736,1736,Meilen,60.000000,221.000000,Normal,None,,0,Normal,None,Unspecified,Unspecified,,"(Id="""")",None,None
1737,1737,Cavalor,62.000000,-391.000000,Normal,None,,0,Normal,None,Unspecified,Unspecified,,"(Id=""MWFactionAsset:BackwaterRegion"")",None,None
1738,1738,Randar,63.000000,-177.000000,Normal,None,,0,Normal,None,Unspecified,Unspecified,,"(Id="""")",None,None
1739,1739,Sakhalin (CC),62.000000,-143.000000,Normal,None,,0,Normal,None,Unspecified,Unspecified,,"(Id="""")",None,None
1740,1740,Marawi,63.000000,267.000000,Normal,None,,0,Normal,None,Unspecified,Unspecified,,"(Id=""MWFactionAsset:LowerClassWorlds"")",None,None
1741,1741,Sternwerde,64.000000,251.000000,Normal,None,,0,Normal,None,Unspecified,Unspecified,,"(Id=""MWFactionAsset:LowerClassWorlds"")",None,None
1742,1742,Sheliak,65.000000,292.000000,Normal,None,,0,Normal,None,Unspecified,Unspecified,,"(Id=""MWFactionAsset:LowerClassWorlds"")",None,None
1743,1743,Holloway,65.000000,-304.000000,Normal,G,V,2,Normal,None,Unspecified,H_1Plus,,"(Id="""")",None,None
1744,1744,Darius,66.000000,206.000000,Normal,None,,0,Normal,None,Unspecified,Unspecified,,"(Id="""")",None,None
1745,1745,Vestallas,67.000000,-217.000000,Normal,G,V,6,Normal,None,Unspecified,H_1Plus,,"(Id="""")",None,None
1747,1747,Egress,69.000000,-373.000000,Normal,G,V,3,Normal,None,Unspecified,H_1Plus,,"(Id=""MWFactionAsset:BackwaterRegion"")",None,None
1748,1748,Ziliang,69.000000,-266.000000,Normal,M,Ib,6,Normal,Zenith,Unspecified,H_1Plus,,"(Id="""")",None,None
1749,1749,Velhas,70.000000,-281.000000,Normal,None,,0,Normal,None,Unspecified,Unspecified,,"(Id="""")",None,None
1750,1750,Relevow,71.000000,-190.000000,Normal,None,,0,Normal,None,Unspecified,Unspecified,,"(Id="""")",None,None
1751,1751,Madras,71.000000,-328.000000,Normal,None,,0,Normal,None,Unspecified,Unspecified,,"(Id="""")",None,None
1752,1752,Kiamba,72.000000,242.000000,Normal,None,,0,Normal,None,Unspecified,Unspecified,,"(Id="""")",None,None
1753,1753,Kaifeng,72.000000,-154.000000,Normal,None,,0,Normal,None,Unspecified,Unspecified,,"(Id=""MWFactionAsset:TsinghaiCommonality"")",None,None
1754,1754,Pinnacle,72.000000,434.000000,Normal,None,,0,Normal,None,Unspecified,Unspecified,,"(Id=""MWFactionAsset:DropshipGraveyard"")",None,None
1755,1755,Ward,73.000000,-412.000000,Normal,F,V,6,Normal,None,Unspecified,H_1Plus,,"(Id="""")",None,None
1756,1756,Damian,74.000000,463.000000,Normal,None,,0,Normal,None,Unspecified,Unspecified,,"(Id="""")",None,None
1757,1757,Thessalonika,75.000000,307.000000,Normal,G,V,0,Normal,None,Unspecified,H_1Plus,,"(Id=""MWFactionAsset:LowerClassWorlds"")",None,None
1758,1758,Vard,75.000000,-358.000000,Normal,None,,0,Normal,None,Unspecified,Unspecified,,"(Id="""")",None,None
1759,1759,Columbine,76.000000,-349.000000,Normal,None,,0,Normal,None,Unspecified,Unspecified,,"(Id="""")",None,None
1760,1760,Casere,78.000000,347.000000,Normal,None,,0,Normal,None,Unspecified,Unspecified,,"(Id="""")",None,None
1761,1761,Hurik,78.000000,-400.000000,Normal,None,,0,Normal,None,Unspecified,Unspecified,,"(Id=""MWFactionAsset:BackwaterRegion"")",None,None
1762,1762,Matsu,79.000000,-137.000000,Normal,F,V,4,Normal,None,Unspecified,H_1Plus,,"(Id="""")",None,None
1763,1763,Dumaring,80.000000,225.000000,Normal,None,,0,Normal,None,Unspecified,Unspecified,,"(Id="""")",None,None
1764,1764,Last Frontier,81.000000,391.000000,Normal,None,,0,Normal,None,Unspecified,Unspecified,,"(Id=""MWFactionAsset:DroughtWorlds"")",None,None
1765,1765,Immenstadt,83.000000,-280.000000,Normal,None,,0,Normal,None,Unspecified,Unspecified,,"(Id="""")",None,None
1766,1766,Kittery,83.000000,-226.000000,Normal,G,III,4,Normal,Zenith,Unspecified,H_1Plus,,"(Id="""")",None,None
1767,1767,Ogano,84.000000,213.000000,Normal,None,,0,Normal,None,Unspecified,Unspecified,,"(Id="""")",None,None
1768,1768,Quimberton,84.000000,-362.000000,Normal,None,,0,Normal,None,Unspecified,Unspecified,,"(Id=""MWFactionAsset:BackwaterRegion"")",None,None
1769,1769,Ambergrist,84.000000,-260.000000,Normal,None,,0,Normal,None,Unspecified,Unspecified,,"(Id=""MWFactionAsset:DavionBorder"")",None,None
1771,1771,Pojos,86.000000,-380.000000,Normal,None,,0,Normal,None,Unspecified,Unspecified,,"(Id=""MWFactionAsset:BackwaterRegion"")",None,None
1772,1772,Xieng Khouang,86.000000,-314.000000,Normal,None,,0,Normal,None,Unspecified,Unspecified,,"(Id="""")",None,None
1773,1773,Heligoland,87.000000,-146.000000,Normal,None,,0,Normal,None,Unspecified,Unspecified,,"(Id="""")",None,None
1774,1774,Soverzene,88.000000,320.000000,Normal,None,,0,Normal,None,Unspecified,Unspecified,,"(Id="""")",None,None
1775,1775,Scituate,89.000000,-222.000000,Normal,None,,0,Normal,None,Unspecified,Unspecified,,"(Id="""")",None,None
1776,1776,Jezersko,89.000000,373.000000,Normal,None,,0,Normal,None,Unspecified,Unspecified,,"(Id=""MWFactionAsset:DroughtWorlds"")",/Game/Campaign/CampaignArcs/Regions/13_2/13_2.13_2,None
1777,1777,Mandate,89.000000,-127.000000,Normal,M,V,8,Normal,None,Unspecified,H_1Plus,,"(Id=""MWFactionAsset:A2M1_Cluster"")",None,None
1779,1779,Porthos,91.000000,480.000000,Normal,None,,0,Normal,None,Unspecified,Unspecified,,"(Id="""")",None,None
1780,1780,Gurnet,94.000000,-233.000000,Normal,None,,0,Normal,None,Unspecified,Unspecified,,"(Id="""")",None,None
1781,1781,Shimonita,95.000000,83.000000,Normal,F,V,4,Normal,None,Unspecified,H_1Plus,,"(Id="""")",None,None
1782,1782,Courchevel,96.000000,348.000000,Normal,None,,0,Normal,None,Unspecified,Unspecified,,"(Id="""")",None,None
1783,1783,Remshield,98.000000,-141.000000,Normal,F,V,9,Normal,None,Unspecified,H_1Plus,,"(Id="""")",None,None
1784,1784,Nashuar,98.000000,-204.000000,Normal,None,,0,Normal,None,Unspecified,Unspecified,,"(Id="""")",None,None
1785,1785,Weatogue,100.000000,-279.000000,Normal,None,,0,Normal,None,Unspecified,Unspecified,,"(Id="""")",None,None
1787,1787,Paracale,101.000000,217.000000,Normal,None,,0,Normal,None,Unspecified,Unspecified,,"(Id="""")",None,None
1788,1788,Constance,101.000000,433.000000,Normal,None,,0,Normal,None,Unspecified,Unspecified,,"(Id="""")",None,None
1789,1789,Ikast,102.000000,-286.000000,Normal,None,,0,Normal,None,Unspecified,Unspecified,,"(Id="""")",None,None
1790,1790,Tantara,102.000000,-255.000000,Normal,None,,0,Normal,None,Unspecified,Unspecified,,"(Id=""MWFactionAsset:DavionBorder"")",None,None
1791,1791,Jarett,103.000000,419.000000,Normal,None,,0,Normal,None,Unspecified,Unspecified,,"(Id="""")",None,None
1792,1792,Baruun Urt,106.000000,240.000000,Normal,None,,0,Normal,None,Unspecified,Unspecified,,"(Id="""")",None,None
1793,1793,Armaxa,107.000000,-208.000000,Normal,None,,0,Normal,None,Unspecified,Unspecified,,"(Id="""")",None,None
1794,1794,Muridox,107.000000,-385.000000,Normal,None,,0,Normal,None,Unspecified,Unspecified,,"(Id=""MWFactionAsset:TaurianCorridor"")",None,None
1796,1796,Mitchel,110.000000,-331.000000,Normal,None,,0,Normal,None,Unspecified,Unspecified,,"(Id="""")",None,None
1797,1797,Polcenigo,110.000000,378.000000,Normal,None,,0,Normal,None,Unspecified,Unspecified,,"(Id=""MWFactionAsset:DroughtWorlds"")",None,None
1798,1798,Jacson,112.000000,-349.000000,Normal,None,,0,Normal,None,Unspecified,Unspecified,,"(Id="""")",None,None
1799,1799,Texlos,112.000000,-275.000000,Normal,K,V,8,Normal,None,Unspecified,H_1Plus,,"(Id=""MWFactionAsset:DavionBorder"")",None,None
1800,1800,Lapida,114.000000,52.000000,Normal,F,IV,2,Normal,Zenith,Unspecified,H_1Plus,,"(Id="""")",None,None
1801,1801,Mentasta,115.000000,-239.000000,Normal,None,,0,Normal,None,Unspecified,Unspecified,,"(Id=""MWFactionAsset:DavionBorder"")",None,None
1802,1802,Jonzac,116.000000,-300.000000,Normal,None,,0,Normal,None,Unspecified,Unspecified,,"(Id="""")",None,None
1803,1803,Monhegan,117.000000,-186.000000,Normal,None,,0,Normal,None,Unspecified,Unspecified,,"(Id=""MWFactionAsset:RashpurOwensInc"")",/Game/Campaign/CampaignArcs/Regions/7_1/7_1_Mesh.7_1_Mesh,None
1804,1804,Kafr Silim,120.000000,-290.000000,Normal,None,,0,Normal,None,Unspecified,Unspecified,,"(Id="""")",None,None
1806,1806,Tallin,121.000000,-269.000000,Normal,None,,0,Normal,None,Unspecified,Unspecified,,"(Id=""MWFactionAsset:DavionBorder"")",None,None
1807,1807,Warlock,121.000000,-260.000000,Normal,F,IV,9,Normal,None,Unspecified,H_1Plus,,"(Id=""MWFactionAsset:DavionBorder"")",None,None
1809,1809,Cadiz,123.000000,150.000000,Normal,None,,0,Normal,None,Unspecified,Unspecified,,"(Id=""MWFactionAsset:RepairSystem_18"")",None,None
1810,1810,Schuyler,123.000000,370.000000,Normal,K,IV,4,Normal,None,Unspecified,H_1Plus,,"(Id=""MWFactionAsset:DroughtWorlds"")",None,None
1811,1811,Nykvarn,124.000000,392.000000,Normal,G,V,4,Normal,None,Unspecified,H_1Plus,,"(Id=""MWFactionAsset:DroughtWorlds"")",None,None
1812,1812,Idlewind,125.000000,433.000000,Normal,None,,0,Normal,None,Unspecified,Unspecified,,"(Id="""")",None,None
1813,1813,Shoreham,125.000000,-220.000000,Normal,None,,0,Normal,None,Unspecified,Unspecified,,"(Id="""")",None,None
1814,1814,Luzerne,125.000000,355.000000,Normal,None,,0,Normal,None,Unspecified,Unspecified,,"(Id=""MWFactionAsset:DroughtWorlds"")",None,None
1815,1815,Beid,126.000000,-246.000000,Normal,None,,0,Normal,None,Unspecified,Unspecified,,"(Id=""MWFactionAsset:DavionBorder"")",None,None
1818,1818,Garstedt,127.000000,385.000000,Normal,None,,0,Normal,None,Unspecified,Unspecified,,"(Id="""")",None,None
1819,1819,Tarazed,127.000000,254.000000,Normal,None,,0,Normal,None,Unspecified,Unspecified,,"(Id=""MWFactionAsset:RepairSystem_23"")",None,None
1820,1820,Sirdar,128.000000,-312.000000,Normal,None,,0,Normal,None,Unspecified,Unspecified,,"(Id="""")",None,None
1821,1821,Teng,129.000000,-274.000000,Normal,None,,0,Normal,None,Unspecified,Unspecified,,"(Id=""MWFactionAsset:DavionBorder"")",None,None
1823,1823,Frazer,130.000000,-336.000000,Normal,None,,0,Normal,None,Unspecified,Unspecified,,"(Id=""MWFactionAsset:TaurianCorridor"")",None,None
1824,1824,Richmond,132.000000,459.000000,Normal,None,,0,Normal,None,Unspecified,Unspecified,,"(Id="""")",None,None
1825,1825,Byesville,134.000000,339.000000,Normal,None,,0,Normal,None,Unspecified,Unspecified,,"(Id="""")",None,None
1826,1826,Dover,134.000000,203.000000,Normal,G,V,2,Normal,None,Unspecified,H_1Plus,,"(Id="""")",None,None
1827,1827,Yuris,136.000000,-353.000000,Normal,None,,0,Normal,None,Unspecified,Unspecified,,"(Id=""MWFactionAsset:TaurianCorridor"")",None,None
1828,1828,Hadnall,138.000000,-265.000000,Normal,None,,0,Normal,None,Unspecified,Unspecified,,"(Id=""MWFactionAsset:DavionBorder"")",None,None
1829,1829,Haappajarvi,138.000000,-243.000000,Normal,None,,0,Normal,None,Unspecified,Unspecified,,"(Id=""MWFactionAsset:DavionBorder"")",None,None
1830,1830,Labrea,140.000000,328.000000,Normal,None,,0,Normal,None,Unspecified,Unspecified,,"(Id=""MWFactionAsset:KuritanBadlands"")",None,None
1831,1831,Bethel,142.000000,-186.000000,Normal,None,,0,Normal,None,Unspecified,Unspecified,,"(Id=""MWFactionAsset:RashpurOwensInc"")",None,None
1832,1832,Courcellete,143.000000,-313.000000,Normal,None,,0,Normal,None,Unspecified,Unspecified,,"(Id="""")",None,None
1833,1833,Savinsville,143.000000,359.000000,Normal,F,V,9,Normal,None,Unspecified,H_1Plus,,"(Id=""MWFactionAsset:DroughtWorlds"")",None,None
1834,1834,Andro,146.000000,-174.000000,Normal,None,,0,Normal,None,Unspecified,Unspecified,,"(Id=""MWFactionAsset:RashpurOwensInc"")",None,None
1835,1835,Caripare,148.000000,294.000000,Normal,None,,0,Normal,None,Unspecified,Unspecified,,"(Id="""")",None,None
1836,1836,Wolcott,148.000000,340.000000,Normal,None,,0,Normal,None,Unspecified,Unspecified,,"(Id="""")",None,None
1837,1837,Abruzzi,151.000000,-307.000000,Normal,None,,0,Normal,None,Unspecified,Unspecified,,"(Id=""MWFactionAsset:DavionBorder"")",None,None
1839,1839,Rockland,151.000000,423.000000,Normal,None,,0,Normal,None,Unspecified,Unspecified,,"(Id="""")",None,None
1840,1840,Avon,151.000000,253.000000,Normal,G,V,8,Normal,None,Unspecified,H_1Plus,,"(Id=""MWFactionAsset:RepairSystem_23"")",None,None
1841,1841,Listowel,151.000000,-68.000000,Normal,None,,0,Normal,None,Unspecified,Unspecified,,"(Id=""MWFactionAsset:ShippingRoute"")",None,None
1842,1842,Orbisonia,151.000000,-156.000000,Normal,None,,0,Normal,None,Unspecified,Unspecified,,"(Id=""MWFactionAsset:RepairSystem_9"")",None,None
1844,1844,Turtle Bay,154.000000,404.000000,Normal,None,,0,Normal,None,Unspecified,Unspecified,,"(Id="""")",None,None
1845,1845,Regis Roost,155.000000,-446.000000,Normal,None,,0,Normal,None,Unspecified,Unspecified,,"(Id="""")",None,None
1846,1846,Brisbane,156.000000,-402.000000,Normal,G,,2,Normal,Zenith,Unspecified,H_1Plus,,"(Id=""MWFactionAsset:TaurianCorridor"")",None,None
1847,1847,Outer Volta,157.000000,321.000000,Normal,None,,0,Normal,None,Unspecified,Unspecified,,"(Id=""MWFactionAsset:KuritanBadlands"")",None,None
1848,1848,Aea,157.000000,-430.000000,Normal,None,,0,Normal,None,Unspecified,Unspecified,,"(Id="""")",None,None
1849,1849,Bacum,158.000000,-292.000000,Normal,None,,0,Normal,None,Unspecified,Unspecified,,"(Id=""MWFactionAsset:DavionBorder"")",None,None
1850,1850,Vanern,161.000000,142.000000,Normal,None,,0,Normal,None,Unspecified,Unspecified,,"(Id="""")",None,None
1851,1851,Shaunavon,162.000000,-326.000000,Normal,None,,0,Normal,None,Unspecified,Unspecified,,"(Id="""")",None,None
1852,1852,Matar,163.000000,57.000000,Normal,None,,0,Normal,None,Unspecified,Unspecified,,"(Id=""MWFactionAsset:KuritaDavion"")",None,None
1853,1853,Juazeiro,164.000000,304.000000,Normal,None,,0,Normal,None,Unspecified,Unspecified,,"(Id=""MWFactionAsset:KuritanBadlands"")",None,None
1854,1854,Marshdale,165.000000,333.000000,Normal,None,,0,Normal,None,Unspecified,Unspecified,,"(Id="""")",None,None
1855,1855,Almunge,165.000000,400.000000,Normal,None,,0,Normal,None,Unspecified,Unspecified,,"(Id="""")",None,None
1856,1856,Amiga,167.000000,-85.000000,Normal,None,,0,Normal,None,Unspecified,Unspecified,,"(Id=""MWFactionAsset:RepairSystem_7"")",None,None
1857,1857,Yardley,168.000000,212.000000,Normal,None,,0,Normal,None,Unspecified,Unspecified,,"(Id="""")",None,None
1858,1858,Hanover,169.000000,367.000000,Normal,A,V,4,Normal,None,Unspecified,H_1Plus,,"(Id=""MWFactionAsset:StoryCluster6"")",None,None
1859,1859,Yumesta,171.000000,227.000000,Normal,None,,0,Normal,None,Unspecified,Unspecified,,"(Id="""")",None,None
1860,1860,Apriki,175.000000,122.000000,Normal,None,,0,Normal,None,Unspecified,Unspecified,,"(Id="""")",None,None
1861,1861,Klathandu,177.000000,32.000000,Normal,None,,0,Normal,None,Unspecified,Unspecified,,"(Id="""")",None,None
1862,1862,Reisling's Planet,177.000000,81.000000,Normal,None,,0,Normal,None,Unspecified,Unspecified,,"(Id="""")",None,None
1863,1863,Schwartz,178.000000,430.000000,Normal,None,,0,Normal,None,Unspecified,Unspecified,,"(Id="""")",None,None
1864,1864,Aucara,178.000000,-299.000000,Normal,None,,0,Normal,None,Unspecified,Unspecified,,"(Id=""MWFactionAsset:DavionBorder"")",None,None
1865,1865,Bangor,178.000000,353.000000,Normal,None,,0,Normal,None,Unspecified,Unspecified,,"(Id=""MWFactionAsset:StoryCluster6"")",/Game/Campaign/CampaignArcs/Regions/StoryCluster_06/StoryCluster_6_STM.StoryCluster_6_STM,None
1866,1866,Landmark,178.000000,-400.000000,Normal,None,,0,Normal,None,Unspecified,Unspecified,,"(Id=""MWFactionAsset:TaurianCorridor"")",None,None
1867,1867,Argos,179.000000,-488.000000,Normal,None,,0,Normal,None,Unspecified,Unspecified,,"(Id="""")",None,None
1868,1868,Bristol,181.000000,-67.000000,Normal,K,V,5,Normal,Zenith,Unspecified,H_1Plus,,"(Id=""MWFactionAsset:ShippingRoute"")",None,None
1869,1869,New Mendham,181.000000,60.000000,Normal,None,,0,Normal,None,Unspecified,Unspecified,,"(Id=""MWFactionAsset:RepairSystem_4"")",None,None
1870,1870,Irece,181.000000,296.000000,Normal,F,III,8,Normal,None,Unspecified,H_1Plus,,"(Id=""MWFactionAsset:KuritanBadlands"")",/Game/Campaign/CampaignArcs/Regions/13_1/13_1.13_1,None
1871,1871,Coudoux,182.000000,386.000000,Normal,G,V,9,Normal,None,Unspecified,H_1Plus,,"(Id="""")",None,None
1872,1872,Koping Chian,183.000000,117.000000,Normal,None,,0,Normal,None,Unspecified,Unspecified,,"(Id="""")",None,None
1873,1873,Flaum,184.000000,-419.000000,Normal,None,,0,Normal,None,Unspecified,Unspecified,,"(Id="""")",None,None
1874,1874,Minowa,185.000000,159.000000,Normal,None,,0,Normal,None,Unspecified,Unspecified,,"(Id="""")",None,None
1875,1875,Beenleigh,185.000000,-271.000000,Normal,None,,0,Normal,None,Unspecified,Unspecified,,"(Id="""")",None,None
1876,1876,Carmacks,185.000000,-239.000000,Normal,G,V,3,Normal,None,Unspecified,H_1Plus,,"(Id="""")",None,None
1877,1877,Jansen's Hold,185.000000,-381.000000,Normal,G,V,4,Normal,None,Unspecified,H_1Plus,,"(Id=""MWFactionAsset:TaurianCorridor"")",None,None
1878,1878,Teniente,187.000000,310.000000,Normal,None,,0,Normal,None,Unspecified,Unspecified,,"(Id=""MWFactionAsset:KuritanBadlands"")",None,None
1879,1879,Burton,187.000000,-424.000000,Normal,None,,0,Normal,None,Unspecified,Unspecified,,"(Id="""")",None,None
1880,1880,Manteno,191.000000,-73.000000,Normal,F,V,5,Normal,Zenith,Unspecified,H_1Plus,,"(Id=""MWFactionAsset:ShippingRoute"")",None,None
1881,1881,New Vallis,193.000000,-377.500000,Normal,None,,0,Normal,None,Unspecified,Unspecified,,"(Id=""MWFactionAsset:TaurianCorridor"")",None,None
1882,1882,Fortymile,195.000000,-216.000000,Normal,None,,0,Normal,None,Unspecified,Unspecified,,"(Id=""MWFactionAsset:StoryCluster2"")",None,None
1883,1883,Corsica Nueva,196.000000,229.000000,Normal,None,,0,Normal,None,Unspecified,Unspecified,,"(Id="""")",None,None
1884,1884,Jamestown,196.000000,-387.500000,Normal,G,V,1,Normal,None,Unspecified,H_1Plus,,"(Id=""MWFactionAsset:TaurianCorridor"")",None,None
1885,1885,New Ganymede,201.000000,-381.000000,Normal,G,,2,Normal,None,Unspecified,H_1Plus,,"(Id=""MWFactionAsset:TaurianCorridor"")",None,None
1886,1886,Taygeta,200.000000,-298.000000,Normal,None,,0,Normal,None,Unspecified,Unspecified,,"(Id="""")",None,None
1887,1887,Virentofta,201.000000,403.000000,Normal,None,,0,Normal,None,Unspecified,Unspecified,,"(Id="""")",None,None
1888,1888,Carthage,201.000000,-468.000000,Normal,None,,0,Normal,None,Unspecified,Unspecified,,"(Id="""")",None,None
1889,1889,Meinacos,203.000000,298.000000,Normal,None,,0,Normal,None,Unspecified,Unspecified,,"(Id=""MWFactionAsset:KuritanBadlands"")",None,None
1890,1890,Hyner,206.000000,331.000000,Normal,None,,0,Normal,None,Unspecified,Unspecified,,"(Id="""")",None,None
1891,1891,Layover,206.000000,-20.000000,Normal,F,V,8,Normal,None,Unspecified,H_1Plus,,"(Id=""MWFactionAsset:IndustrialMiningCompany"")",None,None
1892,1892,Tatsuno,206.000000,156.000000,Normal,None,,0,Normal,None,Unspecified,Unspecified,,"(Id="""")",None,None
1893,1893,Cumberland,209.000000,-267.000000,Normal,None,,0,Normal,None,Unspecified,Unspecified,,"(Id="""")",None,None
1894,1894,Kabah,209.000000,373.000000,Normal,None,,0,Normal,None,Unspecified,Unspecified,,"(Id=""MWFactionAsset:StoryCluster7"")",None,None
1895,1895,Le Blanc,209.000000,18.000000,Normal,G,III,0,Normal,Zenith,Unspecified,H_1Plus,,"(Id=""MWFactionAsset:IndustrialMiningCompany"")",None,None
1897,1897,Hobson,216.000000,-286.000000,Normal,None,,0,Normal,None,Unspecified,Unspecified,,"(Id="""")",None,None
1898,1898,Camadeierre,220.000000,-405.000000,Normal,None,,0,Normal,None,Unspecified,Unspecified,,"(Id="""")",None,None
1899,1899,Stapelfeld,220.000000,396.000000,Normal,None,,0,Normal,None,Unspecified,Unspecified,,"(Id="""")",None,None
1900,1900,Mordialloc,222.000000,-266.000000,Normal,None,,0,Normal,None,Unspecified,Unspecified,,"(Id="""")",None,None
1901,1901,Spitz,223.000000,-433.000000,Normal,None,,0,Normal,None,Unspecified,Unspecified,,"(Id="""")",None,None
1902,1902,Markesan,223.000000,-75.000000,Normal,None,,0,Normal,None,Unspecified,Unspecified,,"(Id="""")",None,None
1903,1903,Jeanette,224.000000,370.000000,Normal,G,V,6,Normal,Zenith,Unspecified,H_1Plus,,"(Id=""MWFactionAsset:StoryCluster7"")",None,None
1904,1904,McComb,224.000000,58.000000,Normal,None,,0,Normal,None,Unspecified,Unspecified,,"(Id=""MWFactionAsset:DavionKurita_1"")",None,None
1905,1905,Togura,226.000000,155.000000,Normal,G,III,4,Normal,Zenith,Unspecified,H_1Plus,,"(Id="""")",None,None
1906,1906,Mithron,226.000000,-367.000000,Normal,None,,0,Normal,None,Unspecified,Unspecified,,"(Id=""MWFactionAsset:TaurianCorridor"")",None,None
1907,1907,Herndon,227.000000,335.000000,Normal,None,,0,Normal,None,Unspecified,Unspecified,,"(Id=""MWFactionAsset:RepairSystem_19"")",None,None
1908,1908,Victoria (FS),228.000000,-178.000000,Normal,None,,0,Normal,None,Unspecified,Unspecified,,"(Id="""")",None,None
1909,1909,McAlister,229.000000,346.000000,Normal,M,V,0,Normal,None,Unspecified,H_1Plus,,"(Id=""MWFactionAsset:RepairSystem_19"")",None,None
1910,1910,New Ivaarsen,229.000000,35.000000,Normal,K,V,1,Normal,None,Unspecified,H_1Plus,,"(Id="""")",None,None
1911,1911,Atreus Prime,230.000000,-377.000000,Normal,None,,0,Normal,None,Unspecified,Unspecified,,"(Id=""MWFactionAsset:TaurianCorridor"")",None,None
1912,1912,Chupadero,230.000000,383.000000,Normal,None,,0,Normal,None,Unspecified,Unspecified,,"(Id=""MWFactionAsset:StoryCluster7"")",/Game/Campaign/CampaignArcs/Regions/StoryCluster_07/StoryCluster_7_STM.StoryCluster_7_STM,None
1913,1913,Kaitangata,234.000000,-282.000000,Normal,None,,0,Normal,None,Unspecified,Unspecified,,"(Id="""")",None,None
1914,1914,Hellespont,237.000000,-517.000000,Normal,None,,0,Normal,None,Unspecified,Unspecified,,"(Id="""")",None,None
1915,1915,Strawn,238.000000,-91.000000,Normal,None,,0,Normal,None,Unspecified,Unspecified,,"(Id="""")",None,None
1916,1916,Ebensburg,239.000000,304.000000,Normal,None,,0,Normal,None,Unspecified,Unspecified,,"(Id=""MWFactionAsset:KuritanBadlands"")",None,None
1917,1917,Wapakoneta,240.000000,70.000000,Normal,K,V,0,Normal,None,Unspecified,H_1Plus,,"(Id=""MWFactionAsset:DavionKurita_1"")",None,None
1918,1918,Oshika,241.000000,178.000000,Normal,G,V,5,Normal,None,Unspecified,H_1Plus,,"(Id="""")",None,None
1920,1920,Cheriton,247.000000,331.000000,Normal,None,,0,Normal,None,Unspecified,Unspecified,,"(Id=""MWFactionAsset:RepairSystem_19"")",/Game/Campaign/CampaignArcs/BorderChanges/_common/FactionBorderMeshes/SafezoneTempFolder/SafezoneCollision/Safezone_18_Blob.Safezone_18_Blob,/Game/Campaign/CampaignArcs/BorderChanges/_common/FactionBorderMeshes/SafezoneTempFolder/Safezone_18.Safezone_18
1921,1921,Midway,250.000000,205.000000,Normal,G,V,2,Normal,None,Unspecified,H_1Plus,,"(Id="""")",None,None
1922,1922,Montcoal,250.000000,-170.000000,Normal,None,,0,Normal,None,Unspecified,Unspecified,,"(Id=""MWFactionAsset:RepairSystem_20"")",None,None
1923,1923,Sawyer,253.000000,396.000000,Normal,None,,0,Normal,None,Unspecified,Unspecified,,"(Id="""")",None,None
1924,1924,Matamoras,255.000000,352.000000,Normal,G,V,1,Normal,None,Unspecified,H_1Plus,,"(Id=""MWFactionAsset:RepairSystem_19"")",None,None
1925,1925,Oltepesi,255.000000,-279.000000,Normal,None,,0,Normal,None,Unspecified,Unspecified,,"(Id="""")",None,None
1926,1926,Emporia,259.000000,-7.000000,Normal,None,,0,Normal,None,Unspecified,Unspecified,,"(Id=""MWFactionAsset:IndustrialMiningCompany"")",None,None
1927,1927,New Aberdeen,259.000000,79.000000,Normal,None,,0,Normal,None,Unspecified,Unspecified,,"(Id=""MWFactionAsset:DavionKurita_1"")",None,None
1928,1928,Lonaconing,260.000000,378.000000,Normal,None,,0,Normal,None,Unspecified,Unspecified,,"(Id=""MWFactionAsset:StoryCluster10"")",None,None
1929,1929,Tuscarawas,260.000000,311.000000,Normal,None,,0,Normal,None,Unspecified,Unspecified,,"(Id="""")",None,None
1930,1930,Ipava,261.500000,-106.500000,Normal,None,,0,Normal,None,Unspecified,Unspecified,,"(Id=""MWFactionAsset:RepairSystem_20"")",None,None
1932,1932,Benet,265.000000,59.000000,Normal,M,V,5,Normal,None,Unspecified,Unspecified,,"(Id=""MWFactionAsset:DavionKurita_1"")",None,None
1933,1933,Clearfield,266.000000,330.000000,Normal,None,,0,Normal,None,Unspecified,Unspecified,,"(Id=""MWFactionAsset:RepairSystem_19"")",None,None
1934,1934,Bettendorf,267.000000,26.000000,Normal,None,,0,Normal,None,Unspecified,Unspecified,,"(Id=""MWFactionAsset:IndustrialMiningCompany"")",None,None
1935,1935,Bergman's Planet,269.000000,77.000000,Normal,None,,0,Normal,None,Unspecified,Unspecified,,"(Id=""MWFactionAsset:DavionKurita_1"")",None,None
1936,1936,Lothair,268.000000,-340.000000,Normal,None,,0,Normal,None,Unspecified,Unspecified,,"(Id=""MWFactionAsset:TaurianCorridor"")",None,None
1937,1937,Tarnby,269.000000,433.000000,Normal,None,,0,Normal,None,Unspecified,Unspecified,,"(Id=""MWFactionAsset:RepairSystem_29"")",None,None
1938,1938,Bogard,272.000000,-33.000000,Normal,None,,0,Normal,None,Unspecified,Unspecified,,"(Id=""MWFactionAsset:RepairSystem_3"")",None,None
1940,1940,Drienfontein,273.000000,-293.000000,Normal,None,,0,Normal,None,Unspecified,Unspecified,,"(Id="""")",None,None
1941,1941,Davetal,274.000000,-450.000000,Normal,None,,0,Normal,None,Unspecified,Unspecified,,"(Id="""")",None,None
1942,1942,Amber Grove,275.000000,-365.000000,Normal,None,,0,Normal,None,Unspecified,Unspecified,,"(Id=""MWFactionAsset:TaurianCorridor"")",None,None
1943,1943,New Damascus,276.000000,-208.000000,Normal,K,V,9,Normal,Zenith,Unspecified,H_1Plus,,"(Id="""")",None,None
1944,1944,Handa,277.000000,142.000000,Normal,None,,0,Normal,None,Unspecified,Unspecified,,"(Id="""")",None,None
1945,1945,Macksburg,279.000000,345.000000,Normal,None,,0,Normal,None,Unspecified,Unspecified,,"(Id="""")",None,None
1946,1946,Sakhara,279.000000,34.000000,Normal,K,V,3,Normal,None,Unspecified,H_1Plus,,"(Id=""MWFactionAsset:IndustrialMiningCompany"")",None,None
1947,1947,Isesaki,279.000000,195.000000,Binary,M,V,0,Normal,None,C_0,H_1Plus,,"(Id="""")",None,None
1948,1948,Kirklin,281.000000,-68.000000,Normal,K,V,5,Normal,None,Unspecified,H_1Plus,,"(Id="""")",None,None
1949,1949,Matsuida,281.000000,130.000000,Normal,G,V,5,Normal,None,Unspecified,H_1Plus,,"(Id="""")",None,None
1950,1950,Northfield,282.000000,-76.000000,Normal,None,,0,Normal,None,Unspecified,Unspecified,,"(Id="""")",None,None
1951,1951,Waxell,282.000000,-181.000000,Normal,None,,0,Normal,None,Unspecified,Unspecified,,"(Id="""")",None,None
1952,1952,Sakuranoki,285.000000,161.000000,Normal,None,,0,Normal,None,Unspecified,Unspecified,,"(Id="""")",None,None
1953,1953,Altona,286.000000,425.000000,Normal,None,,0,Normal,None,Unspecified,Unspecified,,"(Id=""MWFactionAsset:RepairSystem_29"")",None,None
1954,1954,Die Moot,287.000000,-305.000000,Normal,None,,0,Normal,None,Unspecified,Unspecified,,"(Id="""")",None,None
1955,1955,Grosvenor,288.000000,-227.000000,Normal,None,,0,Normal,None,Unspecified,Unspecified,,"(Id="""")",None,None
1956,1956,Kiserian,288.000000,-282.000000,Normal,None,,0,Normal,None,Unspecified,Unspecified,,"(Id="""")",None,None
1957,1957,Cahokia,291.000000,-74.000000,Normal,M,V,0,Normal,None,Unspecified,H_1Plus,,"(Id="""")",None,None
1958,1958,Hassi R'mel,291.000000,281.000000,Normal,None,,0,Normal,None,Unspecified,Unspecified,,"(Id="""")",None,None
1959,1959,Fairfield,291.000000,46.000000,Normal,None,,0,Normal,None,Unspecified,Unspecified,,"(Id="""")",None,None
1960,1960,Igualada,293.000000,115.000000,Normal,None,,0,Normal,None,Unspecified,Unspecified,,"(Id="""")",None,None
1962,1962,Steeles,294.000000,-143.000000,Normal,None,,0,Normal,None,Unspecified,Unspecified,,"(Id=""MWFactionAsset:RepairSystem_20"")",None,None
1963,1963,Loysville,294.000000,323.000000,Normal,K,V,5,Normal,Zenith,Unspecified,H_1Plus,,"(Id="""")",None,None
1964,1964,Chapineria,295.000000,395.000000,Normal,None,,0,Normal,None,Unspecified,Unspecified,,"(Id="""")",None,None
1965,1965,Marodzi,295.000000,-277.000000,Normal,None,,0,Normal,None,Unspecified,Unspecified,,"(Id="""")",None,None
1966,1966,Evansville,296.000000,-37.000000,Normal,None,,0,Normal,None,Unspecified,Unspecified,,"(Id=""MWFactionAsset:RepairSystem_3"")",None,None
1967,1967,Enchi,297.000000,-290.000000,Normal,None,,0,Normal,None,Unspecified,Unspecified,,"(Id="""")",None,None
1968,1968,Kaguyak,300.000000,-238.000000,Normal,None,,0,Normal,None,Unspecified,Unspecified,,"(Id="""")",None,None
1969,1969,Semichi,302.000000,-217.000000,Normal,None,,0,Normal,None,Unspecified,Unspecified,,"(Id="""")",None,None
1970,1970,Chakachamna,302.000000,-183.000000,Normal,None,,0,Normal,None,Unspecified,Unspecified,,"(Id="""")",None,None
1971,1971,Espakeh,304.000000,345.000000,Normal,None,,0,Normal,None,Unspecified,Unspecified,,"(Id="""")",None,None
1972,1972,Maynard,307.000000,2.000000,Normal,None,,0,Normal,None,Unspecified,Unspecified,,"(Id="""")",None,None
1973,1973,Gravenhage,307.000000,429.000000,Normal,None,,0,Normal,None,Unspecified,Unspecified,,"(Id=""MWFactionAsset:RepairSystem_29"")",/Game/Campaign/CampaignArcs/Regions/EndgameClusters/29_Collision.29_Collision,/Game/Campaign/CampaignArcs/Regions/EndgameClusters/Safezone_29.Safezone_29
1974,1974,Paulding,308.000000,-101.500000,Normal,None,,0,Normal,None,Unspecified,Unspecified,,"(Id=""MWFactionAsset:RepairSystem_20"")",None,None
1975,1975,Colchester,308.000000,-14.000000,Normal,None,,0,Normal,None,Unspecified,Unspecified,,"(Id="""")",None,None
1976,1976,Potwin,310.000000,-20.000000,Normal,None,,0,Normal,None,Unspecified,Unspecified,,"(Id="""")",None,None
1977,1977,Leipsic,311.000000,-106.000000,Normal,None,,0,Normal,None,Unspecified,Unspecified,,"(Id=""MWFactionAsset:RepairSystem_20"")",None,None
1978,1978,Leyland,311.000000,396.000000,Normal,None,,0,Normal,None,Unspecified,Unspecified,,"(Id="""")",None,None
1979,1979,Grossbach,313.000000,-370.000000,Normal,None,,0,Normal,None,Unspecified,Unspecified,,"(Id="""")",None,None
1980,1980,Tegaldanas,313.000000,-282.000000,Normal,None,,0,Normal,None,Unspecified,Unspecified,,"(Id="""")",None,None
1981,1981,Gant,314.000000,-464.000000,Normal,None,,0,Normal,None,Unspecified,Unspecified,,"(Id="""")",None,None
1982,1982,Nadrin,316.000000,154.000000,Normal,None,,0,Normal,None,Unspecified,Unspecified,,"(Id="""")",None,None
1983,1983,Ningxia,318.000000,316.000000,Normal,K,V,0,Normal,None,Unspecified,H_1Plus,,"(Id="""")",None,None
1984,1984,Charity,318.000000,266.000000,Normal,None,,0,Normal,None,Unspecified,Unspecified,,"(Id="""")",None,None
1985,1985,Lexington,318.000000,-23.000000,Normal,None,,0,Normal,None,Unspecified,Unspecified,,"(Id=""MWFactionAsset:InfernosWake"")",None,None
1986,1986,Reisterstown,318.000000,-150.000000,Normal,None,,0,Normal,None,Unspecified,Unspecified,,"(Id=""MWFactionAsset:RepairSystem_20"")",None,None
1987,1987,Udibi,319.000000,70.000000,Normal,None,,0,Normal,None,Unspecified,Unspecified,,"(Id=""MWFactionAsset:DavionKurita_1"")",None,None
1988,1988,Kotzebue,319.000000,-208.000000,Normal,None,,0,Normal,None,Unspecified,Unspecified,,"(Id="""")",None,None
1989,1989,Newton,320.000000,-31.000000,Normal,None,,0,Normal,None,Unspecified,Unspecified,,"(Id="""")",None,None
1990,1990,Cassias,320.000000,80.000000,Normal,M,Ia,5,Normal,None,Unspecified,H_1Plus,,"(Id=""MWFactionAsset:DavionKurita_1"")",None,None
1991,1991,Qandahar,321.000000,361.000000,Normal,G,IV,0,Normal,None,Unspecified,H_1Plus,,"(Id="""")",None,None
1993,1993,Nunivak,325.000000,-190.000000,Normal,None,,0,Normal,None,Unspecified,Unspecified,,"(Id="""")",None,None
1994,1994,Algate,326.000000,381.000000,Normal,None,,0,Normal,None,Unspecified,Unspecified,,"(Id="""")",None,None
1995,1995,Hartshill,326.000000,411.000000,Normal,None,,0,Normal,None,Unspecified,Unspecified,,"(Id=""MWFactionAsset:RepairSystem_29"")",None,None
1996,1996,Logan's Land,325.000000,-361.000000,Normal,None,,0,Normal,None,Unspecified,Unspecified,,"(Id=""MWFactionAsset:TaurianCorridor"")",None,None
1997,1997,Sun Prairie,328.000000,29.000000,Normal,None,,0,Normal,None,Unspecified,Unspecified,,"(Id=""MWFactionAsset:InfernosWake"")",None,None
1998,1998,Slaithwaite,329.000000,396.000000,Normal,None,,0,Normal,None,Unspecified,Unspecified,,"(Id="""")",None,None
1999,1999,Delitzsch,329.000000,148.000000,Normal,None,,0,Normal,None,Unspecified,Unspecified,,"(Id=""MWFactionAsset:RepairSystem_25"")",/Game/Campaign/CampaignArcs/BorderChanges/_common/FactionBorderMeshes/SafezoneTempFolder/SafezoneSection2/SafezoneCollision/Safezone6_Collision.Safezone6_Collision,/Game/Campaign/CampaignArcs/BorderChanges/_common/FactionBorderMeshes/SafezoneTempFolder/SafezoneSection2/Safezone6.Safezone6
2000,2000,Brailsford,330.000000,388.000000,Normal,None,,0,Normal,None,Unspecified,Unspecified,,"(Id="""")",None,None
2001,2001,Songgang,330.000000,-302.000000,Normal,None,,0,Normal,None,Unspecified,Unspecified,,"(Id="""")",None,None
2002,2002,Bellevue,331.000000,-58.000000,Normal,None,,0,Normal,None,Unspecified,Unspecified,,"(Id="""")",None,None
2003,2003,McGehee,333.000000,76.000000,Normal,None,,0,Normal,None,Unspecified,Unspecified,,"(Id="""")",None,None
2004,2004,Norman's World,333.000000,-357.000000,Normal,None,,0,Normal,None,Unspecified,Unspecified,,"(Id=""MWFactionAsset:TaurianCorridor"")",None,None
2005,2005,Hecheng,335.000000,-268.000000,Normal,None,,0,Normal,None,Unspecified,Unspecified,,"(Id="""")",None,None
2006,2006,Chorley,336.000000,383.000000,Normal,None,,0,Normal,None,Unspecified,Unspecified,,"(Id="""")",None,None
2007,2007,Altdorf,336.000000,120.000000,Normal,None,,0,Normal,None,Unspecified,Unspecified,,"(Id=""MWFactionAsset:RepairSystem_25"")",None,None
2008,2008,Belaire,337.000000,-277.000000,Normal,None,,0,Normal,None,Unspecified,Unspecified,,"(Id="""")",None,None
2009,2009,Choudrant,339.000000,57.000000,Normal,None,,0,Normal,None,Unspecified,Unspecified,,"(Id=""MWFactionAsset:RepairSystem_6"")",/Game/Campaign/CampaignArcs/BorderChanges/_common/FactionBorderMeshes/SafezoneTempFolder/SafezoneCollision/Safezone_3_Blob.Safezone_3_Blob,/Game/Campaign/CampaignArcs/BorderChanges/_common/FactionBorderMeshes/SafezoneTempFolder/Safezone_3.Safezone_3
2010,2010,Salford,342.000000,407.000000,Normal,None,,0,Normal,None,Unspecified,Unspecified,,"(Id="""")",None,None
2011,2011,Celentaro,343.000000,-352.000000,Normal,None,,0,Normal,None,Unspecified,Unspecified,,"(Id=""MWFactionAsset:TaurianCorridor"")",None,None
2012,2012,Capra,343.000000,107.000000,Normal,None,,0,Normal,None,Unspecified,Unspecified,,"(Id="""")",None,None
2013,2013,Macomb,344.000000,-20.000000,Normal,None,,0,Normal,None,Unspecified,Unspecified,,"(Id=""MWFactionAsset:InfernosWake"")",None,None
2014,2014,Linqing,345.000000,313.000000,Normal,None,,0,Normal,None,Unspecified,Unspecified,,"(Id="""")",None,None
2015,2015,Dicallus,345.000000,-376.000000,Normal,G,V,2,Normal,None,Unspecified,H_1Plus,,"(Id="""")",None,None
2016,2016,Sparrevohn,347.000000,-190.000000,Normal,None,,0,Normal,None,Unspecified,Unspecified,,"(Id="""")",None,None
2017,2017,Damevang,348.000000,65.000000,Normal,None,,0,Normal,None,Unspecified,Unspecified,,"(Id=""MWFactionAsset:RepairSystem_6"")",None,None
2018,2018,Senorbi,348.000000,151.000000,Normal,None,,0,Normal,None,Unspecified,Unspecified,,"(Id=""MWFactionAsset:RepairSystem_25"")",None,None
2019,2019,Waldheim,349.000000,131.000000,Normal,None,,0,Normal,None,Unspecified,Unspecified,,"(Id=""MWFactionAsset:RepairSystem_25"")",None,None
2020,2020,Kamarod,349.000000,363.000000,Normal,None,,0,Normal,None,Unspecified,Unspecified,,"(Id="""")",None,None
2021,2021,Quincy,350.000000,-34.000000,Normal,None,,0,Normal,None,Unspecified,Unspecified,,"(Id=""MWFactionAsset:InfernosWake"")",None,None
2022,2022,Monywa,352.000000,268.000000,Normal,None,,0,Normal,None,Unspecified,Unspecified,,"(Id="""")",None,None
2023,2023,Abiy Adi,352.000000,317.000000,Normal,G,V,2,Normal,None,Unspecified,H_1Plus,,"(Id="""")",None,None
2024,2024,Euclid,352.000000,-71.000000,Normal,K,V,3,Normal,None,Unspecified,H_1Plus,,"(Id="""")",None,None
2025,2025,Cambiano,354.000000,-244.000000,Normal,None,,0,Normal,None,Unspecified,Unspecified,,"(Id="""")",None,None
2026,2026,Necedah,357.000000,-8.000000,Normal,None,,0,Normal,None,Unspecified,Unspecified,,"(Id=""MWFactionAsset:InfernosWake"")",/Game/Campaign/CampaignArcs/Regions/4_1/4_1_Mesh.4_1_Mesh,None
2027,2027,Brihuega,358.000000,394.000000,Normal,None,,0,Normal,None,Unspecified,Unspecified,,"(Id="""")",None,None
2028,2028,Gambarare,360.000000,-272.000000,Normal,None,,0,Normal,None,Unspecified,Unspecified,,"(Id="""")",None,None
2029,2029,Colia,360.000000,67.000000,Normal,None,,0,Normal,None,Unspecified,Unspecified,,"(Id=""MWFactionAsset:RepairSystem_6"")",None,None
2030,2030,Macintosh,362.000000,-267.000000,Normal,M,V,9,Normal,None,Unspecified,H_1Plus,,"(Id="""")",None,None
2031,2031,Micros,365.000000,-437.000000,Normal,None,,0,Normal,None,Unspecified,Unspecified,,"(Id="""")",None,None
2032,2032,Ad Duwayd,365.000000,378.000000,Normal,None,,0,Normal,None,Unspecified,Unspecified,,"(Id="""")",None,None
2033,2033,Cimeron,366.000000,85.000000,Normal,None,,0,Normal,None,Unspecified,Unspecified,,"(Id="""")",None,None
2034,2034,Point Barrow,366.000000,-131.000000,Normal,None,,0,Normal,None,Unspecified,Unspecified,,"(Id="""")",None,None
2035,2035,Multan,367.000000,332.000000,Normal,None,,0,Normal,None,Unspecified,Unspecified,,"(Id="""")",None,None
2036,2036,Melcher,370.000000,39.000000,Normal,None,,0,Normal,None,Unspecified,Unspecified,,"(Id=""MWFactionAsset:InfernosWake"")",None,None
2037,2037,Nowhere,372.000000,406.000000,Normal,None,,0,Normal,None,Unspecified,Unspecified,,"(Id="""")",None,None
2038,2038,Tatlawiksuk,375.000000,-192.000000,Normal,None,,0,Normal,None,Unspecified,Unspecified,,"(Id="""")",None,None
2039,2039,Koulen,375.000000,231.000000,Normal,None,,0,Normal,None,Unspecified,Unspecified,,"(Id=""MWFactionAsset:RepairSystem_30"")",None,None
2040,2040,Korramabad,376.000000,367.000000,Normal,None,,0,Normal,None,Unspecified,Unspecified,,"(Id="""")",None,None
2041,2041,Pusht-i-rud,376.000000,352.000000,Normal,None,,0,Normal,None,Unspecified,Unspecified,,"(Id="""")",None,None
2042,2042,Verdigreis,376.000000,-333.000000,Normal,None,,0,Normal,None,Unspecified,Unspecified,,"(Id="""")",None,None
2043,2043,Keytesville,378.000000,-31.000000,Normal,None,,0,Normal,None,Unspecified,Unspecified,,"(Id=""MWFactionAsset:InfernosWake"")",None,None
2044,2044,Huaide,380.000000,289.000000,Normal,None,,0,Normal,None,Unspecified,Unspecified,,"(Id="""")",None,None
2045,2045,Soul,381.000000,281.000000,Normal,M,V,2,Normal,None,Unspecified,H_1Plus,,"(Id="""")",None,None
2046,2046,Orkney (TC),382.000000,-403.000000,Normal,None,,0,Normal,None,Unspecified,Unspecified,,"(Id="""")",None,None
2047,2047,Althea's Choice,383.000000,-343.000000,Normal,None,,0,Normal,None,Unspecified,Unspecified,,"(Id="""")",None,None
2048,2048,Abagnar,383.000000,317.000000,Normal,None,,0,Normal,None,Unspecified,Unspecified,,"(Id="""")",None,None
2049,2049,Sinope,386.000000,197.000000,Normal,None,,0,Normal,None,Unspecified,Unspecified,,"(Id=""MWFactionAsset:OutworldsBorder"")",None,None
2050,2050,Birmensdorf,386.000000,-273.000000,Normal,None,,0,Normal,None,Unspecified,Unspecified,,"(Id="""")",None,None
2051,2051,Zalaf,391.000000,214.000000,Normal,None,,0,Normal,None,Unspecified,Unspecified,,"(Id=""MWFactionAsset:OutworldsBorder"")",None,None
2052,2052,Agliana,393.000000,-292.000000,Normal,None,,0,Normal,None,Unspecified,Unspecified,,"(Id="""")",None,None
2053,2053,Hongor,393.000000,317.000000,Normal,None,,0,Normal,None,Unspecified,Unspecified,,"(Id="""")",None,None
2054,2054,Andalusia,395.000000,-110.000000,Normal,None,,0,Normal,None,Unspecified,Unspecified,,"(Id="""")",None,None
2055,2055,Ramgarh,395.000000,227.000000,Normal,None,,0,Normal,None,Unspecified,Unspecified,,"(Id=""MWFactionAsset:OutworldsBorder"")",None,None
2056,2056,Meinrad,396.000000,-86.000000,Normal,None,,0,Normal,None,Unspecified,Unspecified,,"(Id="""")",None,None
2057,2057,Latexo,396.000000,81.000000,Normal,None,,0,Normal,None,Unspecified,Unspecified,,"(Id=""MWFactionAsset:MercenaryRow"")",None,None
2058,2058,Mansfield,398.000000,-63.000000,Normal,None,,0,Normal,None,Unspecified,Unspecified,,"(Id="""")",None,None
2059,2059,Bonneau,400.000000,-167.000000,Normal,None,,0,Normal,None,Unspecified,Unspecified,,"(Id="""")",None,None
2060,2060,Estuan,400.000000,-309.000000,Normal,None,,0,Normal,None,Unspecified,Unspecified,,"(Id="""")",None,None
2061,2061,Niles,402.000000,121.000000,Normal,None,,0,Normal,None,Unspecified,Unspecified,,"(Id=""MWFactionAsset:OutworldsBorder"")",None,None
2062,2062,Ottumwa,403.500000,35.500000,Normal,None,,0,Normal,None,Unspecified,Unspecified,,"(Id="""")",None,None
2063,2063,Junior,403.000000,1.000000,Normal,None,,0,Normal,None,Unspecified,Unspecified,,"(Id="""")",None,None
2064,2064,Monroe,407.000000,-45.000000,Normal,None,,0,Normal,None,Unspecified,Unspecified,,"(Id=""MWFactionAsset:RepairSystem_2"")",None,None
2065,2065,Brundage,407.000000,50.000000,Normal,G,III,4,Normal,None,Unspecified,H_1Plus,,"(Id=""MWFactionAsset:MercenaryRow"")",None,None
2066,2066,Mayetta,409.000000,7.000000,Normal,F,II,7,Normal,None,Unspecified,H_1Plus,,"(Id=""MWFactionAsset:MercenaryRow"")",None,None
2067,2067,Neukirchen,410.000000,-249.000000,Normal,None,,0,Normal,None,Unspecified,Unspecified,,"(Id="""")",None,None
2068,2068,Niquinohomo,411.000000,-229.000000,Normal,None,,0,Normal,None,Unspecified,Unspecified,,"(Id="""")",None,None
2069,2069,Land's End,411.000000,323.000000,Normal,None,,0,Normal,None,Unspecified,Unspecified,,"(Id="""")",None,None
2070,2070,Waimalu,412.000000,-180.000000,Normal,None,,0,Normal,None,Unspecified,Unspecified,,"(Id="""")",None,None
2071,2071,Charleston,413.000000,-393.000000,Normal,None,,0,Normal,None,Unspecified,Unspecified,,"(Id="""")",None,None
2073,2073,Anguilla,415.000000,80.000000,Normal,None,,0,Normal,None,Unspecified,Unspecified,,"(Id=""MWFactionAsset:MercenaryRow"")",None,None
2074,2074,Cerulean,416.000000,-81.000000,Normal,None,,0,Normal,None,Unspecified,Unspecified,,"(Id="""")",None,None
2075,2075,Kokpekty,416.000000,305.000000,Normal,None,,0,Normal,None,Unspecified,Unspecified,,"(Id="""")",None,None
2077,2077,Sullivan,417.000000,-31.000000,Normal,None,,0,Normal,None,Unspecified,Unspecified,,"(Id=""MWFactionAsset:RepairSystem_2"")",/Game/Campaign/CampaignArcs/BorderChanges/_common/FactionBorderMeshes/SafezoneTempFolder/SafezoneCollision/Safezone_2_Blob.Safezone_2_Blob,/Game/Campaign/CampaignArcs/BorderChanges/_common/FactionBorderMeshes/SafezoneTempFolder/Safezone_2.Safezone_2
2078,2078,Princton,417.000000,27.000000,Normal,None,,0,Normal,None,Unspecified,Unspecified,,"(Id=""MWFactionAsset:MercenaryRow"")",None,None
2079,2079,Sturgis,420.000000,69.000000,Normal,None,,0,Normal,None,Unspecified,Unspecified,,"(Id=""MWFactionAsset:MercenaryRow"")",/Game/Campaign/CampaignArcs/Regions/3_1/3_1_Mesh.3_1_Mesh,None
2080,2080,Carvajal,421.000000,-439.000000,Normal,None,,0,Normal,None,Unspecified,Unspecified,,"(Id="""")",None,None
2081,2081,Rezak's Hole,422.000000,342.000000,Normal,None,,0,Normal,None,Unspecified,Unspecified,,"(Id="""")",None,None
2082,2082,Suianheer,423.000000,249.000000,Normal,None,,0,Normal,None,Unspecified,Unspecified,,"(Id=""MWFactionAsset:OutworldsBorder"")",None,None
2083,2083,Armington,424.000000,-306.000000,Normal,None,,0,Normal,None,Unspecified,Unspecified,,"(Id="""")",None,None
2084,2084,Sylvan,427.000000,3.000000,Normal,None,,0,Normal,None,Unspecified,Unspecified,,"(Id="""")",None,None
2085,2085,Lihue,428.000000,-200.000000,Normal,None,,0,Normal,None,Unspecified,Unspecified,,"(Id="""")",None,None
2086,2086,Defiance,428.000000,-107.000000,Normal,G,V,0,Normal,None,Unspecified,H_1Plus,,"(Id="""")",None,None
2087,2087,Pirate's Haven,428.000000,-353.000000,Cluster,None,,0,Normal,None,Unspecified,H_1Plus,,"(Id="""")",None,None
2088,2088,Waipahu,430.000000,-190.000000,Normal,None,,0,Normal,None,Unspecified,Unspecified,,"(Id="""")",None,None
2089,2089,Mokane,431.000000,-23.000000,Normal,None,,0,Normal,None,Unspecified,Unspecified,,"(Id=""MWFactionAsset:RepairSystem_2"")",None,None
2090,2090,Csomad,431.000000,-295.000000,Normal,None,,0,Normal,None,Unspecified,Unspecified,,"(Id="""")",None,None
2091,2091,Tyrrhenia,432.000000,-492.000000,Normal,None,,0,Normal,None,Unspecified,Unspecified,,"(Id="""")",None,None
2092,2092,Lyceum,432.000000,77.000000,Normal,None,,0,Normal,None,Unspecified,Unspecified,,"(Id=""MWFactionAsset:OutworldsBorder"")",None,None
2093,2093,Enif,433.000000,291.000000,Normal,F,V,8,Normal,None,Unspecified,H_1Plus,,"(Id="""")",None,None
2094,2094,Pascagoula,433.000000,58.000000,Normal,None,,0,Normal,None,Unspecified,Unspecified,,"(Id=""MWFactionAsset:MercenaryRow"")",None,None
2095,2095,Weldon,433.000000,-94.000000,Normal,None,,0,Normal,None,Unspecified,Unspecified,,"(Id="""")",None,None
2096,2096,Alegro,433.000000,146.000000,Normal,None,,0,Normal,None,Unspecified,Unspecified,,"(Id=""MWFactionAsset:OutworldsBorder"")",None,None
2097,2097,Baxley,436.000000,-151.000000,Normal,K,IV,5,Normal,None,Unspecified,H_1Plus,,"(Id="""")",None,None
2098,2098,Hickok,436.000000,-5.000000,Normal,None,,0,Normal,None,Unspecified,Unspecified,,"(Id=""MWFactionAsset:RepairSystem_2"")",None,None
2100,2100,St. Robert,437.000000,-32.000000,Normal,None,,0,Normal,None,Unspecified,Unspecified,,"(Id=""MWFactionAsset:RepairSystem_2"")",None,None
2101,2101,Dothan,437.000000,-135.000000,Normal,None,,0,Normal,None,Unspecified,Unspecified,,"(Id="""")",None,None
2102,2102,Sabanillas,437.000000,-178.000000,Normal,A,III,3,Normal,None,Unspecified,H_1Plus,,"(Id="""")",None,None
2103,2103,Brasha,440.000000,196.000000,Normal,G,V,4,Normal,Zenith,Unspecified,H_1Plus,,"(Id=""MWFactionAsset:OutworldsBorder"")",None,None
2104,2104,Dindatari,442.000000,161.000000,Normal,None,,0,Normal,None,Unspecified,Unspecified,,"(Id=""MWFactionAsset:OutworldsBorder"")",None,None
2105,2105,Brookeland,444.000000,71.000000,Normal,None,,0,Normal,None,Unspecified,Unspecified,,"(Id=""MWFactionAsset:MercenaryRow"")",None,None
2106,2106,Fuveau,444.000000,-235.000000,Normal,None,,0,Normal,None,Unspecified,Unspecified,,"(Id="""")",None,None
2107,2107,Kinkaid,444.000000,124.000000,Normal,None,,0,Normal,None,Unspecified,Unspecified,,"(Id=""MWFactionAsset:OutworldsBorder"")",None,None
2108,2108,Morthac,446.000000,176.000000,Normal,None,,0,Normal,None,Unspecified,Unspecified,,"(Id=""MWFactionAsset:OutworldsBorder"")",None,None
2109,2109,Belle Isle,449.000000,-455.000000,Normal,None,,0,Normal,None,Unspecified,Unspecified,,"(Id="""")",None,None
2110,2110,De Berry,450.000000,63.000000,Normal,None,,0,Normal,None,Unspecified,Unspecified,,"(Id=""MWFactionAsset:MercenaryRow"")",None,None
2111,2111,Kettering,450.000000,-98.000000,Normal,None,,0,Normal,None,Unspecified,Unspecified,,"(Id="""")",None,None
2112,2112,Perdido,450.000000,-114.000000,Normal,None,,0,Normal,None,Unspecified,Unspecified,,"(Id="""")",None,None
2113,2113,Tsamma,452.000000,-45.000000,Normal,K,VII,2,Normal,None,Unspecified,H_1Plus,,"(Id="""")",None,None
2114,2114,Vicente,453.000000,-70.000000,Normal,None,,0,Normal,None,Unspecified,Unspecified,,"(Id="""")",None,None
2115,2115,Adrian,453.000000,28.000000,Normal,None,,0,Normal,None,Unspecified,Unspecified,,"(Id="""")",None,None
2116,2116,Baranda,453.000000,-261.000000,Normal,None,,0,Normal,None,Unspecified,Unspecified,,"(Id="""")",None,None
2117,2117,Greeley,453.000000,41.000000,Normal,K,V,5,Normal,None,Unspecified,H_1Plus,,"(Id=""MWFactionAsset:MercenaryRow"")",None,None
2118,2118,Milligan's World,454.000000,219.000000,Normal,None,,0,Normal,None,Unspecified,Unspecified,,"(Id=""MWFactionAsset:OutworldsBorder"")",None,None
2119,2119,Protection,456.000000,5.000000,Normal,None,,0,Normal,None,Unspecified,Unspecified,,"(Id="""")",None,None
2120,2120,Crestoblus,456.000000,104.000000,Normal,None,,0,Normal,None,Unspecified,Unspecified,,"(Id=""MWFactionAsset:OutworldsBorder"")",None,None
2121,2121,Redondo,458.000000,-215.000000,Normal,None,,0,Normal,None,Unspecified,Unspecified,,"(Id="""")",None,None
2122,2122,Calish,461.000000,162.000000,Normal,None,,0,Normal,None,Unspecified,Unspecified,,"(Id=""MWFactionAsset:OutworldsBorder"")",None,None
2123,2123,Hephzibah,461.000000,-169.000000,Normal,None,,0,Normal,None,Unspecified,Unspecified,,"(Id="""")",None,None
2124,2124,Xenia,461.000000,-90.000000,Normal,None,,0,Normal,None,Unspecified,Unspecified,,"(Id="""")",None,None
2125,2125,Colchis,462.000000,-502.000000,Normal,None,,0,Normal,None,Unspecified,Unspecified,,"(Id="""")",None,None
2126,2126,Eustatius,462.000000,-200.000000,Normal,None,,0,Normal,None,Unspecified,Unspecified,,"(Id="""")",None,None
2127,2127,Shubuta,464.000000,-124.000000,Normal,None,,0,Normal,None,Unspecified,Unspecified,,"(Id="""")",None,None
2128,2128,Molino,464.000000,-136.000000,Normal,None,,0,Normal,None,Unspecified,Unspecified,,"(Id="""")",None,None
2129,2129,Hoonaar,464.000000,-267.000000,Normal,None,,0,Normal,None,Unspecified,Unspecified,,"(Id="""")",None,None
2130,2130,Chanute,468.000000,24.000000,Normal,None,,0,Normal,None,Unspecified,Unspecified,,"(Id="""")",None,None
2131,2131,Broaddus,469.000000,56.000000,Normal,None,,0,Normal,None,Unspecified,Unspecified,,"(Id=""MWFactionAsset:RepairSystem_1"")",None,None
2132,2132,Dneiper,469.000000,246.000000,Normal,F,V,4,Normal,None,Unspecified,H_1Plus,,"(Id="""")",None,None
2133,2133,Gronholt,470.000000,-263.000000,Normal,None,,0,Normal,None,Unspecified,Unspecified,,"(Id="""")",None,None
2134,2134,Vackisujfalu,470.000000,-289.000000,Normal,None,,0,Normal,None,Unspecified,Unspecified,,"(Id="""")",None,None
2135,2135,Quiberas,472.000000,175.000000,Normal,None,,0,Normal,None,Unspecified,Unspecified,,"(Id="""")",None,None
2136,2136,Nagel,475.000000,6.000000,Normal,None,,0,Normal,None,Unspecified,Unspecified,,"(Id="""")",None,None
2137,2137,Minette,476.000000,-111.000000,Normal,None,,0,Normal,None,Unspecified,Unspecified,,"(Id="""")",None,None
2138,2138,Mejicanos,476.000000,-183.000000,Normal,None,,0,Normal,None,Unspecified,Unspecified,,"(Id="""")",None,None
2139,2139,Adelson,477.000000,-247.000000,Normal,None,,0,Normal,None,Unspecified,Unspecified,,"(Id="""")",None,None
2140,2140,Prinis Prime,477.000000,235.000000,Normal,None,,0,Normal,None,Unspecified,Unspecified,,"(Id="""")",None,None
2141,2141,Benedict,477.000000,-12.000000,Normal,None,,0,Normal,None,Unspecified,Unspecified,,"(Id="""")",None,None
2142,2142,Rushaven,478.000000,213.000000,Normal,None,,0,Normal,None,Unspecified,Unspecified,,"(Id="""")",None,None
2143,2143,Milligan,479.000000,39.000000,Normal,None,,0,Normal,None,Unspecified,Unspecified,,"(Id=""MWFactionAsset:RepairSystem_1"")",None,None
2144,2144,Vandalia,482.000000,-67.000000,Normal,None,,0,Normal,None,Unspecified,Unspecified,,"(Id="""")",None,None
2145,2145,Pajarito,484.000000,78.000000,Normal,None,,0,Normal,None,Unspecified,Unspecified,,"(Id=""MWFactionAsset:RepairSystem_1"")",None,None
2146,2146,Mitchella,485.000000,143.000000,Normal,G,V,2,Normal,None,Unspecified,H_1Plus,,"(Id="""")",None,None
2147,2147,Davisville,485.000000,-28.000000,Normal,None,,0,Normal,None,Unspecified,Unspecified,,"(Id="""")",None,None
2148,2148,Jaboatao,485.000000,-214.000000,Normal,None,,0,Normal,None,Unspecified,Unspecified,,"(Id="""")",None,None
2149,2149,Quatre Belle,485.000000,158.000000,Normal,F,IV,4,Normal,None,Unspecified,H_1Plus,,"(Id="""")",None,None
2150,2150,Risin,488.000000,228.000000,Normal,None,,0,Normal,None,Unspecified,Unspecified,,"(Id="""")",None,None
2151,2151,Erod's Escape,488.000000,-506.000000,Normal,G,V,0,Normal,None,Unspecified,H_1Plus,,"(Id="""")",None,None
2152,2152,Symsonia,491.000000,-96.000000,Normal,None,,0,Normal,None,Unspecified,Unspecified,,"(Id="""")",None,None
2153,2153,Hortense,492.000000,-146.000000,Normal,None,,0,Normal,None,Unspecified,Unspecified,,"(Id="""")",None,None
2154,2154,Coraines,494.000000,198.000000,Normal,None,,0,Normal,None,Unspecified,Unspecified,,"(Id="""")",None,None
2155,2155,Ramora,495.000000,100.000000,Normal,G,V,3,Normal,Zenith,Unspecified,H_1Plus,,"(Id="""")",None,None
2156,2156,Sodertalje,498.000000,-237.000000,Normal,None,,0,Normal,None,Unspecified,Unspecified,,"(Id="""")",None,None
2157,2157,Banori,498.000000,125.000000,Normal,None,,0,Normal,None,Unspecified,Unspecified,,"(Id="""")",None,None
2158,2158,Des Arc,501.000000,-84.000000,Normal,None,,0,Normal,None,Unspecified,Unspecified,,"(Id="""")",None,None
2159,2159,Jordan Wais,501.000000,179.000000,Normal,None,,0,Normal,None,Unspecified,Unspecified,,"(Id="""")",None,None
2160,2160,Marknick,503.000000,-487.000000,Normal,None,,0,Normal,None,Unspecified,Unspecified,,"(Id="""")",None,None
2161,2161,Gillingham,505.000000,-213.000000,Normal,None,,0,Normal,None,Unspecified,Unspecified,,"(Id="""")",None,None
2162,2162,Woodbine,508.000000,24.000000,Normal,G,III,4,Normal,None,Unspecified,H_1Plus,,"(Id="""")",None,None
2163,2163,Hoyleton,510.000000,-52.000000,Normal,None,,0,Normal,None,Unspecified,Unspecified,,"(Id="""")",None,None
2164,2164,Alta Vista,511.000000,13.000000,Normal,None,,0,Normal,None,Unspecified,Unspecified,,"(Id="""")",None,None
2165,2165,Filtvelt,511.000000,-183.000000,Normal,G,III,5,Normal,Zenith,Unspecified,H_1Plus,,"(Id="""")",None,None
2166,2166,Kirbyville,511.000000,52.000000,Normal,None,,0,Normal,None,Unspecified,Unspecified,,"(Id="""")",None,None
2167,2167,Mishkadrill,514.000000,87.000000,Normal,None,,0,Normal,None,Unspecified,Unspecified,,"(Id="""")",None,None
2168,2168,Gaul,518.000000,-492.000000,Normal,None,,0,Normal,None,Unspecified,Unspecified,,"(Id="""")",None,None
2169,2169,Mermentau,526.000000,-40.000000,Normal,None,,0,Normal,None,Unspecified,Unspecified,,"(Id="""")",None,None
2170,2170,Cogdell,526.000000,-143.000000,Normal,G,V,5,Normal,None,Unspecified,H_1Plus,,"(Id="""")",None,None
2171,2171,Crofton,527.000000,-79.000000,Normal,F,V,9,Normal,None,Unspecified,H_1Plus,,"(Id="""")",None,None
2172,2172,Sterlington,529.000000,54.000000,Normal,None,,0,Normal,None,Unspecified,Unspecified,,"(Id="""")",None,None
2173,2173,Kountze,529.000000,27.000000,Normal,None,,0,Normal,None,Unspecified,Unspecified,,"(Id="""")",None,None
2174,2174,Stratford,531.000000,39.000000,Normal,None,,0,Normal,None,Unspecified,Unspecified,,"(Id="""")",None,None
2175,2175,Mararn,531.000000,-222.000000,Normal,None,,0,Normal,None,Unspecified,Unspecified,,"(Id="""")",None,None
2176,2176,Zolfo,532.000000,-73.000000,Normal,F,V,5,Normal,None,Unspecified,H_1Plus,,"(Id="""")",None,None
2177,2177,Marielund,532.000000,-181.000000,Normal,None,,0,Normal,None,Unspecified,Unspecified,,"(Id="""")",None,None
2178,2178,Loparri,532.000000,126.000000,Normal,None,,0,Normal,None,Unspecified,Unspecified,,"(Id="""")",None,None
2179,2179,Skepptana,534.000000,-193.000000,Normal,None,,0,Normal,None,Unspecified,Unspecified,,"(Id="""")",None,None
2180,2180,Diik,535.000000,-468.000000,Normal,G,V,7,Normal,None,Unspecified,H_1Plus,,"(Id="""")",None,None
2181,2181,Vibrunum,536.000000,-21.000000,Normal,None,,0,Normal,None,Unspecified,Unspecified,,"(Id="""")",None,None
2182,2182,Brockton,536.000000,-120.000000,Normal,None,,0,Normal,None,Unspecified,Unspecified,,"(Id="""")",None,None
2183,2183,Metter,538.000000,-99.000000,Normal,None,,0,Normal,None,Unspecified,Unspecified,,"(Id="""")",None,None
2184,2184,Rudolpho,538.000000,158.000000,Normal,None,,0,Normal,None,Unspecified,Unspecified,,"(Id="""")",None,None
2185,2185,Broken Wheel,539.000000,-175.000000,Normal,G,V,0,Normal,None,Unspecified,H_1Plus,,"(Id="""")",None,None
2186,2186,Delacambre,544.000000,5.000000,Normal,None,,0,Normal,None,Unspecified,Unspecified,,"(Id="""")",None,None
2187,2187,Morven,549.000000,-148.000000,Normal,None,,0,Normal,None,Unspecified,Unspecified,,"(Id="""")",None,None
2188,2188,Lackland,551.000000,-175.000000,Normal,G,V,9,Normal,None,Unspecified,H_1Plus,,"(Id="""")",None,None
2189,2189,Praxton,552.000000,133.000000,Normal,M,V,1,Normal,Zenith,Unspecified,H_1Plus,,"(Id="""")",None,None
2190,2190,Oscar,553.000000,-455.000000,Normal,None,,0,Normal,None,Unspecified,Unspecified,,"(Id="""")",None,None
2191,2191,Neosho,554.000000,-26.000000,Normal,None,,0,Normal,None,Unspecified,Unspecified,,"(Id="""")",None,None
2192,2192,Hahira,555.000000,-101.000000,Normal,None,,0,Normal,None,Unspecified,Unspecified,,"(Id="""")",None,None
2193,2193,Altoona,555.000000,-4.000000,Normal,None,,0,Normal,None,Unspecified,Unspecified,,"(Id="""")",None,None
2194,2194,Humansville,558.000000,-33.000000,Normal,None,,0,Normal,None,Unspecified,Unspecified,,"(Id="""")",None,None
2195,2195,Shawnee,558.000000,-66.000000,Normal,G,V,5,Normal,None,Unspecified,H_1Plus,,"(Id="""")",None,None
2196,2196,McRae,558.000000,-85.000000,Normal,None,,0,Normal,None,Unspecified,Unspecified,,"(Id="""")",None,None
2197,2197,Inman,561.000000,7.000000,Normal,None,,0,Normal,None,Unspecified,Unspecified,,"(Id="""")",None,None
2198,2198,Farnsworth,566.000000,32.000000,Normal,None,,0,Normal,None,Unspecified,Unspecified,,"(Id="""")",None,None
2199,2199,Memphis,567.000000,-143.000000,Normal,None,,0,Normal,None,Unspecified,Unspecified,,"(Id="""")",None,None
2200,2200,Ebro,568.000000,-131.000000,Normal,None,,0,Normal,None,Unspecified,Unspecified,,"(Id="""")",None,None
2201,2201,Sherwood,568.000000,-120.000000,Normal,None,,0,Normal,None,Unspecified,Unspecified,,"(Id="""")",None,None
2202,2202,Lastpost,570.000000,-448.000000,Normal,None,,0,Normal,None,Unspecified,Unspecified,,"(Id="""")",None,None
2203,2203,Rentz,575.000000,-99.000000,Normal,None,,0,Normal,None,Unspecified,Unspecified,,"(Id="""")",None,None
2204,2204,Trimaldix,576.000000,133.000000,Normal,None,,0,Normal,None,Unspecified,Unspecified,,"(Id="""")",None,None
2205,2205,Kilbourne,577.000000,44.000000,Normal,K,V,4,Normal,None,Unspecified,H_1Plus,,"(Id="""")",None,None
2206,2206,Offerman,578.000000,-53.000000,Normal,None,,0,Normal,None,Unspecified,Unspecified,,"(Id="""")",None,None
2207,2207,Thibodaux,581.000000,-8.000000,Normal,None,,0,Normal,None,Unspecified,Unspecified,,"(Id="""")",None,None
2209,2209,Chenier,585.000000,-42.000000,Normal,None,,0,Normal,None,Unspecified,Unspecified,,"(Id="""")",None,None
2210,2210,Arnaudville,589.000000,36.000000,Normal,None,,0,Normal,None,Unspecified,Unspecified,,"(Id="""")",None,None
2211,2211,Ferris (OA),589.000000,128.000000,Normal,G,V,6,Normal,None,Unspecified,H_1Plus,,"(Id="""")",None,None
2212,2212,Beaumont,589.000000,40.500000,Normal,None,,0,Normal,None,Unspecified,Unspecified,,"(Id="""")",None,None
2213,2213,Rosepine,589.000000,-23.000000,Normal,None,,0,Normal,None,Unspecified,Unspecified,,"(Id="""")",None,None
2214,2214,Anjin Muerto,591.000000,-79.000000,Normal,None,,0,Normal,None,Unspecified,Unspecified,,"(Id="""")",None,None
2215,2215,Pattison,593.000000,55.000000,Normal,None,,0,Normal,None,Unspecified,Unspecified,,"(Id="""")",None,None
2217,2217,Valasha,594.000000,94.000000,Normal,None,,0,Normal,None,Unspecified,Unspecified,,"(Id="""")",None,None
2218,2218,Bassfield,594.000000,5.000000,Normal,None,,0,Normal,None,Unspecified,Unspecified,,"(Id="""")",None,None
2219,2219,Tangipahoa,594.500000,-21.500000,Normal,None,,0,Normal,None,Unspecified,Unspecified,,"(Id="""")",None,None
2220,2220,Baliggora,596.000000,156.000000,Normal,None,,0,Normal,None,Unspecified,Unspecified,,"(Id="""")",None,None
2221,2221,Boondock,596.000000,22.000000,Normal,None,,0,Normal,None,Unspecified,Unspecified,,"(Id="""")",None,None
2223,2223,Raldamax,601.000000,143.000000,Normal,None,,0,Normal,None,Unspecified,Unspecified,,"(Id="""")",None,None
2225,2225,Abbeville,611.000000,-40.000000,Normal,None,,0,Normal,None,Unspecified,Unspecified,,"(Id="""")",None,None
2226,2226,Okefenokee,612.000000,-68.000000,Normal,G,V,5,Normal,Zenith,Unspecified,H_1Plus,,"(Id="""")",None,None
2227,2227,Cohay,615.000000,11.000000,Normal,None,,0,Normal,None,Unspecified,Unspecified,,"(Id="""")",None,None
2228,2228,Millray,616.000000,32.000000,Normal,None,,0,Normal,None,Unspecified,Unspecified,,"(Id="""")",None,None
2229,2229,Delos,619.000000,60.000000,Normal,None,,0,Normal,None,Unspecified,Unspecified,,"(Id="""")",None,None
2230,2230,Hivrannee,631.000000,-6.000000,Normal,None,,0,Normal,None,Unspecified,Unspecified,,"(Id="""")",None,None
2231,2231,Kentwood,633.000000,-20.000000,Normal,None,,0,Normal,None,Unspecified,Unspecified,,"(Id="""")",None,None
2232,2232,Brocchi's Cluster,162.000000,391.000000,Cluster,None,,0,Normal,None,Unspecified,Unspecified,,"(Id="""")",None,None
3450,3450,JP-H-405,580.000000,-175.000000,Normal,None,,0,Normal,None,C_4,H_0,,"(Id="""")",None,None
3451,3451,JP-W-395,595.000000,-200.000000,Normal,None,,0,Normal,None,C_0,H_0,,"(Id="""")",None,None
3452,3452,JP-V-405,620.000000,-215.000000,Normal,None,,0,Normal,None,C_1,H_0,,"(Id="""")",None,None
3453,3453,JP-S-425,645.000000,-220.000000,Normal,None,,0,Normal,None,C_2,H_0,,"(Id="""")",None,None
3454,3454,JP-R-381,668.000000,-287.000000,Normal,None,,0,Normal,None,C_0,H_0,,"(Id="""")",None,None
3455,3455,JP-X-348,648.000000,-300.000000,Normal,None,,0,Normal,None,C_3,H_0,,"(Id="""")",None,None
3456,3456,JP-K-315,635.000000,-320.000000,Normal,None,,0,Normal,None,C_0,H_0,,"(Id="""")",None,None
3457,3457,JP-H-664,658.000000,6.000000,Normal,None,,0,Normal,None,C_1,H_0,,"(Id="""")",None,None
3458,3458,JP-C-719,679.000000,40.000000,Normal,None,,0,Normal,None,C_3,H_0,,"(Id="""")",None,None
3459,3459,JP-V-707,646.000000,61.000000,Normal,None,,0,Normal,None,C_1,H_0,,"(Id="""")",None,None
3460,3460,JP-AA-632,520.000000,112.000000,Normal,None,,0,Normal,None,C_1,H_0,,"(Id="""")",None,None
3461,3461,JP-M-774,455.000000,289.000000,Normal,None,,0,Normal,None,C_2,H_0,,"(Id="""")",None,None
3462,3462,JP-AA-730,468.000000,262.000000,Normal,None,,0,Normal,None,C_0,H_0,,"(Id="""")",None,None
3463,3463,HD-276914,390.000000,420.000000,Normal,None,,0,Normal,None,C_6,H_1,,"(Id="""")",None,None
3464,3464,HD-417328,390.000000,440.000000,Normal,None,,0,Normal,None,C_4,H_1,,"(Id="""")",None,None
3465,3465,JP-P-59,406.000000,-347.000000,Normal,None,,0,Normal,None,C_1,H_0,,"(Id="""")",None,None
3466,3466,JP-X-29,362.000000,-391.000000,Normal,None,,0,Normal,None,C_2,H_0,,"(Id="""")",None,None
3467,3467,JP-L-18,402.000000,-420.000000,Normal,None,,0,Normal,None,C_3,H_0,,"(Id="""")",None,None
3468,3468,JP-J-47,374.000000,-421.000000,Normal,None,,0,Normal,None,C_4,H_0,,"(Id="""")",None,None
3469,3469,JP-L-37,428.000000,-465.000000,Normal,None,,0,Normal,None,C_0,H_0,,"(Id="""")",None,None
3470,3470,JP-F-35,448.000000,-483.000000,Normal,None,,0,Normal,None,C_2,H_0,,"(Id="""")",None,None
3471,3471,JP-A-109,339.000000,-448.000000,Normal,None,,0,Normal,None,C_4,H_0,,"(Id="""")",None,None
3472,3472,JP-AA-64,416.000000,-480.000000,Normal,None,,0,Normal,None,C_1,H_0,,"(Id="""")",None,None
3473,3473,JP-H-158,294.000000,-452.000000,Normal,None,,0,Normal,None,C_3,H_0,,"(Id="""")",None,None
3474,3474,JP-I-160,269.000000,-429.000000,Normal,None,,0,Normal,None,C_0,H_0,,"(Id="""")",None,None
3475,3475,JP-B-240,210.000000,-450.000000,Normal,None,,0,Normal,None,C_2,H_0,,"(Id="""")",None,None
3476,3476,JP-S-273,227.000000,-500.000000,Normal,None,,0,Normal,None,C_3,H_0,,"(Id="""")",None,None
3477,3477,JP-B-276,210.000000,-486.000000,Normal,None,,0,Normal,None,C_2,H_0,,"(Id="""")",None,None
3478,3478,JP-I-402,61.000000,-463.000000,Normal,None,,0,Normal,None,C_0,H_0,,"(Id="""")",None,None
3479,3479,JP-I-408,35.000000,-443.000000,Normal,None,,0,Normal,None,C_1,H_0,,"(Id="""")",None,None
3480,3480,JP-L-400,90.000000,-490.000000,Normal,None,,0,Normal,None,C_2,H_0,,"(Id="""")",None,None
3481,3481,JP-T-462,20.000000,-482.000000,Normal,None,,0,Normal,None,C_4,H_0,,"(Id="""")",None,None
3482,3482,JP-W-560,-55.000000,-505.000000,Normal,None,,0,Normal,None,C_0,H_0,,"(Id="""")",None,None
3483,3483,JP-D-657,-178.000000,-479.000000,Normal,None,,0,Normal,None,C_1,H_0,,"(Id="""")",None,None
3484,3484,JP-S-710,-215.000000,-495.000000,Normal,None,,0,Normal,None,C_1,H_0,,"(Id="""")",None,None
3485,3485,JP-AA-756,-260.000000,-496.000000,Normal,None,,0,Normal,None,C_0,H_0,,"(Id="""")",None,None
3486,3486,JP-E-736,-255.000000,-481.000000,Normal,None,,0,Normal,None,C_4,H_0,,"(Id="""")",None,None
3487,3487,JP-G-690,-305.000000,-385.000000,Normal,None,,0,Normal,None,C_3,H_0,,"(Id="""")",None,None
3488,3488,JP-S-677,-397.000000,-280.000000,Normal,None,,0,Normal,None,C_0,H_0,,"(Id="""")",None,None
3489,3489,JP-P-815,-452.000000,-363.000000,Normal,None,,0,Normal,None,C_3,H_0,,"(Id="""")",None,None
3490,3490,JP-G-657,-461.000000,-196.000000,Normal,None,,0,Normal,None,C_4,H_0,,"(Id="""")",None,None
3491,3491,JP-AA-604,-494.000000,-110.000000,Normal,None,,0,Normal,None,C_1,H_0,,"(Id="""")",None,None
3492,3492,JP-S-305,-475.000000,170.000000,Normal,None,,0,Normal,None,C_2,H_0,,"(Id=""MWFactionAsset:AlarionPeriphery"")",None,None
3493,3493,JP-H-287,-486.000000,199.000000,Normal,None,,0,Normal,None,C_1,H_0,,"(Id=""MWFactionAsset:AlarionPeriphery"")",None,None
3494,3494,JP-K-241,-457.000000,216.000000,Normal,None,,0,Normal,None,C_2,H_0,,"(Id=""MWFactionAsset:AlarionPeriphery"")",None,None
3495,3495,JP-Q-39,-399.000000,360.000000,Normal,None,,0,Normal,None,C_2,H_0,,"(Id="""")",None,None
3496,3496,JP-O-329,-167.000000,496.000000,Normal,None,,0,Normal,None,C_3,H_0,,"(Id="""")",None,None
3497,3497,HD-389202,370.000000,485.000000,Normal,None,,0,Normal,None,C_5,H_2,,"(Id="""")",None,None
3498,3498,HD-348126,370.000000,510.000000,Normal,None,,0,Normal,None,C_2,H_1,,"(Id="""")",None,None
3499,3499,HD-367482,350.000000,530.000000,Normal,None,,0,Normal,None,C_7,H_1,,"(Id="""")",None,None
3500,3500,HD-438297,345.000000,552.000000,Normal,None,,0,Normal,None,C_3,H_1,,"(Id="""")",None,None
3501,3501,HD-384971,380.000000,465.000000,Normal,None,,0,Normal,None,C_4,H_0,,"(Id="""")",None,None
4001,4001,Santiago IV,-365.9739990234375,930.9940185546875,Normal,F,V,1,Normal,None,Unspecified,Unspecified,,"(Id="""")",None,None
4002,4002,Mostaganem,-996.5070190429688,100.03399658203125,Normal,K,V,2,Normal,None,Unspecified,Unspecified,,"(Id="""")",None,None
4003,4003,Halkidik,982.3289794921875,202.08200073242188,Normal,F,V,7,Normal,None,Unspecified,Unspecified,,"(Id="""")",None,None
4004,4004,SLSC A0V.4900 (Monument to Man),852.9299926757812,538.7559814453125,Normal,M,V,1,Normal,None,Unspecified,Unspecified,,"(Id="""")",None,None
4005,4005,Lemnos,990.468994140625,192.53799438476562,Normal,K,V,7,Normal,None,Unspecified,Unspecified,,"(Id="""")",None,None
4006,4006,Köl�,-705.9190063476562,721.7230224609375,Normal,G,V,1,Normal,None,Unspecified,Unspecified,,"(Id="""")",None,None
4007,4007,Tadjoura,-995.551025390625,174.9250030517578,Normal,F,V,6,Normal,None,Unspecified,Unspecified,,"(Id="""")",None,None
4008,4008,Nyamlell,-999.989990234375,149.70199584960938,Normal,G,V,2,Normal,None,Unspecified,Unspecified,,"(Id="""")",None,None
4009,4009,Anglia,994.4639892578125,204.91799926757812,Normal,F,V,7,Normal,None,Unspecified,Unspecified,,"(Id="""")",None,None
4010,4010,Saidia,-1008.1599731445312,124.2020034790039,Normal,G,V,7,Normal,None,Unspecified,Unspecified,,"(Id="""")",None,None
4011,4011,Hamburg,-624.7559814453125,807.2260131835938,Normal,K,V,7,Normal,None,Unspecified,Unspecified,,"(Id="""")",None,None
4012,4012,Thorn,-774.4299926757812,666.56201171875,Normal,G,V,4,Normal,None,Unspecified,Unspecified,,"(Id="""")",None,None
4013,4013,Lynn,-761.8930053710938,684.4400024414062,Normal,F,V,9,Normal,None,Unspecified,Unspecified,,"(Id="""")",None,None
4014,4014,Tomalov,-664.7130126953125,780.2789916992188,Normal,M,V,6,Normal,None,Unspecified,Unspecified,,"(Id="""")",None,None
4015,4015,Kapoeta,-1011.2100219726562,191.44700622558594,Normal,G,V,8,Normal,None,Unspecified,Unspecified,,"(Id="""")",None,None
4016,4016,Mauna Loa,1026.489990234375,-119.15799713134766,Normal,M,IV,6,Normal,None,Unspecified,Unspecified,,"(Id="""")",None,None
4017,4017,Doggerbank,-994.6680297851562,-280.9129943847656,Normal,K,V,5,Normal,None,Unspecified,Unspecified,,"(Id="""")",None,None
4018,4018,Illizi,-1026.5899658203125,148.02099609375,Normal,G,V,3,Normal,None,Unspecified,Unspecified,,"(Id="""")",None,None
4019,4019,Transfer Station P9,-115.44100189208984,1037.6600341796875,Normal,G,II,3,Normal,None,Unspecified,Unspecified,,"(Id="""")",None,None
4020,4020,Ksabi,-1039.030029296875,114.73899841308594,Normal,F,V,3,Normal,None,Unspecified,Unspecified,,"(Id="""")",None,None
4021,4021,Tizga,-1037.3699951171875,129.5919952392578,Normal,K,V,4,Normal,None,Unspecified,Unspecified,,"(Id="""")",None,None
4022,4022,Kefya,-1034.0699462890625,178.625,Normal,G,V,4,Normal,None,Unspecified,Unspecified,,"(Id="""")",None,None
4023,4023,Danzig,-642.9429931640625,847.97998046875,Normal,M,V,0,Normal,None,Unspecified,Unspecified,,"(Id="""")",None,None
4024,4024,Salonika,436.24200439453125,973.8179931640625,Normal,A,V,4,Normal,None,Unspecified,Unspecified,,"(Id="""")",None,None
4025,4025,Bergen,-767.7529907226562,741.89697265625,Normal,M,V,4,Normal,None,Unspecified,Unspecified,,"(Id="""")",None,None
4026,4026,Dortmund,-733.281982421875,782.4769897460938,Normal,G,V,4,Normal,None,Unspecified,Unspecified,,"(Id="""")",None,None
4027,4027,Lübec�,-703.2739868164062,817.9660034179688,Normal,M,V,5,Normal,None,Unspecified,Unspecified,,"(Id="""")",None,None
4028,4028,Ctesiphon,321.68499755859375,1044.93994140625,Normal,M,III,2,Normal,None,Unspecified,Unspecified,,"(Id="""")",None,None
4029,4029,Braunschweig,-687.5880126953125,850.5910034179688,Normal,F,V,4,Normal,None,Unspecified,Unspecified,,"(Id="""")",None,None
4030,4030,Antwerp,-669.4910278320312,870.4140014648438,Normal,G,V,7,Normal,None,Unspecified,Unspecified,,"(Id="""")",None,None
4031,4031,Visby,-811.2780151367188,740.3380126953125,Normal,K,V,4,Normal,None,Unspecified,Unspecified,,"(Id="""")",None,None
4032,4032,Ramsey,-402.6919860839844,1025.93994140625,Normal,G,V,8,Normal,None,Unspecified,Unspecified,,"(Id="""")",None,None
4033,4033,Argondale,-943.156982421875,-574.844970703125,Normal,M,V,4,Normal,None,Unspecified,Unspecified,,"(Id="""")",None,None
4034,4034,Malador Cluster,-1045.9300537109375,-381.2359924316406,Normal,K,V,2,Normal,None,Unspecified,Unspecified,,"(Id="""")",None,None
4035,4035,Star Cluster 814,-1022.7000122070312,-449.4670104980469,Normal,F,V,5,Normal,None,Unspecified,Unspecified,,"(Id="""")",None,None
4036,4036,Refuel Base Gamma,-1098.4599609375,-238.27999877929688,Normal,K,V,8,Normal,None,Unspecified,Unspecified,,"(Id="""")",None,None
4037,4037,Bremen (HL),-792.6519775390625,807.0850219726562,Normal,G,V,3,Normal,None,Unspecified,Unspecified,,"(Id="""")",None,None
4038,4038,Melidron,-602.5670166015625,-971.9099731445312,Normal,M,V,5,Normal,None,Unspecified,Unspecified,,"(Id="""")",None,None
4039,4039,Falsterbo (HL),-771.93798828125,844.0499877929688,Normal,G,V,0,Normal,None,Unspecified,Unspecified,,"(Id="""")",None,None
4040,4040,Dorpat,-731.9320068359375,884.2869873046875,Normal,G,V,6,Normal,None,Unspecified,Unspecified,,"(Id="""")",None,None
4041,4041,Anklan,-862.5070190429688,780.8099975585938,Normal,F,V,8,Normal,None,Unspecified,Unspecified,,"(Id="""")",None,None
4042,4042,St. Jean,-467.4179992675781,1066.010009765625,Normal,M,V,7,Normal,None,Unspecified,Unspecified,,"(Id="""")",None,None
4043,4043,Elbing (HL),-831.8629760742188,819.2239990234375,Normal,M,V,2,Normal,None,Unspecified,Unspecified,,"(Id="""")",None,None
4044,4044,Kampen,-739.7139892578125,907.1849975585938,Normal,F,V,9,Normal,None,Unspecified,Unspecified,,"(Id="""")",None,None
4045,4045,Hallelujah,-667.3040161132812,970.6680297851562,Normal,None,,0,Normal,None,Unspecified,Unspecified,,"(Id="""")",None,None
4046,4046,Ghent,211.24000549316406,1164.47998046875,Normal,G,III,2,Normal,None,Unspecified,Unspecified,,"(Id="""")",None,None
4047,4047,Bruges,-787.0260009765625,886.4199829101562,Normal,M,V,5,Normal,None,Unspecified,Unspecified,,"(Id="""")",None,None
4048,4048,Drachenfeld,1182.5899658203125,-105.93099975585938,Normal,M,V,2,Normal,None,Unspecified,Unspecified,,"(Id="""")",None,None
4049,4049,Kalmar (HL),-824.6530151367188,862.7899780273438,Normal,G,V,9,Normal,None,Unspecified,Unspecified,,"(Id="""")",None,None
4050,4050,Dorian's Tears,-1129.02001953125,411.5889892578125,Normal,M,V,3,Normal,None,Unspecified,Unspecified,,"(Id="""")",None,None
4051,4051,Novgorod,-760.155029296875,940.823974609375,Normal,K,V,7,Normal,None,Unspecified,Unspecified,,"(Id="""")",None,None
4052,4052,Horgens,216.12100219726562,-1190.31005859375,Normal,M,V,0,Normal,None,Unspecified,Unspecified,,"(Id="""")",None,None
4053,4053,Riga,-863.4290161132812,860.1079711914062,Normal,F,V,0,Normal,None,Unspecified,Unspecified,,"(Id="""")",None,None
4054,4054,Khanquest,-714.572998046875,993.0809936523438,Normal,None,,0,Normal,None,Unspecified,Unspecified,,"(Id="""")",None,None
4055,4055,Köningsber�,-838.3460083007812,897.3619995117188,Normal,M,V,9,Normal,None,Unspecified,Unspecified,,"(Id="""")",None,None
4056,4056,Glory (EI),-688.8829956054688,1018.0700073242188,Normal,None,,0,Normal,None,Unspecified,Unspecified,,"(Id="""")",None,None
4057,4057,Stettin (HL),-806.9730224609375,951.6119995117188,Normal,G,V,8,Normal,None,Unspecified,Unspecified,,"(Id="""")",None,None
4058,4058,Graystone,-680.427001953125,1055.239990234375,Normal,None,,0,Normal,None,Unspecified,Unspecified,,"(Id="""")",None,None
4059,4059,Landrum,-1127.449951171875,-574.1290283203125,Normal,F,V,2,Normal,None,Unspecified,Unspecified,,"(Id="""")",None,None
4060,4060,Wismar,-846.9219970703125,945.1099853515625,Normal,K,V,4,Normal,None,Unspecified,Unspecified,,"(Id="""")",None,None
4061,4061,Holdout,-731.2520141601562,1050.25,Normal,None,,0,Normal,None,Unspecified,Unspecified,,"(Id="""")",None,None
4062,4062,Castile,-657.8670043945312,1108.3599853515625,Normal,G,V,2,Normal,None,Unspecified,Unspecified,,"(Id="""")",None,None
4063,4063,Interstellar Expeditions Base #6,1285.2900390625,-178.44000244140625,Normal,M,V,4,Normal,None,Unspecified,Unspecified,,"(Id="""")",None,None
4064,4064,Fell Wind,-771.8870239257812,1047.3900146484375,Normal,None,,0,Normal,None,Unspecified,Unspecified,,"(Id="""")",None,None
4065,4065,Leó�,-691.2139892578125,1103.010009765625,Normal,G,V,3,Normal,None,Unspecified,Unspecified,,"(Id="""")",None,None
4066,4066,Star Cluster P12,115.72100067138672,1304.5799560546875,Normal,G,V,4,Normal,None,Unspecified,Unspecified,,"(Id="""")",None,None
4067,4067,Aragon,-667.8909912109375,1127.9300537109375,Normal,M,V,7,Normal,None,Unspecified,Unspecified,,"(Id="""")",None,None
4068,4068,Asturias,-719.5050048828125,1103.6500244140625,Normal,G,V,6,Normal,None,Unspecified,Unspecified,,"(Id="""")",None,None
4069,4069,Winston,-747.6339721679688,1085.0400390625,Normal,None,,0,Normal,None,Unspecified,Unspecified,,"(Id="""")",None,None
4070,4070,Galicia,-664.4509887695312,1143.6500244140625,Normal,G,V,6,Normal,None,Unspecified,Unspecified,,"(Id="""")",None,None
4071,4071,Valencia,-708.322998046875,1123.77001953125,Normal,G,V,1,Normal,None,Unspecified,Unspecified,,"(Id="""")",None,None
4072,4072,Beta Salandor,1256.47998046875,-448.97601318359375,Normal,F,V,3,Normal,None,Unspecified,Unspecified,,"(Id="""")",None,None
4073,4073,Córdob�,-689.7780151367188,1152.489990234375,Normal,K,V,3,Normal,None,Unspecified,Unspecified,,"(Id="""")",None,None
4074,4074,Granada,-674.8289794921875,1162.5699462890625,Normal,G,V,8,Normal,None,Unspecified,Unspecified,,"(Id="""")",None,None
4075,4075,Navarre,-713.9180297851562,1146.969970703125,Normal,K,V,5,Normal,None,Unspecified,Unspecified,,"(Id="""")",None,None
4076,4076,Star Cluster 752,61.5,-1374.510009765625,Normal,K,V,7,Normal,None,Unspecified,Unspecified,,"(Id="""")",None,None
4077,4077,Mizdargh,399.55999755859375,-1338.760009765625,Normal,M,V,3,Normal,None,Unspecified,Unspecified,,"(Id="""")",None,None
4078,4078,Gurgaldar,-1381.81005859375,-296.5830078125,Normal,F,V,4,Normal,None,Unspecified,Unspecified,,"(Id="""")",None,None
4079,4079,Star Cluster Briceno 1,1311.72998046875,-570.2930297851562,Normal,M,V,0,Normal,None,Unspecified,Unspecified,,"(Id="""")",None,None
4080,4080,Fröislandi�,-1318.1300048828125,-642.2849731445312,Normal,G,V,0,Normal,None,Unspecified,Unspecified,,"(Id="""")",None,None
4081,4081,Aurigae,868.6179809570312,-1226.969970703125,Normal,F,V,9,Normal,None,Unspecified,Unspecified,,"(Id="""")",None,None
4082,4082,Interstellar Expeditions Base #14,-1499.9599609375,326.19000244140625,Normal,K,V,3,Normal,None,Unspecified,Unspecified,,"(Id="""")",None,None
4083,4083,Waystation 531 (Waypoint 531),-742.5579833984375,1349.2099609375,Normal,M,V,9,Normal,None,Unspecified,Unspecified,,"(Id="""")",None,None
4084,4084,Star Cluster P24,-399.09600830078125,1520.530029296875,Normal,K,V,0,Normal,None,Unspecified,Unspecified,,"(Id="""")",None,None
4085,4085,Star Cluster A51,750.5079956054688,1390.52001953125,Normal,K,V,7,Normal,None,Unspecified,Unspecified,,"(Id="""")",None,None
4086,4086,Fager,91.05400085449219,-1591.9599609375,Normal,M,V,4,Normal,None,Unspecified,Unspecified,,"(Id="""")",None,None
4087,4087,Radulov (Tanis (2600+)),-57.37300109863281,1603.1600341796875,Normal,F,V,6,Normal,None,Unspecified,Unspecified,,"(Id="""")",None,None
4088,4088,Babylon,-123.50800323486328,1600.8900146484375,Normal,G,V,7,Normal,None,Unspecified,Unspecified,,"(Id=""MWFactionAsset:RepairSystem_Clan"")",/Game/CustomContent/Zones_Clan_Safezone_2.Zones_Clan_Safezone,/Game/CustomContent/Zones_Clan_Safezone_2.Zones_Clan_Safezone
4089,4089,Dagda (Clan),-132.26600646972656,1603.8599853515625,Normal,K,V,4,Normal,None,Unspecified,Unspecified,,"(Id=""MWFactionAsset:RepairSystem_Clan"")",None,None
4090,4090,Arcadia (Clan),-115.65499877929688,1608.800048828125,Normal,G,V,7,Normal,None,Unspecified,Unspecified,,"(Id=""MWFactionAsset:RepairSystem_Clan"")",None,None
4091,4091,Eden,-133.4510040283203,1613.75,Normal,F,Ib,4,Normal,None,Unspecified,Unspecified,,"(Id=""MWFactionAsset:RepairSystem_Clan"")",None,None
4092,4092,Circe,-122.5739974975586,1614.8299560546875,Normal,G,Ia,2,Normal,None,Unspecified,Unspecified,,"(Id=""MWFactionAsset:RepairSystem_Clan"")",None,None
4093,4093,Rim Worlds Republic Outpost #7,1629.6800537109375,-73.4990005493164,Normal,F,V,4,Normal,None,Unspecified,Unspecified,,"(Id="""")",None,None
4094,4094,Fasa,-144.18600463867188,1625.6300048828125,Normal,G,V,6,Normal,None,Unspecified,Unspecified,,"(Id="""")",None,None
4095,4095,Kazlam,-1420.699951171875,804.1300048828125,Normal,K,V,9,Normal,None,Unspecified,Unspecified,,"(Id="""")",None,None
4096,4096,Tansalir,-1550.81005859375,-513.9520263671875,Normal,M,V,3,Normal,None,Unspecified,Unspecified,,"(Id="""")",None,None
4097,4097,Rim Worlds Republic Outpost #11,777.947998046875,-1438.219970703125,Normal,F,V,8,Normal,None,Unspecified,Unspecified,,"(Id="""")",None,None
4098,4098,Niles (Clan),118.99400329589844,1706.8299560546875,Normal,A,II,3,Normal,None,Unspecified,Unspecified,,"(Id=""MWFactionAsset:ClanConflict"")",None,None
4099,4099,Star Cluster 889,-104.80500030517578,-1724.989990234375,Normal,G,V,5,Normal,None,Unspecified,Unspecified,,"(Id="""")",None,None
4100,4100,Bearclaw,149.38999938964844,1723.5400390625,Normal,A,V,6,Normal,None,Unspecified,Unspecified,,"(Id=""MWFactionAsset:ClanConflict"")",None,None
4101,4101,Tokasha,108.09300231933594,1728.4200439453125,Normal,K,IV,5,Normal,None,Unspecified,Unspecified,,"(Id=""MWFactionAsset:ClanConflict"")",None,None
4102,4102,Foster,44.16400146484375,1733.1800537109375,Normal,M,III,9,Normal,None,Unspecified,Unspecified,,"(Id=""MWFactionAsset:ClanConflict"")",None,None
4103,4103,Atreus (Clan),71.81099700927734,1734.25,Normal,G,VI,6,Normal,None,Unspecified,Unspecified,,"(Id=""MWFactionAsset:ClanConflict"")",None,None
4104,4104,EC821-387D,-204.8159942626953,1732.8299560546875,Normal,None,,0,Normal,None,Unspecified,Unspecified,,"(Id="""")",None,None
4105,4105,Ironhold,46.18199920654297,1745.0,Normal,K,V,4,Normal,None,Unspecified,Unspecified,,"(Id=""MWFactionAsset:ClanConflict"")",None,None
4106,4106,Shadow,-2.0160000324249268,1749.93994140625,Normal,B,IV,8,Normal,None,Unspecified,Unspecified,,"(Id=""MWFactionAsset:ClanConflict"")",None,None
4107,4107,Lum,5.818999767303467,1757.9100341796875,Normal,F,V,1,Normal,None,Unspecified,Unspecified,,"(Id=""MWFactionAsset:ClanConflict"")",None,None
4108,4108,Huntress,49.222999572753906,1757.8699951171875,Normal,G,V,7,Normal,None,Unspecified,Unspecified,,"(Id=""MWFactionAsset:ClanConflict"")",None,None
4109,4109,Tranquil,124.79000091552734,1757.8800048828125,Normal,F,V,0,Normal,None,Unspecified,Unspecified,,"(Id=""MWFactionAsset:ClanConflict"")",None,None
4110,4110,Strana Mechty,32.29999923706055,1767.81005859375,Normal,G,VI,3,Normal,None,Unspecified,Unspecified,,"(Id=""MWFactionAsset:ClanConflict"")",/Game/CustomContent/Zones_ClanConf_1.Zones_ClanConf,None
4111,4111,Brim,-24.524999618530273,1768.5699462890625,Normal,F,II,9,Normal,None,Unspecified,Unspecified,,"(Id=""MWFactionAsset:ClanConflict"")",None,None
4112,4112,Rim Worlds Republic Outpost #4,1721.9200439453125,424.9100036621094,Normal,G,V,7,Normal,None,Unspecified,Unspecified,,"(Id="""")",None,None
4113,4113,Hector,151.375,1769.75,Normal,F,V,4,Normal,None,Unspecified,Unspecified,,"(Id=""MWFactionAsset:ClanConflict"")",None,None
4114,4114,Death's Gaze Cluster,487.1969909667969,-1708.989990234375,Normal,K,V,6,Normal,None,Unspecified,Unspecified,,"(Id="""")",None,None
4115,4115,Gatekeeper,-22.586000442504883,1779.3699951171875,Normal,B,III,0,Normal,None,Unspecified,Unspecified,,"(Id=""MWFactionAsset:ClanConflict"")",None,None
4116,4116,Chaffee (DP),275.8349914550781,-1758.010009765625,Normal,F,V,7,Normal,None,Unspecified,Unspecified,,"(Id="""")",None,None
4117,4117,New Kent,120.80699920654297,1784.43994140625,Normal,F,II,2,Normal,None,Unspecified,Unspecified,,"(Id=""MWFactionAsset:ClanConflict"")",None,None
4118,4118,Albion (Clan),-50.16699981689453,1792.1500244140625,Normal,K,V,1,Normal,None,Unspecified,Unspecified,,"(Id=""MWFactionAsset:ClanConflict"")",None,None
4119,4119,Marshall,59.86000061035156,1792.1400146484375,Normal,M,V,8,Normal,None,Unspecified,Unspecified,,"(Id=""MWFactionAsset:ClanConflict"")",None,None
4120,4120,Sheridan (Clan),125.94300079345703,1794.22998046875,Normal,G,IV,0,Normal,None,Unspecified,Unspecified,,"(Id=""MWFactionAsset:ClanConflict"")",/Game/CustomContent/Zones_ClanConf_2.Zones_ClanConf,None
4121,4121,Zara (Homer (2850+)),-78.67500305175781,1799.06005859375,Normal,K,V,5,Normal,None,Unspecified,Unspecified,,"(Id=""MWFactionAsset:RepairSystem_Clan"")",None,None
4122,4122,Delios,-16.761999130249023,1804.9300537109375,Normal,G,III,6,Normal,None,Unspecified,Unspecified,,"(Id=""MWFactionAsset:ClanConflict"")",None,None
4123,4123,Priori,3.760999917984009,1807.9000244140625,Normal,K,II,0,Normal,None,Unspecified,Unspecified,,"(Id=""MWFactionAsset:ClanConflict"")",None,None
4124,4124,York (Clan),-70.83399963378906,1807.010009765625,Normal,F,V,2,Normal,None,Unspecified,Unspecified,,"(Id=""MWFactionAsset:RepairSystem_Clan"")",None,None
4125,4125,Tathis,85.61000061035156,1811.9200439453125,Normal,B,V,4,Normal,None,Unspecified,Unspecified,,"(Id=""MWFactionAsset:ClanConflict"")",None,None
4126,4126,Grant's Station,-66.80999755859375,1835.3499755859375,Normal,G,III,6,Normal,None,Unspecified,Unspecified,,"(Id=""MWFactionAsset:RepairSystem_Clan"")",None,None
4127,4127,Kirin,-23.60099983215332,1837.3199462890625,Normal,M,IV,9,Normal,None,Unspecified,Unspecified,,"(Id=""MWFactionAsset:ClanConflict"")",/Game/CustomContent/Zones_ClanConf_4.Zones_ClanConf,None
4128,4128,Glory,99.29199981689453,1835.56005859375,Normal,G,IV,4,Normal,None,Unspecified,Unspecified,,"(Id=""MWFactionAsset:ClanConflict"")",None,None
4129,4129,Colleen,-146.5659942626953,1837.8199462890625,Normal,G,V,7,Normal,None,Unspecified,Unspecified,,"(Id="""")",None,None
4130,4130,Hellgate,40.34299850463867,1843.3299560546875,Normal,F,Ia,7,Normal,None,Unspecified,Unspecified,,"(Id=""MWFactionAsset:ClanConflict"")",None,None
4131,4131,Tamaron,-2.003000020980835,1856.989990234375,Normal,A,III,3,Normal,None,Unspecified,Unspecified,,"(Id=""MWFactionAsset:ClanConflict"")",None,None
4132,4132,Roche,67.86499786376953,1869.93994140625,Normal,F,III,2,Normal,None,Unspecified,Unspecified,,"(Id=""MWFactionAsset:ClanConflict"")",/Game/CustomContent/Zones_ClanConf_3.Zones_ClanConf,None
4133,4133,Joradian Cluster,-1778.6600341796875,585.4639892578125,Normal,K,V,0,Normal,None,Unspecified,Unspecified,,"(Id="""")",None,None
4134,4134,Londerholm,-42.22100067138672,1872.6800537109375,Normal,G,III,7,Normal,None,Unspecified,Unspecified,,"(Id=""MWFactionAsset:RepairSystem_Clan"")",None,None
4135,4135,Tiber (Clan),89.51399993896484,1876.72998046875,Normal,G,VI,8,Normal,None,Unspecified,Unspecified,,"(Id=""MWFactionAsset:ClanConflict"")",None,None
4136,4136,Hoard,39.36800003051758,1879.719970703125,Normal,A,V,2,Normal,None,Unspecified,Unspecified,,"(Id=""MWFactionAsset:ClanConflict"")",None,None
4137,4137,Strato Domingo,10.795999526977539,1880.6600341796875,Normal,K,II,6,Normal,None,Unspecified,Unspecified,,"(Id=""MWFactionAsset:ClanConflict"")",None,None
4138,4138,Paxon,-70.79900360107422,1879.6400146484375,Normal,K,III,9,Normal,None,Unspecified,Unspecified,,"(Id="""")",None,None
4139,4139,Knechee,-591.1790161132812,-1793.4300537109375,Normal,M,V,1,Normal,None,Unspecified,Unspecified,,"(Id="""")",None,None
4140,4140,Barcella,-23.702999114990234,1896.3699951171875,Normal,G,III,6,Normal,None,Unspecified,Unspecified,,"(Id=""MWFactionAsset:RepairSystem_Clan"")",None,None
4141,4141,Heidrunn,-1877.199951171875,279.1730041503906,Normal,G,V,9,Normal,None,Unspecified,Unspecified,,"(Id="""")",None,None
4142,4142,Interstellar Expeditions Base #22,-734.2940063476562,-1753.1099853515625,Normal,G,V,1,Normal,None,Unspecified,Unspecified,,"(Id="""")",None,None
4143,4143,Vinton,7.675000190734863,1912.1800537109375,Normal,G,VI,8,Normal,None,Unspecified,Unspecified,,"(Id=""MWFactionAsset:RepairSystem_Clan"")",/Game/CustomContent/Zones_Clan_Safezone_1.Zones_Clan_Safezone,/Game/CustomContent/Zones_Clan_Safezone_1.Zones_Clan_Safezone
4144,4144,Leviathans Rest,-141.0709991455078,-1921.199951171875,Normal,K,V,0,Normal,None,Unspecified,Unspecified,,"(Id="""")",None,None
4145,4145,Brundams,-1877.4300537109375,-441.99200439453125,Normal,K,V,9,Normal,None,Unspecified,Unspecified,,"(Id="""")",None,None
4146,4146,Star Cluster 643,1937.3699951171875,-172.0229949951172,Normal,K,V,2,Normal,None,Unspecified,Unspecified,,"(Id="""")",None,None
4147,4147,Nebula D77,705.2979736328125,-1815.02001953125,Normal,G,V,7,Normal,None,Unspecified,Unspecified,,"(Id="""")",None,None
4148,4148,Star Cluster 1108 (Rimward),528.2490234375,-1890.27001953125,Normal,G,V,9,Normal,None,Unspecified,Unspecified,,"(Id="""")",None,None
4149,4149,Star Cluster 1108 (Spinward),1871.1300048828125,-672.8670043945312,Normal,K,V,8,Normal,None,Unspecified,Unspecified,,"(Id="""")",None,None
4162,4162,Snailzar,21.038999557495117,-101.4219970703125,Normal,M,V,3,Normal,None,Unspecified,Unspecified,,"(Id="""")",None,None
4168,4168,Conwy,77.66400146484375,-71.32499694824219,Normal,M,V,7,Normal,None,Unspecified,Unspecified,,"(Id="""")",None,None
4172,4172,Bonaire,-44.04199981689453,-96.41799926757812,Normal,K,V,3,Normal,None,Unspecified,Unspecified,,"(Id="""")",None,None
4178,4178,Ilmachna,-3.3510000705718994,-108.44999694824219,Normal,K,V,5,Normal,None,Unspecified,Unspecified,,"(Id="""")",None,None
4187,4187,Sichuan,35.534000396728516,-108.34200286865234,Normal,G,V,7,Normal,None,Unspecified,Unspecified,,"(Id="""")",None,None
4196,4196,Jilin,-6.215000152587891,-114.93499755859375,Normal,G,V,9,Normal,None,Unspecified,Unspecified,,"(Id="""")",None,None
4197,4197,St. Gall,-74.86000061035156,-87.65799713134766,Normal,K,V,9,Normal,None,Unspecified,Unspecified,,"(Id="""")",None,None
4198,4198,Okaya,108.91100311279297,38.03900146484375,Normal,G,V,6,Normal,None,Unspecified,Unspecified,,"(Id="""")",None,None
4207,4207,Adhafera,-105.27799987792969,-51.22700119018555,Normal,G,V,3,Normal,None,Unspecified,Unspecified,,"(Id="""")",None,None
4221,4221,Grobin,-98.6780014038086,-68.20700073242188,Normal,M,V,7,Normal,None,Unspecified,Unspecified,,"(Id="""")",None,None
4236,4236,Kannon,-11.930000305175781,124.44100189208984,Normal,M,V,7,Normal,None,Unspecified,Unspecified,,"(Id="""")",None,None
4248,4248,Gniezno,-127.55000305175781,-22.01799964904785,Normal,F,V,9,Normal,None,Unspecified,Unspecified,,"(Id="""")",None,None
4249,4249,Tianamon,98.67900085449219,-83.78900146484375,Normal,F,V,7,Normal,None,Unspecified,Unspecified,,"(Id="""")",None,None
4252,4252,Pavia,-65.72000122070312,-112.0270004272461,Normal,K,V,2,Normal,None,Unspecified,Unspecified,,"(Id="""")",None,None
4257,4257,Juniper,9.734999656677246,131.7469940185547,Normal,M,V,0,Normal,None,Unspecified,Unspecified,,"(Id="""")",None,None
4261,4261,Sarkel,-89.84200286865234,-97.99299621582031,Normal,K,V,6,Normal,None,Unspecified,Unspecified,,"(Id="""")",None,None
4262,4262,Talisker,29.066999435424805,130.19500732421875,Normal,F,V,5,Normal,None,Unspecified,Unspecified,,"(Id="""")",None,None
4264,4264,Shui-pà�,-7.785999774932861,-134.26400756835938,Normal,F,V,7,Normal,None,Unspecified,Unspecified,,"(Id="""")",None,None
4280,4280,Kolobrzeg,-130.24099731445312,-45.58100128173828,Normal,G,V,2,Normal,None,Unspecified,Unspecified,,"(Id="""")",None,None
4286,4286,Achilles,44.858001708984375,-132.11099243164062,Normal,K,V,2,Normal,None,Unspecified,Unspecified,,"(Id="""")",None,None
4288,4288,Tedibyhr,124.79000091552734,-63.402000427246094,Normal,K,V,4,Normal,None,Unspecified,Unspecified,,"(Id="""")",None,None
4289,4289,Killbourn,-5.084000110626221,13.109000205993652,Normal,K,V,1,Normal,None,Unspecified,Unspecified,,"(Id="""")",None,None
4293,4293,Celebes,118.07499694824219,75.8290023803711,Normal,M,V,7,Normal,None,Unspecified,Unspecified,,"(Id="""")",None,None
4294,4294,Wazan,5.940000057220459,-140.69200134277344,Normal,F,V,8,Normal,None,Unspecified,Unspecified,,"(Id="""")",None,None
4300,4300,Waycross,141.12399291992188,-22.791000366210938,Normal,K,V,2,Normal,None,Unspecified,Unspecified,,"(Id="""")",None,None
4302,4302,New Athens,59.750999450683594,-129.93899536132812,Normal,M,V,9,Normal,None,Unspecified,Unspecified,,"(Id="""")",None,None
4306,4306,Grootfontein,97.35800170898438,105.0250015258789,Normal,K,V,9,Normal,None,Unspecified,Unspecified,,"(Id="""")",None,None
4317,4317,Kingtribel,32.59199905395508,142.44400024414062,Normal,G,V,9,Normal,None,Unspecified,Unspecified,,"(Id="""")",None,None
4322,4322,Tallassee,146.7760009765625,3.930999994277954,Normal,F,V,1,Normal,None,Unspecified,Unspecified,,"(Id="""")",None,None
4330,4330,Pardeau,-149.63400268554688,-5.172999858856201,Normal,K,V,1,Normal,None,Unspecified,Unspecified,,"(Id="""")",None,None
4338,4338,Angelsey,124.21900177001953,-88.21800231933594,Normal,G,V,0,Normal,None,Unspecified,Unspecified,,"(Id="""")",None,None
4345,4345,New Sumatra,139.37399291992188,64.37799835205078,Normal,K,V,6,Normal,None,Unspecified,Unspecified,,"(Id="""")",None,None
4354,4354,Ramen,-28.010000228881836,-152.9550018310547,Normal,K,V,3,Normal,None,Unspecified,Unspecified,,"(Id="""")",None,None
4359,4359,Osumi,74.10900115966797,138.80799865722656,Normal,K,V,7,Normal,None,Unspecified,Unspecified,,"(Id="""")",None,None
4363,4363,Alnadal,157.3090057373047,20.187999725341797,Normal,F,V,6,Normal,None,Unspecified,Unspecified,,"(Id="""")",None,None
4375,4375,Chimpaw,45.1619987487793,154.46499633789062,Normal,M,V,3,Normal,None,Unspecified,Unspecified,,"(Id="""")",None,None
4379,4379,Kievanur,-55.48500061035156,-152.45899963378906,Normal,G,V,8,Normal,None,Unspecified,Unspecified,,"(Id="""")",None,None
4381,4381,Undra,113.55599975585938,-116.10099792480469,Normal,G,V,5,Normal,None,Unspecified,Unspecified,,"(Id="""")",None,None
4385,4385,Westphalia,125.24600219726562,-103.71299743652344,Normal,G,V,2,Normal,None,Unspecified,Unspecified,,"(Id="""")",None,None
4391,4391,Gorki,-15.37600040435791,-163.48800659179688,Normal,F,V,8,Normal,None,Unspecified,Unspecified,,"(Id="""")",None,None
4400,4400,Plataea,113.10800170898438,-122.49099731445312,Normal,G,V,1,Normal,None,Unspecified,Unspecified,,"(Id="""")",None,None
4410,4410,August,-124.01799774169922,-115.59100341796875,Normal,F,V,8,Normal,None,Unspecified,Unspecified,,"(Id="""")",None,None
4426,4426,Chengdu,-29.575000762939453,-170.35800170898438,Normal,G,V,0,Normal,None,Unspecified,Unspecified,,"(Id="""")",None,None
4427,4427,Chitwan,18.749000549316406,-172.4199981689453,Normal,M,V,1,Normal,None,Unspecified,Unspecified,,"(Id="""")",None,None
4437,4437,Aldrecht,150.83299255371094,88.19200134277344,Normal,M,V,4,Normal,None,Unspecified,Unspecified,,"(Id="""")",None,None
4438,4438,Glenlivet,14.49899959564209,174.5399932861328,Normal,G,V,4,Normal,None,Unspecified,Unspecified,,"(Id="""")",None,None
4439,4439,Everett,149.75399780273438,-91.34500122070312,Normal,F,V,0,Normal,None,Unspecified,Unspecified,,"(Id="""")",None,None
4445,4445,Jászberén�,-105.5739974975586,-142.41099548339844,Normal,M,V,0,Normal,None,Unspecified,Unspecified,,"(Id="""")",None,None
4446,4446,Ilmar,48.803001403808594,-170.53500366210938,Normal,G,V,7,Normal,None,Unspecified,Unspecified,,"(Id="""")",None,None
4449,4449,Sendai,62.141998291015625,166.4219970703125,Normal,M,V,4,Normal,None,Unspecified,Unspecified,,"(Id="""")",None,None
4463,4463,Aosia,112.62200164794922,-141.19400024414062,Normal,F,V,7,Normal,None,Unspecified,Unspecified,,"(Id="""")",None,None
4466,4466,Dove,33.66600036621094,178.5489959716797,Normal,G,V,0,Normal,None,Unspecified,Unspecified,,"(Id="""")",None,None
4470,4470,Anaea,141.2760009765625,-115.62100219726562,Normal,K,V,8,Normal,None,Unspecified,Unspecified,,"(Id="""")",None,None
4479,4479,Kek,105.0199966430664,-153.20700073242188,Normal,M,V,8,Normal,None,Unspecified,Unspecified,,"(Id="""")",None,None
4493,4493,Chota,186.62399291992188,-21.950000762939453,Normal,G,V,7,Normal,None,Unspecified,Unspecified,,"(Id="""")",None,None
4497,4497,Lhasa,91.81400299072266,-164.96299743652344,Normal,F,V,0,Normal,None,Unspecified,Unspecified,,"(Id="""")",None,None
4503,4503,Lacadon,133.7209930419922,-135.5469970703125,Normal,K,V,8,Normal,None,Unspecified,Unspecified,,"(Id="""")",None,None
4509,4509,Tangerz (Mayadi (2822+)),158.38299560546875,106.74700164794922,Normal,K,V,8,Normal,None,Unspecified,Unspecified,,"(Id="""")",None,None
4512,4512,Genf,147.0019989013672,-123.18099975585938,Normal,M,V,4,Normal,None,Unspecified,Unspecified,,"(Id="""")",None,None
4519,4519,Hildaman,170.5189971923828,90.25700378417969,Normal,K,V,2,Normal,None,Unspecified,Unspecified,,"(Id="""")",None,None
4531,4531,Aer (Finnalon (2822+)),55.14500045776367,-187.63499450683594,Normal,F,V,7,Normal,None,Unspecified,Unspecified,,"(Id="""")",None,None
4535,4535,Vintru,116.31300354003906,-159.50599670410156,Normal,F,V,6,Normal,None,Unspecified,Unspecified,,"(Id="""")",None,None
4537,4537,Vaajakoski,118.99700164794922,158.0469970703125,Normal,G,V,9,Normal,None,Unspecified,Unspecified,,"(Id="""")",None,None
4547,4547,Kohlman,20.58099937438965,-198.30099487304688,Normal,K,V,9,Normal,None,Unspecified,Unspecified,,"(Id="""")",None,None
4549,4549,Aodh,-40.21099853515625,-195.32400512695312,Normal,K,V,3,Normal,None,Unspecified,Unspecified,,"(Id="""")",None,None
4551,4551,Saggina,-605.8740234375,-2003.9000244140625,Normal,F,V,9,Normal,None,Unspecified,Unspecified,,"(Id="""")",None,None
4553,4553,Szombathely,-182.3070068359375,-84.02899932861328,Normal,F,V,9,Normal,None,Unspecified,Unspecified,,"(Id="""")",None,None
4557,4557,Caria,157.76800537109375,-125.01100158691406,Normal,K,V,7,Normal,None,Unspecified,Unspecified,,"(Id="""")",None,None
4565,4565,Qualip (Kerensky's Vision (3130+)),-72.64299774169922,189.27000427246094,Normal,F,V,7,Normal,None,Unspecified,Unspecified,,"(Id="""")",None,None
4566,4566,Mytilene,151.1649932861328,-135.6300048828125,Normal,M,V,7,Normal,None,Unspecified,Unspecified,,"(Id="""")",None,None
4568,4568,Oli,136.4980010986328,-151.26300048828125,Normal,M,V,6,Normal,None,Unspecified,Unspecified,,"(Id="""")",None,None
4569,4569,Fefferfer,17.143999099731445,203.2220001220703,Normal,K,V,0,Normal,None,Unspecified,Unspecified,,"(Id="""")",None,None
4572,4572,New Crete,39.82500076293945,-200.51100158691406,Normal,G,V,4,Normal,None,Unspecified,Unspecified,,"(Id="""")",None,None
4573,4573,New Praha,-104.53500366210938,-175.74899291992188,Normal,M,V,9,Normal,None,Unspecified,Unspecified,,"(Id="""")",None,None
4581,4581,Klamriz,205.91400146484375,-8.581000328063965,Normal,A,V,4,Normal,None,Unspecified,Unspecified,,"(Id="""")",None,None
4586,4586,Staffin,105.79900360107422,-178.03199768066406,Normal,F,V,5,Normal,None,Unspecified,Unspecified,,"(Id="""")",None,None
4592,4592,Flychenia,-181.91600036621094,-100.88800048828125,Normal,K,V,7,Normal,None,Unspecified,Unspecified,,"(Id="""")",None,None
4605,4605,Paches,154.55999755859375,-142.76699829101562,Normal,G,V,0,Normal,None,Unspecified,Unspecified,,"(Id="""")",None,None
4607,4607,Boeotia,160.8209991455078,-136.23300170898438,Normal,K,V,1,Normal,None,Unspecified,Unspecified,,"(Id="""")",None,None
4619,4619,Haerhbin,-6.443999767303467,-213.64599609375,Normal,M,V,4,Normal,None,Unspecified,Unspecified,,"(Id="""")",None,None
4620,4620,Gahral,120.66500091552734,-176.54299926757812,Normal,F,V,0,Normal,None,Unspecified,Unspecified,,"(Id="""")",None,None
4622,4622,Hurgh,129.04400634765625,-171.0229949951172,Normal,M,V,6,Normal,None,Unspecified,Unspecified,,"(Id="""")",None,None
4627,4627,Köln (FWL�,-150.072998046875,-153.98899841308594,Normal,K,V,5,Normal,None,Unspecified,Unspecified,,"(Id="""")",None,None
4633,4633,Pressby,-215.2949981689453,-14.878999710083008,Normal,K,V,9,Normal,None,Unspecified,Unspecified,,"(Id="""")",None,None
4638,4638,Sharpe,63.638999938964844,-207.46200561523438,Normal,M,V,2,Normal,None,Unspecified,Unspecified,,"(Id="""")",None,None
4644,4644,Ragusa,-99.44000244140625,-193.79800415039062,Normal,G,V,4,Normal,None,Unspecified,Unspecified,,"(Id="""")",None,None
4646,4646,Dresden,-202.7989959716797,81.30699920654297,Normal,F,V,5,Normal,None,Unspecified,Unspecified,,"(Id="""")",None,None
4653,4653,Jardine (Herakleion (2822+)),-200.94400024414062,-91.1989974975586,Normal,F,V,4,Normal,None,Unspecified,Unspecified,,"(Id="""")",None,None
4654,4654,Lintz,-172.13499450683594,138.44500732421875,Normal,G,V,7,Normal,None,Unspecified,Unspecified,,"(Id="""")",None,None
4661,4661,Alto,106.48400115966797,-194.17999267578125,Normal,F,V,0,Normal,None,Unspecified,Unspecified,,"(Id="""")",None,None
4663,4663,Bahl's Retreat,149.7989959716797,-163.60000610351562,Normal,K,V,1,Normal,None,Unspecified,Unspecified,,"(Id="""")",None,None
4664,4664,Reinhardstein,192.1219940185547,-111.2699966430664,Normal,G,V,6,Normal,None,Unspecified,Unspecified,,"(Id="""")",None,None
4670,4670,Versailles,206.9340057373047,-81.72599792480469,Normal,G,V,5,Normal,None,Unspecified,Unspecified,,"(Id="""")",None,None
4672,4672,Rhodos (Runrig (2822+)),48.92499923706055,-217.1439971923828,Normal,K,V,6,Normal,None,Unspecified,Unspecified,,"(Id="""")",None,None
4675,4675,Harbin,17.604999542236328,-223.26300048828125,Normal,K,V,2,Normal,None,Unspecified,Unspecified,,"(Id="""")",None,None
4712,4712,New Stevens,22.34600067138672,-6.067999839782715,Normal,K,V,6,Normal,None,Unspecified,Unspecified,,"(Id="""")",None,None
4719,4719,Lukla,-53.62300109863281,-225.5540008544922,Normal,F,V,5,Normal,None,Unspecified,Unspecified,,"(Id="""")",None,None
4726,4726,Acoma,224.41600036621094,-62.25899887084961,Normal,F,V,1,Normal,None,Unspecified,Unspecified,,"(Id="""")",None,None
4740,4740,Carnac,233.8070068359375,-24.01099967956543,Normal,F,V,1,Normal,None,Unspecified,Unspecified,,"(Id="""")",None,None
4742,4742,Eschenberg,-149.40699768066406,181.54600524902344,Normal,G,V,8,Normal,None,Unspecified,Unspecified,,"(Id="""")",None,None
4744,4744,Aigle,-234.76699829101562,-19.069000244140625,Normal,M,V,6,Normal,None,Unspecified,Unspecified,,"(Id="""")",None,None
4747,4747,Noh-wan Hohm,155.0189971923828,-178.37600708007812,Normal,F,V,3,Normal,None,Unspecified,Unspecified,,"(Id="""")",None,None
4750,4750,McKellan,-225.06100463867188,74.0260009765625,Normal,M,V,2,Normal,None,Unspecified,Unspecified,,"(Id="""")",None,None
4753,4753,Ballentine,236.552001953125,21.565000534057617,Normal,M,V,4,Normal,None,Unspecified,Unspecified,,"(Id="""")",None,None
4759,4759,Dowles,117.0009994506836,-207.46200561523438,Normal,K,V,8,Normal,None,Unspecified,Unspecified,,"(Id="""")",None,None
4761,4761,Bhykov,70.0510025024414,-228.30299377441406,Normal,M,V,6,Normal,None,Unspecified,Unspecified,,"(Id="""")",None,None
4764,4764,Lamu (Tunlmar (2822+)),51.24300003051758,-233.76400756835938,Normal,K,V,1,Normal,None,Unspecified,Unspecified,,"(Id="""")",None,None
4771,4771,Hódmezovásárhel�,-193.2790069580078,-142.50599670410156,Normal,G,V,2,Normal,None,Unspecified,Unspecified,,"(Id="""")",None,None
4775,4775,Szepes,-232.29400634765625,-63.07699966430664,Normal,F,V,4,Normal,None,Unspecified,Unspecified,,"(Id="""")",None,None
4782,4782,Java,2.7170000076293945,-241.8159942626953,Normal,G,V,1,Normal,None,Unspecified,Unspecified,,"(Id="""")",None,None
4787,4787,Klayne,-11.53600025177002,-242.39100646972656,Normal,M,V,8,Normal,None,Unspecified,Unspecified,,"(Id="""")",None,None
4788,4788,Knutdor,145.17100524902344,-194.63600158691406,Normal,K,V,3,Normal,None,Unspecified,Unspecified,,"(Id="""")",None,None
4789,4789,Heart Fjord,-135.27000427246094,-203.3979949951172,Normal,M,V,3,Normal,None,Unspecified,Unspecified,,"(Id="""")",None,None
4792,4792,Beils,155.17599487304688,190.343994140625,Normal,K,V,6,Normal,None,Unspecified,Unspecified,,"(Id="""")",None,None
4793,4793,Meinhof,196.2449951171875,-147.83700561523438,Normal,K,V,4,Normal,None,Unspecified,Unspecified,,"(Id="""")",None,None
4794,4794,Khi,134.04400634765625,-205.9250030517578,Normal,G,V,3,Normal,None,Unspecified,Unspecified,,"(Id="""")",None,None
4795,4795,Shardayne,4.578999996185303,247.1199951171875,Normal,K,V,1,Normal,None,Unspecified,Unspecified,,"(Id="""")",None,None
4799,4799,Dagda (LC),-225.9429931640625,101.60399627685547,Normal,F,V,4,Normal,None,Unspecified,Unspecified,,"(Id="""")",None,None
4800,4800,Sappho,-59.80699920654297,-240.6699981689453,Normal,G,V,1,Normal,None,Unspecified,Unspecified,,"(Id="""")",None,None
4805,4805,Turko,160.03399658203125,-190.2050018310547,Normal,K,V,4,Normal,None,Unspecified,Unspecified,,"(Id="""")",None,None
4815,4815,Mumbai,25.302000045776367,-248.92599487304688,Normal,K,V,8,Normal,None,Unspecified,Unspecified,,"(Id="""")",None,None
4820,4820,Laong,114.53199768066406,-223.08099365234375,Normal,M,V,6,Normal,None,Unspecified,Unspecified,,"(Id="""")",None,None
4823,4823,Graz,-216.68099975585938,126.88999938964844,Normal,M,V,9,Normal,None,Unspecified,Unspecified,,"(Id="""")",None,None
4828,4828,Stockpoll,187.31300354003906,-168.29600524902344,Normal,M,V,5,Normal,None,Unspecified,Unspecified,,"(Id="""")",None,None
4830,4830,Spirit,-222.80799865722656,-117.5459976196289,Normal,G,V,0,Normal,None,Unspecified,Unspecified,,"(Id="""")",None,None
4839,4839,Zempoatlepetl,-212.18299865722656,-139.0540008544922,Normal,G,V,6,Normal,None,Unspecified,Unspecified,,"(Id="""")",None,None
4849,4849,Esztergom,-237.218994140625,-96.94599914550781,Normal,F,V,5,Normal,None,Unspecified,Unspecified,,"(Id="""")",None,None
4851,4851,Altoona (LC),-256.60699462890625,-6.27400016784668,Normal,F,V,4,Normal,None,Unspecified,Unspecified,,"(Id="""")",None,None
4856,4856,Saltural,253.04299926757812,-43.935001373291016,Normal,K,V,9,Normal,None,Unspecified,Unspecified,,"(Id="""")",None,None
4857,4857,Gravensteen,219.6060028076172,-133.94400024414062,Normal,K,V,4,Normal,None,Unspecified,Unspecified,,"(Id="""")",None,None
4866,4866,Florarda,32.03300094604492,-256.9320068359375,Normal,K,V,7,Normal,None,Unspecified,Unspecified,,"(Id="""")",None,None
4867,4867,Westfield,235.56500244140625,107.66600036621094,Normal,M,V,6,Normal,None,Unspecified,Unspecified,,"(Id="""")",None,None
4870,4870,Brabent,174.0290069580078,-192.57699584960938,Normal,F,V,7,Normal,None,Unspecified,Unspecified,,"(Id="""")",None,None
4875,4875,Nam Dinh,-66.6780014038086,-251.4340057373047,Normal,F,V,5,Normal,None,Unspecified,Unspecified,,"(Id="""")",None,None
4877,4877,Hornir's Keep,-258.37200927734375,-33.630001068115234,Normal,F,V,7,Normal,None,Unspecified,Unspecified,,"(Id="""")",None,None
4881,4881,Yufu,231.7790069580078,119.70099639892578,Normal,M,V,8,Normal,None,Unspecified,Unspecified,,"(Id="""")",None,None
4882,4882,Zara,-140.85499572753906,-219.5970001220703,Normal,F,V,3,Normal,None,Unspecified,Unspecified,,"(Id="""")",None,None
4885,4885,Adler,155.2570037841797,-210.66900634765625,Normal,G,V,5,Normal,None,Unspecified,Unspecified,,"(Id="""")",None,None
4890,4890,Tintavel (Dalrymple (3152+)),-98.38099670410156,-243.79100036621094,Normal,G,V,5,Normal,None,Unspecified,Unspecified,,"(Id="""")",None,None
4896,4896,Zindao,105.50800323486328,-241.56199645996094,Normal,G,V,9,Normal,None,Unspecified,Unspecified,,"(Id="""")",None,None
4901,4901,New Troy,-51.10499954223633,-259.9079895019531,Normal,M,V,4,Normal,None,Unspecified,Unspecified,,"(Id="""")",None,None
4905,4905,Bogerth,67.93800354003906,-256.42999267578125,Normal,F,V,2,Normal,None,Unspecified,Unspecified,,"(Id="""")",None,None
4913,4913,Oyevaina,37.66999816894531,264.0539855957031,Normal,G,V,4,Normal,None,Unspecified,Unspecified,,"(Id="""")",None,None
4917,4917,Lamar,14.737000465393066,266.6780090332031,Normal,M,V,0,Normal,None,Unspecified,Unspecified,,"(Id="""")",None,None
4921,4921,Helixmar,175.55099487304688,-203.10000610351562,Normal,G,V,7,Normal,None,Unspecified,Unspecified,,"(Id="""")",None,None
4924,4924,Arcadia (FS),253.73800659179688,-88.60099792480469,Normal,M,V,3,Normal,None,Unspecified,Unspecified,,"(Id="""")",None,None
4939,4939,Hegel,-239.88299560546875,126.1510009765625,Normal,M,V,1,Normal,None,Unspecified,Unspecified,,"(Id="""")",None,None
4941,4941,Branzoll,207.0850067138672,-175.16799926757812,Normal,F,V,1,Normal,None,Unspecified,Unspecified,,"(Id="""")",None,None
4945,4945,Dirk's Gulf,228.9250030517578,-145.65699768066406,Normal,F,V,2,Normal,None,Unspecified,Unspecified,,"(Id="""")",None,None
4953,4953,Fable,193.3509979248047,-192.4720001220703,Normal,K,V,6,Normal,None,Unspecified,Unspecified,,"(Id="""")",None,None
4955,4955,Herat,200.13600158691406,-185.6580047607422,Normal,G,V,8,Normal,None,Unspecified,Unspecified,,"(Id="""")",None,None
4956,4956,Dalian,-57.58399963378906,-267.28900146484375,Normal,F,V,2,Normal,None,Unspecified,Unspecified,,"(Id="""")",None,None
4958,4958,Pec,-156.61199951171875,-224.80299377441406,Normal,K,V,4,Normal,None,Unspecified,Unspecified,,"(Id="""")",None,None
4960,4960,Nichol's Rest,-265.87298583984375,69.61199951171875,Normal,G,V,7,Normal,None,Unspecified,Unspecified,,"(Id="""")",None,None
4963,4963,Warrumbungle,-194.15899658203125,195.27999877929688,Normal,G,V,7,Normal,None,Unspecified,Unspecified,,"(Id="""")",None,None
4966,4966,Namen,171.9669952392578,-215.7050018310547,Normal,F,V,9,Normal,None,Unspecified,Unspecified,,"(Id="""")",None,None
4973,4973,Charleywood,275.7179870605469,-21.722000122070312,Normal,G,V,5,Normal,None,Unspecified,Unspecified,,"(Id="""")",None,None
4975,4975,Dalmantia,221.36500549316406,166.52499389648438,Normal,M,V,5,Normal,None,Unspecified,Unspecified,,"(Id="""")",None,None
4977,4977,Maharet,147.92300415039062,-234.48599243164062,Normal,K,V,5,Normal,None,Unspecified,Unspecified,,"(Id="""")",None,None
4984,4984,Patan,92.95500183105469,-261.968994140625,Normal,K,V,3,Normal,None,Unspecified,Unspecified,,"(Id="""")",None,None
4988,4988,Kupang (CC),-51.33399963378906,-273.64898681640625,Normal,G,V,9,Normal,None,Unspecified,Unspecified,,"(Id="""")",None,None
4991,4991,Rochers,-278.4620056152344,-15.977999687194824,Normal,K,V,7,Normal,None,Unspecified,Unspecified,,"(Id="""")",None,None
4993,4993,Yàn-hu�,55.62200164794922,-273.64898681640625,Normal,K,V,3,Normal,None,Unspecified,Unspecified,,"(Id="""")",None,None
5001,5001,Muroto,212.51800537109375,182.92599487304688,Normal,F,V,9,Normal,None,Unspecified,Unspecified,,"(Id="""")",None,None
5008,5008,Dol,232.2790069580078,-159.96600341796875,Normal,M,V,7,Normal,None,Unspecified,Unspecified,,"(Id="""")",None,None
5009,5009,Jungar Qi,15.543000221252441,-281.8949890136719,Normal,G,V,2,Normal,None,Unspecified,Unspecified,,"(Id="""")",None,None
5014,5014,Vecchio,247.6999969482422,-137.0,Normal,K,V,2,Normal,None,Unspecified,Unspecified,,"(Id="""")",None,None
5018,5018,Courtney,283.73199462890625,4.8470001220703125,Normal,G,V,6,Normal,None,Unspecified,Unspecified,,"(Id="""")",None,None
5026,5026,Oligar,89.7770004272461,-270.8349914550781,Normal,K,V,1,Normal,None,Unspecified,Unspecified,,"(Id="""")",None,None
5029,5029,Malazan,-282.6610107421875,-43.90599822998047,Normal,K,V,0,Normal,None,Unspecified,Unspecified,,"(Id="""")",None,None
5033,5033,Ilion,-285.29901123046875,-28.826000213623047,Normal,G,V,5,Normal,None,Unspecified,Unspecified,,"(Id="""")",None,None
5037,5037,Vicksland,-263.0299987792969,-116.427001953125,Normal,K,V,9,Normal,None,Unspecified,Unspecified,,"(Id="""")",None,None
5046,5046,Konopiste,-44.04199981689453,-285.5580139160156,Normal,K,V,7,Normal,None,Unspecified,Unspecified,,"(Id="""")",None,None
5052,5052,Goldlure,269.00201416015625,108.1240005493164,Normal,G,V,4,Normal,None,Unspecified,Unspecified,,"(Id="""")",None,None
5053,5053,Thirty Weight,-246.43699645996094,-152.84100341796875,Normal,M,V,7,Normal,None,Unspecified,Unspecified,,"(Id="""")",None,None
5054,5054,Rocky,-16.687999725341797,24.715999603271484,Normal,M,V,0,Normal,None,Unspecified,Unspecified,,"(Id="""")",None,None
5057,5057,Alta,-191.24600219726562,-218.0989990234375,Normal,F,V,3,Normal,None,Unspecified,Unspecified,,"(Id="""")",None,None
5064,5064,Nouveau Toulouse,284.3429870605469,60.729000091552734,Normal,G,V,1,Normal,None,Unspecified,Unspecified,,"(Id="""")",None,None
5070,5070,Sumy,37.987998962402344,-289.2250061035156,Normal,F,V,7,Normal,None,Unspecified,Unspecified,,"(Id="""")",None,None
5072,5072,Muswell,35.24100112915039,289.6449890136719,Normal,G,V,5,Normal,None,Unspecified,Unspecified,,"(Id="""")",None,None
5076,5076,Skaslien,220.5229949951172,-191.96499633789062,Normal,G,V,4,Normal,None,Unspecified,Unspecified,,"(Id="""")",None,None
5083,5083,Blida,168.30299377441406,-240.21099853515625,Normal,G,V,9,Normal,None,Unspecified,Unspecified,,"(Id="""")",None,None
5087,5087,Smythe,207.4459991455078,-208.281005859375,Normal,G,V,3,Normal,None,Unspecified,Unspecified,,"(Id="""")",None,None
5093,5093,Tylarzka,-294.3909912109375,-16.812000274658203,Normal,K,V,7,Normal,None,Unspecified,Unspecified,,"(Id="""")",None,None
5096,5096,Ukunela,-282.6400146484375,85.2770004272461,Normal,K,V,1,Normal,None,Unspecified,Unspecified,,"(Id="""")",None,None
5098,5098,Karlstejn,-52.46799850463867,-290.76300048828125,Normal,F,V,7,Normal,None,Unspecified,Unspecified,,"(Id="""")",None,None
5106,5106,Ife,71.48500061035156,-288.1390075683594,Normal,K,V,8,Normal,None,Unspecified,Unspecified,,"(Id="""")",None,None
5110,5110,Dì-fan�,-9.649999618530273,-297.4700012207031,Normal,M,V,9,Normal,None,Unspecified,Unspecified,,"(Id="""")",None,None
5118,5118,Aggstein,219.6060028076172,-203.11000061035156,Normal,M,V,4,Normal,None,Unspecified,Unspecified,,"(Id="""")",None,None
5124,5124,Brownsville,6.466000080108643,-29.788000106811523,Normal,K,V,3,Normal,None,Unspecified,Unspecified,,"(Id="""")",None,None
5125,5125,Belamor (Zanzor (2822+)),61.805999755859375,-293.8039855957031,Normal,G,V,8,Normal,None,Unspecified,Unspecified,,"(Id="""")",None,None
5129,5129,Hell's Paradise,-293.7560119628906,-65.87200164794922,Normal,K,V,2,Normal,None,Unspecified,Unspecified,,"(Id="""")",None,None
5131,5131,Conley's Patch,-220.21099853515625,205.8159942626953,Normal,F,V,3,Normal,None,Unspecified,Unspecified,,"(Id="""")",None,None
5136,5136,Sparta,-219.53599548339844,-207.58700561523438,Normal,K,V,3,Normal,None,Unspecified,Unspecified,,"(Id="""")",None,None
5138,5138,Aquavita,-296.5379943847656,59.90700149536133,Normal,G,V,9,Normal,None,Unspecified,Unspecified,,"(Id="""")",None,None
5141,5141,Deweidewd,-107.27899932861328,283.24798583984375,Normal,K,V,3,Normal,None,Unspecified,Unspecified,,"(Id="""")",None,None
5142,5142,Bodnath,157.5399932861328,-259.2200012207031,Normal,G,V,0,Normal,None,Unspecified,Unspecified,,"(Id="""")",None,None
5148,5148,Bayis,-254.15899658203125,166.531005859375,Normal,G,V,2,Normal,None,Unspecified,Unspecified,,"(Id="""")",None,None
5149,5149,Zebrenaski,-287.40899658203125,-99.77100372314453,Normal,F,V,6,Normal,None,Unspecified,Unspecified,,"(Id="""")",None,None
5151,5151,Dili,-55.0,-299.29998779296875,Normal,M,V,6,Normal,None,Unspecified,Unspecified,,"(Id="""")",None,None
5152,5152,Swales,302.36199951171875,34.92399978637695,Normal,M,V,7,Normal,None,Unspecified,Unspecified,,"(Id="""")",None,None
5155,5155,Turkalia,303.885986328125,25.22800064086914,Normal,K,V,1,Normal,None,Unspecified,Unspecified,,"(Id="""")",None,None
5156,5156,Brest,30.759000778198242,-303.5,Normal,K,V,9,Normal,None,Unspecified,Unspecified,,"(Id="""")",None,None
5158,5158,Annwyn,-297.1830139160156,71.29499816894531,Normal,G,V,3,Normal,None,Unspecified,Unspecified,,"(Id="""")",None,None
5160,5160,Blandou,120.87300109863281,-280.9590148925781,Normal,K,V,8,Normal,None,Unspecified,Unspecified,,"(Id="""")",None,None
5163,5163,Weiz,177.4290008544922,-249.21200561523438,Normal,K,V,2,Normal,None,Unspecified,Unspecified,,"(Id="""")",None,None
5170,5170,Ullieri,-31.406999588012695,-306.1709899902344,Normal,F,V,1,Normal,None,Unspecified,Unspecified,,"(Id="""")",None,None
5171,5171,Tetschner,96.58899688720703,-292.2449951171875,Normal,G,V,5,Normal,None,Unspecified,Unspecified,,"(Id="""")",None,None
5172,5172,Kumqwat,155.68499755859375,-265.593994140625,Normal,K,V,6,Normal,None,Unspecified,Unspecified,,"(Id="""")",None,None
5180,5180,Sardis,-262.2699890136719,-164.01199340820312,Normal,M,V,7,Normal,None,Unspecified,Unspecified,,"(Id="""")",None,None
5182,5182,Kalmar (FWL),-67.58399963378906,-302.2829895019531,Normal,G,V,4,Normal,None,Unspecified,Unspecified,,"(Id="""")",None,None
5184,5184,Hechnar,-16.84000015258789,-26.076000213623047,Normal,G,V,2,Normal,None,Unspecified,Unspecified,,"(Id="""")",None,None
5196,5196,Dhaulgiri,137.38400268554688,-279.60400390625,Normal,F,V,4,Normal,None,Unspecified,Unspecified,,"(Id="""")",None,None
5198,5198,Cree,-189.45700073242188,-247.4969940185547,Normal,F,V,0,Normal,None,Unspecified,Unspecified,,"(Id="""")",None,None
5202,5202,Tuat,113.04299926757812,290.8800048828125,Normal,G,V,4,Normal,None,Unspecified,Unspecified,,"(Id="""")",None,None
5203,5203,Nis,249.83900451660156,-187.9929962158203,Normal,G,V,1,Normal,None,Unspecified,Unspecified,,"(Id="""")",None,None
5212,5212,Zawiercie,266.2619934082031,167.20799255371094,Normal,K,V,7,Normal,None,Unspecified,Unspecified,,"(Id="""")",None,None
5215,5215,Wantorill,84.41200256347656,-303.1499938964844,Normal,F,V,7,Normal,None,Unspecified,Unspecified,,"(Id="""")",None,None
5235,5235,Marathon,-150.91099548339844,-278.781005859375,Normal,K,V,3,Normal,None,Unspecified,Unspecified,,"(Id="""")",None,None
5242,5242,Jenet,191.66400146484375,-253.95199584960938,Normal,G,V,2,Normal,None,Unspecified,Unspecified,,"(Id="""")",None,None
5243,5243,Stellaris,-300.27099609375,105.71099853515625,Normal,G,V,5,Normal,None,Unspecified,Unspecified,,"(Id="""")",None,None
5244,5244,Albion (LC),-284.4259948730469,143.51800537109375,Normal,G,V,6,Normal,None,Unspecified,Unspecified,,"(Id="""")",None,None
5245,5245,Tengil,-65.30400085449219,-311.8970031738281,Normal,K,V,7,Normal,None,Unspecified,Unspecified,,"(Id="""")",None,None
5247,5247,Oldsmith,306.3299865722656,88.66899871826172,Normal,K,V,9,Normal,None,Unspecified,Unspecified,,"(Id="""")",None,None
5254,5254,Tazaraki,182.5030059814453,-262.427001953125,Normal,G,V,8,Normal,None,Unspecified,Unspecified,,"(Id="""")",None,None
5262,5262,Nukus,-2.0929999351501465,-320.6000061035156,Normal,F,V,5,Normal,None,Unspecified,Unspecified,,"(Id="""")",None,None
5265,5265,Ferrara,272.8909912109375,-169.21499633789062,Normal,M,V,3,Normal,None,Unspecified,Unspecified,,"(Id="""")",None,None
5266,5266,Mokpo,232.82400512695312,221.25900268554688,Normal,G,V,4,Normal,None,Unspecified,Unspecified,,"(Id="""")",None,None
5273,5273,Gruyeres,240.6750030517578,-214.55999755859375,Normal,F,V,1,Normal,None,Unspecified,Unspecified,,"(Id="""")",None,None
5276,5276,Cielo,-270.13299560546875,-176.62100219726562,Normal,None,,0,Normal,None,Unspecified,Unspecified,,"(Id="""")",None,None
5279,5279,Mohác�,-267.77899169921875,-180.67300415039062,Normal,G,V,0,Normal,None,Unspecified,Unspecified,,"(Id="""")",None,None
5284,5284,Kirkvåg (Toch Zu (2822+)�,64.32499694824219,-317.1629943847656,Normal,M,V,4,Normal,None,Unspecified,Unspecified,,"(Id="""")",None,None
5285,5285,Aomen,-18.812999725341797,-323.1189880371094,Normal,G,V,9,Normal,None,Unspecified,Unspecified,,"(Id="""")",None,None
5288,5288,Dansur,-74.9229965209961,-315.1050109863281,Normal,G,V,7,Normal,None,Unspecified,Unspecified,,"(Id="""")",None,None
5298,5298,Stonarboi (Almotacen (3152+)),-99.11599731445312,309.72198486328125,Normal,G,V,1,Normal,None,Unspecified,Unspecified,,"(Id=""MWFactionAsset:RepairSystem_Custom"")",None,None
5312,5312,Corfu,63.564998626708984,322.2640075683594,Normal,G,V,6,Normal,None,Unspecified,Unspecified,,"(Id="""")",None,None
5313,5313,Matteo,-145.2469940185547,294.6180114746094,Normal,None,,0,Normal,None,Unspecified,Unspecified,,"(Id="""")",None,None
5314,5314,Pentvar,131.65899658203125,-301.13299560546875,Normal,G,V,1,Normal,None,Unspecified,Unspecified,,"(Id="""")",None,None
5316,5316,Yongd,113.19200134277344,-309.0069885253906,Normal,F,V,3,Normal,None,Unspecified,Unspecified,,"(Id="""")",None,None
5318,5318,Bushmill,3.0250000953674316,329.3580017089844,Normal,M,V,0,Normal,None,Unspecified,Unspecified,,"(Id="""")",None,None
5322,5322,Borka,-56.597999572753906,-325.63800048828125,Normal,M,V,0,Normal,None,Unspecified,Unspecified,,"(Id="""")",None,None
5333,5333,Braum,103.71900177001953,-315.55999755859375,Normal,K,V,5,Normal,None,Unspecified,Unspecified,,"(Id="""")",None,None
5336,5336,Shaun (Burl (2822+)),53.27000045776367,-328.0610046386719,Normal,G,V,6,Normal,None,Unspecified,Unspecified,,"(Id="""")",None,None
5343,5343,Chillon,227.8509979248047,-242.9600067138672,Normal,K,V,4,Normal,None,Unspecified,Unspecified,,"(Id="""")",None,None
5345,5345,Chouli,169.58299255371094,-287.7560119628906,Normal,G,V,6,Normal,None,Unspecified,Unspecified,,"(Id="""")",None,None
5350,5350,Mazdru,92.7249984741211,-321.5169982910156,Normal,M,V,7,Normal,None,Unspecified,Unspecified,,"(Id="""")",None,None
5352,5352,Marsalle,-333.968994140625,25.18000030517578,Normal,F,V,8,Normal,None,Unspecified,Unspecified,,"(Id="""")",None,None
5354,5354,Pell,16.091999053955078,-334.8800048828125,Normal,G,V,9,Normal,None,Unspecified,Unspecified,,"(Id="""")",None,None
5355,5355,Entalun,335.7770080566406,-0.5720000267028809,Normal,G,V,0,Normal,None,Unspecified,Unspecified,,"(Id="""")",None,None
5357,5357,Bogrib,-139.1790008544922,-305.87298583984375,Normal,G,V,1,Normal,None,Unspecified,Unspecified,,"(Id="""")",None,None
5359,5359,Dunkerque,272.4320068359375,-196.85000610351562,Normal,K,V,3,Normal,None,Unspecified,Unspecified,,"(Id="""")",None,None
5368,5368,Ulsan,194.5679931640625,275.0840148925781,Normal,G,V,1,Normal,None,Unspecified,Unspecified,,"(Id="""")",None,None
5376,5376,Quimper,308.4679870605469,-138.8300018310547,Normal,M,V,1,Normal,None,Unspecified,Unspecified,,"(Id="""")",None,None
5384,5384,Bilma,111.21199798583984,321.1130065917969,Normal,M,V,2,Normal,None,Unspecified,Unspecified,,"(Id="""")",None,None
5385,5385,Amu Darya,33.40800094604492,-338.2340087890625,Normal,F,V,1,Normal,None,Unspecified,Unspecified,,"(Id="""")",None,None
5392,5392,Avranches,324.65399169921875,102.39800262451172,Normal,K,V,3,Normal,None,Unspecified,Unspecified,,"(Id="""")",None,None
5397,5397,Morrigan,-333.1499938964844,71.81800079345703,Normal,G,V,4,Normal,None,Unspecified,Unspecified,,"(Id="""")",None,None
5400,5400,Miyako,245.4199981689453,237.74899291992188,Normal,F,V,8,Normal,None,Unspecified,Unspecified,,"(Id="""")",None,None
5403,5403,Beta Regulus,-201.4510040283203,276.4070129394531,Normal,G,V,5,Normal,None,Unspecified,Unspecified,,"(Id="""")",None,None
5406,5406,Gran,-296.2699890136719,-171.177001953125,Normal,F,V,3,Normal,None,Unspecified,Unspecified,,"(Id="""")",None,None
5420,5420,Crawford,205.86500549316406,-276.1700134277344,Normal,K,V,1,Normal,None,Unspecified,Unspecified,,"(Id="""")",None,None
5421,5421,Rosendal,-42.17100143432617,-341.8999938964844,Normal,G,V,9,Normal,None,Unspecified,Unspecified,,"(Id="""")",None,None
5422,5422,Sunchon,274.50799560546875,208.43299865722656,Normal,G,V,9,Normal,None,Unspecified,Unspecified,,"(Id="""")",None,None
5425,5425,Duantia,-339.99700927734375,57.92100143432617,Normal,G,V,0,Normal,None,Unspecified,Unspecified,,"(Id="""")",None,None
5427,5427,Lucknow,73.02799987792969,-337.0899963378906,Normal,K,V,6,Normal,None,Unspecified,Unspecified,,"(Id="""")",None,None
5429,5429,Gardnaus,118.31400299072266,-324.25,Normal,K,V,6,Normal,None,Unspecified,Unspecified,,"(Id="""")",None,None
5436,5436,Katla,-59.62900161743164,-341.0190124511719,Normal,K,V,4,Normal,None,Unspecified,Unspecified,,"(Id="""")",None,None
5437,5437,Pernik,-83.6259994506836,-335.9429931640625,Normal,G,V,9,Normal,None,Unspecified,Unspecified,,"(Id="""")",None,None
5439,5439,Nogales,269.68798828125,-218.3780059814453,Normal,M,V,5,Normal,None,Unspecified,Unspecified,,"(Id="""")",None,None
5440,5440,Sabhal Mòr Ostai�,-253.5399932861328,237.27999877929688,Normal,G,V,3,Normal,None,Unspecified,Unspecified,,"(Id="""")",None,None
5442,5442,Pietermaritzburg,193.95399475097656,-288.5360107421875,Normal,M,V,7,Normal,None,Unspecified,Unspecified,,"(Id="""")",None,None
5454,5454,Krakatau,54.902000427246094,-344.93701171875,Normal,G,V,2,Normal,None,Unspecified,Unspecified,,"(Id="""")",None,None
5465,5465,Korvitz,336.40899658203125,-100.73400115966797,Normal,K,V,1,Normal,None,Unspecified,Unspecified,,"(Id="""")",None,None
5469,5469,Maison,332.9739990234375,-112.875,Normal,F,V,4,Normal,None,Unspecified,Unspecified,,"(Id="""")",None,None
5471,5471,Hakkaido,267.635986328125,228.58799743652344,Normal,G,V,3,Normal,None,Unspecified,Unspecified,,"(Id="""")",None,None
5473,5473,Périgueu�,342.593994140625,82.48500061035156,Normal,F,V,3,Normal,None,Unspecified,Unspecified,,"(Id="""")",None,None
5480,5480,Stardawn,-335.1440124511719,112.57599639892578,Normal,F,V,7,Normal,None,Unspecified,Unspecified,,"(Id="""")",None,None
5485,5485,Zuhbehr,-351.88299560546875,-38.22600173950195,Normal,K,V,0,Normal,None,Unspecified,Unspecified,,"(Id="""")",None,None
5493,5493,Sindalin,104.84200286865234,-338.739013671875,Normal,F,V,1,Normal,None,Unspecified,Unspecified,,"(Id="""")",None,None
5494,5494,Pula,269.22698974609375,-230.8979949951172,Normal,G,V,0,Normal,None,Unspecified,Unspecified,,"(Id="""")",None,None
5500,5500,Odawara,235.80099487304688,265.6910095214844,Normal,F,V,5,Normal,None,Unspecified,Unspecified,,"(Id="""")",None,None
5501,5501,Athna,-27.055999755859375,-354.2659912109375,Normal,M,V,1,Normal,None,Unspecified,Unspecified,,"(Id="""")",None,None
5503,5503,Lochmantle,138.30099487304688,-327.70098876953125,Normal,K,V,4,Normal,None,Unspecified,Unspecified,,"(Id="""")",None,None
5507,5507,Caledea,-283.322998046875,215.5749969482422,Normal,G,V,3,Normal,None,Unspecified,Unspecified,,"(Id="""")",None,None
5520,5520,Kreller,-59.83399963378906,352.8970031738281,Normal,K,V,3,Normal,None,Unspecified,Unspecified,,"(Id="""")",None,None
5524,5524,Fathepur,246.7830047607422,-259.7569885253906,Normal,G,V,2,Normal,None,Unspecified,Unspecified,,"(Id="""")",None,None
5531,5531,Hè-sh�,190.38900756835938,-305.2080078125,Normal,K,V,8,Normal,None,Unspecified,Unspecified,,"(Id="""")",None,None
5539,5539,Chaumont,360.5849914550781,17.21299934387207,Normal,K,V,2,Normal,None,Unspecified,Unspecified,,"(Id="""")",None,None
5549,5549,Naryn,-37.191001892089844,-361.15301513671875,Normal,G,V,6,Normal,None,Unspecified,Unspecified,,"(Id="""")",None,None
5551,5551,Banfora,-98.05500030517578,-349.6839904785156,Normal,M,V,2,Normal,None,Unspecified,Unspecified,,"(Id="""")",None,None
5553,5553,Logres,-317.91900634765625,175.64599609375,Normal,K,V,6,Normal,None,Unspecified,Unspecified,,"(Id="""")",None,None
5554,5554,Declan,362.8760070800781,-20.347999572753906,Normal,G,V,3,Normal,None,Unspecified,Unspecified,,"(Id="""")",None,None
5563,5563,Lynchburg,340.72100830078125,-128.1439971923828,Normal,F,V,8,Normal,None,Unspecified,Unspecified,,"(Id="""")",None,None
5570,5570,Ordino,42.01599884033203,-362.7349853515625,Normal,F,V,4,Normal,None,Unspecified,Unspecified,,"(Id="""")",None,None
5574,5574,Manx,-182.0449981689453,317.00299072265625,Normal,F,V,4,Normal,None,Unspecified,Unspecified,,"(Id="""")",None,None
5577,5577,Prydain,-269.7539978027344,247.1009979248047,Normal,F,V,6,Normal,None,Unspecified,Unspecified,,"(Id="""")",None,None
5578,5578,Weitinger,125.01799774169922,-343.9599914550781,Normal,K,V,8,Normal,None,Unspecified,Unspecified,,"(Id="""")",None,None
5579,5579,Daol,146.7760009765625,-335.2590026855469,Normal,M,V,4,Normal,None,Unspecified,Unspecified,,"(Id="""")",None,None
5581,5581,Mattisskogen,-58.6609992980957,-361.3659973144531,Normal,F,V,5,Normal,None,Unspecified,Unspecified,,"(Id="""")",None,None
5583,5583,Christiania,17.5310001373291,366.0050048828125,Normal,F,V,7,Normal,None,Unspecified,Unspecified,,"(Id="""")",None,None
5593,5593,Hansii (Itsbur (2822+)),64.18399810791016,-362.8500061035156,Normal,F,V,2,Normal,None,Unspecified,Unspecified,,"(Id="""")",None,None
5621,5621,Jorvikland,-210.48800659179688,307.656005859375,Normal,F,V,4,Normal,None,Unspecified,Unspecified,,"(Id="""")",None,None
5623,5623,Sanurcha,217.5240020751953,-302.8420104980469,Normal,None,,0,Normal,None,Unspecified,Unspecified,,"(Id="""")",None,None
5624,5624,Alexandria (CC),110.8270034790039,-356.10400390625,Normal,G,V,0,Normal,None,Unspecified,Unspecified,,"(Id="""")",None,None
5628,5628,Sturganos,370.76300048828125,-45.768001556396484,Normal,F,V,7,Normal,None,Unspecified,Unspecified,,"(Id="""")",None,None
5630,5630,Shimoda,265.11700439453125,263.62799072265625,Normal,G,V,6,Normal,None,Unspecified,Unspecified,,"(Id="""")",None,None
5632,5632,Chennai,10.045999526977539,-374.1910095214844,Normal,M,V,8,Normal,None,Unspecified,Unspecified,,"(Id="""")",None,None
5637,5637,Josselin,374.8840026855469,6.218999862670898,Normal,G,V,6,Normal,None,Unspecified,Unspecified,,"(Id="""")",None,None
5641,5641,El Kerak,279.15301513671875,-251.20599365234375,Normal,K,V,3,Normal,None,Unspecified,Unspecified,,"(Id="""")",None,None
5642,5642,Starshine,-373.7139892578125,-37.1879997253418,Normal,F,V,1,Normal,None,Unspecified,Unspecified,,"(Id="""")",None,None
5652,5652,Alamagordo,-68.80799865722656,-370.65399169921875,Normal,None,,0,Normal,None,Unspecified,Unspecified,,"(Id="""")",None,None
5655,5655,Eion,-357.1610107421875,-122.85299682617188,Normal,M,V,0,Normal,None,Unspecified,Unspecified,,"(Id="""")",None,None
5657,5657,Cardff,-377.87298583984375,-5.998000144958496,Normal,G,V,8,Normal,None,Unspecified,Unspecified,,"(Id="""")",None,None
5658,5658,Unkador,369.84698486328125,-77.83399963378906,Normal,M,V,1,Normal,None,Unspecified,Unspecified,,"(Id="""")",None,None
5659,5659,Kazu,101.11900329589844,-364.2080078125,Normal,F,V,7,Normal,None,Unspecified,Unspecified,,"(Id="""")",None,None
5660,5660,Itica,-64.06400299072266,-373.0840148925781,Normal,K,V,1,Normal,None,Unspecified,Unspecified,,"(Id="""")",None,None
5663,5663,Calchedon,-366.9360046386719,-96.04000091552734,Normal,F,V,6,Normal,None,Unspecified,Unspecified,,"(Id="""")",None,None
5667,5667,Burnt Rock,-328.5090026855469,191.5279998779297,Normal,G,V,9,Normal,None,Unspecified,Unspecified,,"(Id="""")",None,None
5674,5674,Carcassonne,380.3810119628906,18.128000259399414,Normal,K,V,6,Normal,None,Unspecified,Unspecified,,"(Id="""")",None,None
5676,5676,Du Lac,344.5559997558594,-162.64999389648438,Normal,F,V,5,Normal,None,Unspecified,Unspecified,,"(Id="""")",None,None
5682,5682,Murris (Kalindam (2822+)),52.21799850463867,-379.3280029296875,Normal,K,V,5,Normal,None,Unspecified,Unspecified,,"(Id="""")",None,None
5684,5684,Naissus,-347.1839904785156,-162.0590057373047,Normal,K,V,4,Normal,None,Unspecified,Unspecified,,"(Id="""")",None,None
5694,5694,Saumur,377.7860107421875,69.1259994506836,Normal,F,V,3,Normal,None,Unspecified,Unspecified,,"(Id="""")",None,None
5699,5699,Valdives,98.8499984741211,-371.5830078125,Normal,K,V,8,Normal,None,Unspecified,Unspecified,,"(Id="""")",None,None
5711,5711,Nuelson Minor,-345.7170104980469,171.89599609375,Normal,F,V,9,Normal,None,Unspecified,Unspecified,,"(Id="""")",None,None
5720,5720,Antias,-33.237998962402344,-385.4159851074219,Normal,F,V,7,Normal,None,Unspecified,Unspecified,,"(Id="""")",None,None
5721,5721,Turov,-317.2170104980469,-221.7310028076172,Normal,G,V,7,Normal,None,Unspecified,Unspecified,,"(Id="""")",None,None
5724,5724,Merope,213.25100708007812,-323.46099853515625,Normal,M,V,3,Normal,None,Unspecified,Unspecified,,"(Id="""")",None,None
5726,5726,Electra,215.322998046875,-322.3710021972656,Normal,F,V,3,Normal,None,Unspecified,Unspecified,,"(Id="""")",None,None
5728,5728,Maia,214.53900146484375,-323.1629943847656,Normal,G,V,3,Normal,None,Unspecified,Unspecified,,"(Id="""")",None,None
5735,5735,Manksville,388.3999938964844,-22.865999221801758,Normal,K,V,8,Normal,None,Unspecified,Unspecified,,"(Id="""")",None,None
5742,5742,Maldive,138.07400512695312,-364.5719909667969,Normal,G,V,5,Normal,None,Unspecified,Unspecified,,"(Id="""")",None,None
5743,5743,Murmansk,320.5329895019531,221.94900512695312,Normal,F,V,2,Normal,None,Unspecified,Unspecified,,"(Id="""")",None,None
5747,5747,Espia,-16.90999984741211,-389.6940002441406,Normal,K,V,3,Normal,None,Unspecified,Unspecified,,"(Id="""")",None,None
5753,5753,Saltville,377.93798828125,-99.43800354003906,Normal,K,V,8,Normal,None,Unspecified,Unspecified,,"(Id="""")",None,None
5754,5754,Midthun,74.4000015258789,-384.0400085449219,Normal,K,V,5,Normal,None,Unspecified,Unspecified,,"(Id="""")",None,None
5756,5756,Cear�,-221.31100463867188,-322.9129943847656,Normal,K,V,0,Normal,None,Unspecified,Unspecified,,"(Id="""")",None,None
5760,5760,Manaus,-152.61099243164062,-361.22601318359375,Normal,M,V,0,Normal,None,Unspecified,Unspecified,,"(Id="""")",None,None
5763,5763,Viribium,-53.62300109863281,-389.0780029296875,Normal,F,V,9,Normal,None,Unspecified,Unspecified,,"(Id="""")",None,None
5764,5764,Bergtatt,117.21600341796875,-375.0249938964844,Normal,G,V,6,Normal,None,Unspecified,Unspecified,,"(Id="""")",None,None
5766,5766,Myrrdin,-388.53399658203125,62.77399826049805,Normal,G,V,8,Normal,None,Unspecified,Unspecified,,"(Id="""")",None,None
5773,5773,Kautokeino,241.74400329589844,-311.8190002441406,Normal,F,V,2,Normal,None,Unspecified,Unspecified,,"(Id="""")",None,None
5786,5786,Salardion,-37.91699981689453,-394.6199951171875,Normal,K,V,8,Normal,None,Unspecified,Unspecified,,"(Id="""")",None,None
5793,5793,Non Diz,146.98500061035156,-369.0669860839844,Normal,F,V,6,Normal,None,Unspecified,Unspecified,,"(Id="""")",None,None
5799,5799,Cranston,-211.47000122070312,-336.72900390625,Normal,M,V,3,Normal,None,Unspecified,Unspecified,,"(Id="""")",None,None
5808,5808,Zathras,-84.04100036621094,-390.3900146484375,Normal,G,V,2,Normal,None,Unspecified,Unspecified,,"(Id="""")",None,None
5814,5814,Lockdale,40.275001525878906,2.569999933242798,Normal,F,V,2,Normal,None,Unspecified,Unspecified,,"(Id="""")",None,None
5822,5822,Mangor,-153.19900512695312,-370.68701171875,Normal,G,V,5,Normal,None,Unspecified,Unspecified,,"(Id="""")",None,None
5824,5824,Ildlandet,-241.13400268554688,-320.6820068359375,Normal,G,V,8,Normal,None,Unspecified,Unspecified,,"(Id="""")",None,None
5825,5825,Restitution,-204.96299743652344,-344.968994140625,Normal,K,V,6,Normal,None,Unspecified,Unspecified,,"(Id="""")",None,None
5828,5828,Merdal,91.8949966430664,-390.7070007324219,Normal,F,V,0,Normal,None,Unspecified,Unspecified,,"(Id="""")",None,None
5839,5839,Merlin,170.28799438476562,-364.4960021972656,Normal,F,V,8,Normal,None,Unspecified,Unspecified,,"(Id="""")",None,None
5851,5851,Kern,126.1709976196289,-384.0429992675781,Normal,F,V,7,Normal,None,Unspecified,Unspecified,,"(Id="""")",None,None
5858,5858,Sunnywood,61.12799835205078,-400.76300048828125,Normal,G,V,3,Normal,None,Unspecified,Unspecified,,"(Id="""")",None,None
5862,5862,Duxfort,203.50900268554688,350.8869934082031,Normal,K,V,5,Normal,None,Unspecified,Unspecified,,"(Id="""")",None,None
5868,5868,Ghorepani,10.055999755859375,-406.489013671875,Normal,G,V,0,Normal,None,Unspecified,Unspecified,,"(Id="""")",None,None
5871,5871,Aquagea,-56.90299987792969,-402.98199462890625,Normal,G,V,1,Normal,None,Unspecified,Unspecified,,"(Id="""")",None,None
5875,5875,Segerica,-27.284000396728516,-406.9419860839844,Normal,K,V,7,Normal,None,Unspecified,Unspecified,,"(Id="""")",None,None
5876,5876,Payia,35.2400016784668,-406.4840087890625,Normal,M,V,0,Normal,None,Unspecified,Unspecified,,"(Id="""")",None,None
5882,5882,Adrar,-4.381999969482422,-409.2330017089844,Normal,G,V,6,Normal,None,Unspecified,Unspecified,,"(Id="""")",None,None
5895,5895,Hastur,-82.97799682617188,-402.3370056152344,Normal,G,V,0,Normal,None,Unspecified,Unspecified,,"(Id="""")",None,None
5906,5906,Hibuarius,-38.68199920654297,-410.7430114746094,Normal,M,V,9,Normal,None,Unspecified,Unspecified,,"(Id="""")",None,None
5916,5916,Ichlangis,101.65599822998047,-401.21600341796875,Normal,K,V,5,Normal,None,Unspecified,Unspecified,,"(Id="""")",None,None
5917,5917,Kimi,51.85300064086914,-410.6679992675781,Normal,F,V,5,Normal,None,Unspecified,Unspecified,,"(Id="""")",None,None
5918,5918,Fjaldr,88.31400299072266,-404.57000732421875,Normal,F,V,8,Normal,None,Unspecified,Unspecified,,"(Id="""")",None,None
5927,5927,Thamel (Wyeth's Glory (3130+)),24.525999069213867,-415.0469970703125,Normal,F,V,7,Normal,None,Unspecified,Unspecified,,"(Id="""")",None,None
5934,5934,Desolate Plains,207.00999450683594,-361.3179931640625,Normal,F,V,4,Normal,None,Unspecified,Unspecified,,"(Id="""")",None,None
5935,5935,Shaobuon (Liu's Memory (3130+)),-10.824000358581543,-416.35101318359375,Normal,K,V,3,Normal,None,Unspecified,Unspecified,,"(Id="""")",None,None
5936,5936,Nara,292.70599365234375,296.5429992675781,Normal,K,V,6,Normal,None,Unspecified,Unspecified,,"(Id="""")",None,None
5940,5940,Simancas,398.85699462890625,-123.71399688720703,Normal,G,V,0,Normal,None,Unspecified,Unspecified,,"(Id="""")",None,None
5942,5942,Werfer,237.26699829101562,-344.0329895019531,Normal,M,V,9,Normal,None,Unspecified,Unspecified,,"(Id="""")",None,None
5943,5943,Kaufermann,405.802001953125,-100.73400115966797,Normal,G,V,0,Normal,None,Unspecified,Unspecified,,"(Id="""")",None,None
5946,5946,Belacruz,378.0190124511719,179.1219940185547,Normal,K,V,8,Normal,None,Unspecified,Unspecified,,"(Id="""")",None,None
5948,5948,Ferranil,121.052001953125,400.5899963378906,Normal,K,V,6,Normal,None,Unspecified,Unspecified,,"(Id="""")",None,None
5951,5951,Cassilda,-79.7969970703125,-411.5780029296875,Normal,None,,0,Normal,None,Unspecified,Unspecified,,"(Id="""")",None,None
5956,5956,Zangul,119.80400085449219,-402.4830017089844,Normal,K,V,6,Normal,None,Unspecified,Unspecified,,"(Id="""")",None,None
5959,5959,Agmond (Bornal (3130+)),395.8429870605469,-140.35800170898438,Normal,M,V,8,Normal,None,Unspecified,Unspecified,,"(Id="""")",None,None
5966,5966,Arn (Jia Tian (3130+)),-29.948999404907227,-419.9729919433594,Normal,F,V,6,Normal,None,Unspecified,Unspecified,,"(Id="""")",None,None
5969,5969,Bringdam,101.45800018310547,-409.10699462890625,Normal,K,V,5,Normal,None,Unspecified,Unspecified,,"(Id="""")",None,None
5972,5972,Zalzangor,266.4809875488281,-327.0899963378906,Normal,F,V,3,Normal,None,Unspecified,Unspecified,,"(Id="""")",None,None
5974,5974,Abushiri,-267.5849914550781,326.4750061035156,Normal,K,V,2,Normal,None,Unspecified,Unspecified,,"(Id="""")",None,None
5991,5991,Weldry,73.94400024414062,-417.24798583984375,Normal,F,V,9,Normal,None,Unspecified,Unspecified,,"(Id="""")",None,None
5992,5992,Untran (Achtur (2830+)),43.558998107910156,-421.6099853515625,Normal,K,V,4,Normal,None,Unspecified,Unspecified,,"(Id="""")",None,None
5994,5994,Lyreton,59.058998107910156,-420.6839904785156,Normal,K,V,1,Normal,None,Unspecified,Unspecified,,"(Id="""")",None,None
5995,5995,New Galicia (The Institute (3152+)),-364.7799987792969,-217.9199981689453,Normal,G,V,3,Normal,None,Unspecified,Unspecified,,"(Id="""")",None,None
5998,5998,Ormal,420.0050048828125,-68.21499633789062,Normal,M,V,0,Normal,None,Unspecified,Unspecified,,"(Id="""")",None,None
6002,6002,Linhauiguan,15.772000312805176,-425.7229919433594,Normal,K,V,8,Normal,None,Unspecified,Unspecified,,"(Id="""")",None,None
6003,6003,Parian,187.3509979248047,-382.625,Normal,K,V,4,Normal,None,Unspecified,Unspecified,,"(Id="""")",None,None
6005,6005,Ryans Fate,90.20600128173828,-416.56201171875,Normal,F,V,0,Normal,None,Unspecified,Unspecified,,"(Id="""")",None,None
6006,6006,Caesaera,233.97799682617188,356.37200927734375,Normal,G,V,3,Normal,None,Unspecified,Unspecified,,"(Id="""")",None,None
6010,6010,Biegga,-189.7570037841797,382.35400390625,Normal,M,V,1,Normal,None,Unspecified,Unspecified,,"(Id="""")",None,None
6017,6017,Enkra,119.28700256347656,-410.7330017089844,Normal,K,V,6,Normal,None,Unspecified,Unspecified,,"(Id="""")",None,None
6020,6020,Tovetin,36.99800109863281,426.239013671875,Normal,K,V,8,Normal,None,Unspecified,Unspecified,,"(Id="""")",None,None
6027,6027,Zhaomaon (Cluff's Stand (3130+)),1.343999981880188,-428.9289855957031,Normal,K,V,4,Normal,None,Unspecified,Unspecified,,"(Id="""")",None,None
6036,6036,Tabit (Tyrfing (2350's+)),-33.11800003051758,-28.320999145507812,Normal,F,V,6,Normal,None,Unspecified,Unspecified,,"(Id="""")",None,None
6038,6038,Kiruna,125.3219985961914,411.3599853515625,Normal,K,V,4,Normal,None,Unspecified,Unspecified,,"(Id="""")",None,None
6044,6044,Amnesty,-49.22800064086914,-428.66900634765625,Normal,None,,0,Normal,None,Unspecified,Unspecified,,"(Id="""")",None,None
6045,6045,Zambezi,388.1679992675781,-188.6060028076172,Normal,M,V,8,Normal,None,Unspecified,Unspecified,,"(Id="""")",None,None
6053,6053,Arromanches,431.22698974609375,36.680999755859375,Normal,M,V,6,Normal,None,Unspecified,Unspecified,,"(Id="""")",None,None
6054,6054,Brinton,134.63800048828125,-411.5220031738281,Normal,G,V,6,Normal,None,Unspecified,Unspecified,,"(Id="""")",None,None
6060,6060,Huesta,-431.9540100097656,34.13399887084961,Normal,K,V,7,Normal,None,Unspecified,Unspecified,,"(Id="""")",None,None
6064,6064,Izmir,-340.8590087890625,-268.1669921875,Normal,K,V,3,Normal,None,Unspecified,Unspecified,,"(Id="""")",None,None
6066,6066,Hyades Cluster,191.31700134277344,-389.54998779296875,Normal,G,V,9,Normal,None,Unspecified,Unspecified,,"(Id="""")",None,None
6069,6069,Huanghuadian (Tincalunas (3130+)),42.34700012207031,-432.1730041503906,Normal,F,V,9,Normal,None,Unspecified,Unspecified,,"(Id="""")",None,None
6071,6071,Teylingen,417.94000244140625,-119.05599975585938,Normal,G,V,9,Normal,None,Unspecified,Unspecified,,"(Id="""")",None,None
6078,6078,Cerignola,-328.010009765625,-286.3240051269531,Normal,G,V,8,Normal,None,Unspecified,Unspecified,,"(Id="""")",None,None
6079,6079,Kanto,330.7799987792969,283.8110046386719,Normal,F,V,8,Normal,None,Unspecified,Unspecified,,"(Id="""")",None,None
6081,6081,Menion,187.0189971923828,-394.4700012207031,Normal,K,V,0,Normal,None,Unspecified,Unspecified,,"(Id="""")",None,None
6085,6085,Santiago,400.9289855957031,173.6199951171875,Normal,K,V,2,Normal,None,Unspecified,Unspecified,,"(Id="""")",None,None
6087,6087,Wittington,424.2019958496094,105.46499633789062,Normal,F,V,2,Normal,None,Unspecified,Unspecified,,"(Id="""")",None,None
6088,6088,Umgard,124.33200073242188,-419.0830078125,Normal,K,V,8,Normal,None,Unspecified,Unspecified,,"(Id="""")",None,None
6093,6093,Mechdur,112.41999816894531,-423.3450012207031,Normal,K,V,0,Normal,None,Unspecified,Unspecified,,"(Id="""")",None,None
6098,6098,Panzyr,86.77100372314453,-429.61700439453125,Normal,G,V,3,Normal,None,Unspecified,Unspecified,,"(Id="""")",None,None
6102,6102,Joppa,-27.018999099731445,-437.7969970703125,Normal,K,V,3,Normal,None,Unspecified,Unspecified,,"(Id="""")",None,None
6104,6104,Ina,199.01400756835938,-391.1059875488281,Normal,K,V,2,Normal,None,Unspecified,Unspecified,,"(Id="""")",None,None
6105,6105,Medron,424.1570129394531,114.41999816894531,Normal,G,V,8,Normal,None,Unspecified,Unspecified,,"(Id="""")",None,None
6106,6106,Kitopler,-427.8330078125,100.08399963378906,Normal,M,V,1,Normal,None,Unspecified,Unspecified,,"(Id="""")",None,None
6116,6116,Melk,-386.2099914550781,-213.07200622558594,Normal,K,V,8,Normal,None,Unspecified,Unspecified,,"(Id="""")",None,None
6119,6119,Megaris,196.13699340820312,-395.6510009765625,Normal,M,V,7,Normal,None,Unspecified,Unspecified,,"(Id="""")",None,None
6122,6122,Victralla,280.26800537109375,-342.09698486328125,Normal,F,V,0,Normal,None,Unspecified,Unspecified,,"(Id="""")",None,None
6126,6126,Zacatecoluca,385.87701416015625,-217.76800537109375,Normal,K,V,9,Normal,None,Unspecified,Unspecified,,"(Id="""")",None,None
6132,6132,Renren,-177.37600708007812,407.0840148925781,Normal,K,V,2,Normal,None,Unspecified,Unspecified,,"(Id="""")",None,None
6150,6150,Nightwish,-446.8949890136719,4.260000228881836,Normal,F,V,0,Normal,None,Unspecified,Unspecified,,"(Id="""")",None,None
6151,6151,Seuta Bimyeong,266.0899963378906,359.23199462890625,Normal,K,V,6,Normal,None,Unspecified,Unspecified,,"(Id="""")",None,None
6152,6152,Bonavista,-51.61399841308594,-444.2460021972656,Normal,None,,0,Normal,None,Unspecified,Unspecified,,"(Id="""")",None,None
6154,6154,Mangzhangdian,111.94000244140625,-433.6809997558594,Normal,G,V,0,Normal,None,Unspecified,Unspecified,,"(Id="""")",None,None
6155,6155,Nuncavoy,44.25600051879883,-445.9079895019531,Normal,None,,0,Normal,None,Unspecified,Unspecified,,"(Id="""")",None,None
6156,6156,Vereeniging,417.3299865722656,-163.87100219726562,Normal,G,V,0,Normal,None,Unspecified,Unspecified,,"(Id="""")",None,None
6158,6158,Girondas,152.91799926757812,-421.6759948730469,Normal,K,V,5,Normal,None,Unspecified,Unspecified,,"(Id="""")",None,None
6159,6159,Alloway,-9.612000465393066,-448.5950012207031,Normal,None,,0,Normal,None,Unspecified,Unspecified,,"(Id="""")",None,None
6160,6160,Mandalas,66.78099822998047,-443.7969970703125,Normal,G,V,5,Normal,None,Unspecified,Unspecified,,"(Id="""")",None,None
6161,6161,Quimper (Chirac (3130+)),380.41900634765625,-239.33299255371094,Normal,M,V,8,Normal,None,Unspecified,Unspecified,,"(Id="""")",None,None
6164,6164,Centavido,257.7239990234375,-368.72698974609375,Normal,K,V,0,Normal,None,Unspecified,Unspecified,,"(Id="""")",None,None
6172,6172,Smithon,126.4990005493164,-432.6700134277344,Normal,M,V,0,Normal,None,Unspecified,Unspecified,,"(Id="""")",None,None
6180,6180,Stettin,-341.97601318359375,-294.9809875488281,Normal,K,V,6,Normal,None,Unspecified,Unspecified,,"(Id="""")",None,None
6183,6183,Baggville (Sardinas (3152+)),-308.2099914550781,330.4330139160156,Normal,F,V,8,Normal,None,Unspecified,Unspecified,,"(Id="""")",None,None
6186,6186,Itrom,92.45899963378906,-442.6830139160156,Normal,G,V,0,Normal,None,Unspecified,Unspecified,,"(Id="""")",None,None
6193,6193,Sartu (Bastille (3130+)),297.2149963378906,-342.8330078125,Normal,F,V,4,Normal,None,Unspecified,Unspecified,,"(Id="""")",None,None
6197,6197,Erdvynn,-453.5570068359375,-21.34600067138672,Normal,K,V,9,Normal,None,Unspecified,Unspecified,,"(Id="""")",None,None
6198,6198,Iron Land,-88.31400299072266,445.5459899902344,Normal,F,V,6,Normal,None,Unspecified,Unspecified,,"(Id="""")",None,None
6205,6205,Hanseta,287.7019958496094,-352.3110046386719,Normal,K,V,9,Normal,None,Unspecified,Unspecified,,"(Id="""")",None,None
6210,6210,Glabach,108.8239974975586,443.2539978027344,Normal,G,V,5,Normal,None,Unspecified,Unspecified,,"(Id="""")",None,None
6211,6211,Choex,-454.406005859375,-44.64899826049805,Normal,F,V,4,Normal,None,Unspecified,Unspecified,,"(Id="""")",None,None
6219,6219,Nobel,-166.40499877929688,-426.65399169921875,Normal,G,V,6,Normal,None,Unspecified,Unspecified,,"(Id="""")",None,None
6220,6220,New Ceylon,148.30599975585938,433.5690002441406,Normal,K,V,4,Normal,None,Unspecified,Unspecified,,"(Id="""")",None,None
6221,6221,Andelys,455.0429992675781,-58.51900100708008,Normal,F,V,7,Normal,None,Unspecified,Unspecified,,"(Id="""")",None,None
6222,6222,Calvados,-459.05499267578125,-6.629000186920166,Normal,G,V,4,Normal,None,Unspecified,Unspecified,,"(Id="""")",None,None
6223,6223,Montsegur,-253.08700561523438,383.1319885253906,Normal,M,V,1,Normal,None,Unspecified,Unspecified,,"(Id="""")",None,None
6229,6229,Haddings,-44.03300094604492,13.932999610900879,Normal,G,V,4,Normal,None,Unspecified,Unspecified,,"(Id="""")",None,None
6231,6231,Stirling,-424.17498779296875,179.2429962158203,Normal,M,V,3,Normal,None,Unspecified,Unspecified,,"(Id="""")",None,None
6237,6237,Tyrlon,115.75199890136719,-446.4649963378906,Normal,G,V,1,Normal,None,Unspecified,Unspecified,,"(Id="""")",None,None
6238,6238,New Ålbor�,-112.26200103759766,447.5409851074219,Normal,F,V,6,Normal,None,Unspecified,Unspecified,,"(Id="""")",None,None
6243,6243,Apinzel,-447.89300537109375,113.68499755859375,Normal,G,V,3,Normal,None,Unspecified,Unspecified,,"(Id="""")",None,None
6248,6248,Sacromonte,57.38199996948242,-458.7650146484375,Normal,None,,0,Normal,None,Unspecified,Unspecified,,"(Id="""")",None,None
6253,6253,Revel,-400.9129943847656,-232.13400268554688,Normal,F,V,1,Normal,None,Unspecified,Unspecified,,"(Id="""")",None,None
6254,6254,Tiruchchirappalli,385.114990234375,-257.9219970703125,Normal,F,V,1,Normal,None,Unspecified,Unspecified,,"(Id="""")",None,None
6255,6255,Milvano,-463.10101318359375,20.388999938964844,Normal,G,V,3,Normal,None,Unspecified,Unspecified,,"(Id="""")",None,None
6259,6259,Mavegh,320.8529968261719,-335.5360107421875,Normal,G,V,0,Normal,None,Unspecified,Unspecified,,"(Id="""")",None,None
6269,6269,Polybius,43.814998626708984,-463.197998046875,Normal,None,,0,Normal,None,Unspecified,Unspecified,,"(Id="""")",None,None
6270,6270,Ki Zoban,446.0710144042969,132.28199768066406,Normal,K,V,7,Normal,None,Unspecified,Unspecified,,"(Id="""")",None,None
6271,6271,Flatspin,260.0799865722656,-385.927001953125,Normal,K,V,9,Normal,None,Unspecified,Unspecified,,"(Id="""")",None,None
6273,6273,Qalzi,161.8260040283203,-436.822998046875,Normal,F,V,3,Normal,None,Unspecified,Unspecified,,"(Id="""")",None,None
6276,6276,Nexus Ri,417.2049865722656,207.86700439453125,Normal,F,V,7,Normal,None,Unspecified,Unspecified,,"(Id="""")",None,None
6283,6283,Ouagadougou (Silence (3130+)),217.46200561523438,413.614990234375,Normal,F,V,6,Normal,None,Unspecified,Unspecified,,"(Id="""")",None,None
6288,6288,Fjernet,-397.0039978027344,248.38800048828125,Normal,M,V,4,Normal,None,Unspecified,Unspecified,,"(Id="""")",None,None
6293,6293,Bellerophon,11.47599983215332,-468.3349914550781,Normal,None,,0,Normal,None,Unspecified,Unspecified,,"(Id="""")",None,None
6294,6294,Sikkim,331.7650146484375,330.9620056152344,Normal,K,V,2,Normal,None,Unspecified,Unspecified,,"(Id="""")",None,None
6295,6295,Appian,44.176998138427734,-466.7300109863281,Normal,F,V,6,Normal,None,Unspecified,Unspecified,,"(Id="""")",None,None
6301,6301,Mahrah,-417.5580139160156,214.68499755859375,Normal,F,V,3,Normal,None,Unspecified,Unspecified,,"(Id="""")",None,None
6304,6304,New Britain (Inglesmond (2349+)),33.895999908447266,33.939998626708984,Normal,G,V,0,Normal,None,Unspecified,Unspecified,,"(Id="""")",None,None
6306,6306,Woogi,226.85800170898438,-412.0830078125,Normal,K,V,8,Normal,None,Unspecified,Unspecified,,"(Id="""")",None,None
6311,6311,Masterton,292.59600830078125,-369.7640075683594,Normal,G,V,0,Normal,None,Unspecified,Unspecified,,"(Id="""")",None,None
6312,6312,Amber,281.9939880371094,-377.9159851074219,Normal,G,V,8,Normal,None,Unspecified,Unspecified,,"(Id="""")",None,None
6313,6313,Old Canton,393.5929870605469,260.6549987792969,Normal,K,V,3,Normal,None,Unspecified,Unspecified,,"(Id="""")",None,None
6315,6315,Úr Cruinn�,-15.217000007629395,-471.9389953613281,Normal,M,V,2,Normal,None,Unspecified,Unspecified,,"(Id="""")",None,None
6321,6321,Emar,325.03900146484375,344.7139892578125,Normal,K,V,9,Normal,None,Unspecified,Unspecified,,"(Id="""")",None,None
6325,6325,Takata (New Start (3130+)),366.20098876953125,301.52099609375,Normal,G,V,5,Normal,None,Unspecified,Unspecified,,"(Id="""")",None,None
6329,6329,Guldra,114.41699981689453,-461.156005859375,Normal,G,V,2,Normal,None,Unspecified,Unspecified,,"(Id="""")",None,None
6330,6330,Paf,188.68600463867188,-436.114990234375,Normal,G,V,4,Normal,None,Unspecified,Unspecified,,"(Id="""")",None,None
6331,6331,Tatopani,-475.17401123046875,-7.043000221252441,Normal,K,V,8,Normal,None,Unspecified,Unspecified,,"(Id="""")",None,None
6333,6333,Coromodir,92.15799713134766,-466.510986328125,Normal,G,V,3,Normal,None,Unspecified,Unspecified,,"(Id="""")",None,None
6338,6338,Katinka,151.69400024414062,-451.1929931640625,Normal,K,V,3,Normal,None,Unspecified,Unspecified,,"(Id="""")",None,None
6347,6347,Valerius,-452.989990234375,-154.23500061035156,Normal,F,V,3,Normal,None,Unspecified,Unspecified,,"(Id="""")",None,None
6349,6349,Valabhi,-414.6990051269531,239.65899658203125,Normal,G,V,1,Normal,None,Unspecified,Unspecified,,"(Id="""")",None,None
6351,6351,Janina,-446.6109924316406,173.83799743652344,Normal,K,V,0,Normal,None,Unspecified,Unspecified,,"(Id="""")",None,None
6352,6352,Traussin,358.27099609375,-318.85699462890625,Normal,G,V,1,Normal,None,Unspecified,Unspecified,,"(Id="""")",None,None
6355,6355,Zertarum,-135.53599548339844,460.1780090332031,Normal,F,V,0,Normal,None,Unspecified,Unspecified,,"(Id="""")",None,None
6356,6356,Wedderborg,472.22198486328125,-85.39099884033203,Normal,K,V,8,Normal,None,Unspecified,Unspecified,,"(Id="""")",None,None
6363,6363,Yidtall,-479.60101318359375,-25.8700008392334,Normal,F,V,5,Normal,None,Unspecified,Unspecified,,"(Id="""")",None,None
6365,6365,Herbania,-276.3370056152344,393.0509948730469,Normal,G,V,4,Normal,None,Unspecified,Unspecified,,"(Id="""")",None,None
6366,6366,Fallen Stars,-479.1409912109375,38.715999603271484,Normal,F,V,7,Normal,None,Unspecified,Unspecified,,"(Id="""")",None,None
6367,6367,Haggard,-477.0669860839844,59.40599822998047,Normal,G,V,6,Normal,None,Unspecified,Unspecified,,"(Id="""")",None,None
6373,6373,Marisura,-434.84698486328125,207.39999389648438,Normal,K,V,6,Normal,None,Unspecified,Unspecified,,"(Id="""")",None,None
6374,6374,Zelmag,-265.97900390625,-401.802001953125,Normal,G,V,4,Normal,None,Unspecified,Unspecified,,"(Id="""")",None,None
6375,6375,Vulture's Nest,-241.63699340820312,416.9750061035156,Normal,G,V,3,Normal,None,Unspecified,Unspecified,,"(Id="""")",None,None
6376,6376,Taygete,-26.222000122070312,-481.2869873046875,Normal,None,,0,Normal,None,Unspecified,Unspecified,,"(Id="""")",None,None
6378,6378,New Sarum,228.75599670410156,424.3739929199219,Normal,G,V,8,Normal,None,Unspecified,Unspecified,,"(Id="""")",None,None
6380,6380,Mas,227.3300018310547,-425.510009765625,Normal,F,V,8,Normal,None,Unspecified,Unspecified,,"(Id="""")",None,None
6382,6382,Sanurcha (Ildrong (2750+)),430.3110046386719,-219.13999938964844,Normal,G,V,8,Normal,None,Unspecified,Unspecified,,"(Id="""")",None,None
6384,6384,Bothwell,482.57598876953125,23.94099998474121,Normal,G,V,6,Normal,None,Unspecified,Unspecified,,"(Id="""")",None,None
6385,6385,Caracol,273.3489990234375,398.822998046875,Normal,M,V,6,Normal,None,Unspecified,Unspecified,,"(Id="""")",None,None
6386,6386,Ambrose,-226.17599487304688,427.52301025390625,Normal,K,V,4,Normal,None,Unspecified,Unspecified,,"(Id="""")",None,None
6388,6388,Wingzar,-465.8529968261719,130.31399536132812,Normal,K,V,3,Normal,None,Unspecified,Unspecified,,"(Id="""")",None,None
6399,6399,Arlanda,-300.53399658203125,380.6510009765625,Normal,G,V,7,Normal,None,Unspecified,Unspecified,,"(Id="""")",None,None
6400,6400,Merlynpede,-475.5069885253906,96.72599792480469,Normal,F,V,5,Normal,None,Unspecified,Unspecified,,"(Id="""")",None,None
6405,6405,Illium,-207.37600708007812,439.2250061035156,Normal,F,V,1,Normal,None,Unspecified,Unspecified,,"(Id="""")",None,None
6410,6410,Parvan,-465.1289978027344,142.84800720214844,Normal,M,V,6,Normal,None,Unspecified,Unspecified,,"(Id="""")",None,None
6417,6417,Sweet Water,-373.8320007324219,312.72100830078125,Normal,M,V,4,Normal,None,Unspecified,Unspecified,,"(Id="""")",None,None
6423,6423,Isfahan,163.23300170898438,460.22100830078125,Normal,M,V,5,Normal,None,Unspecified,Unspecified,,"(Id="""")",None,None
6425,6425,Armstrong,-488.302001953125,12.607000350952148,Normal,G,V,8,Normal,None,Unspecified,Unspecified,,"(Id="""")",None,None
6428,6428,Tantallon,488.9410095214844,0.49399998784065247,Normal,K,V,1,Normal,None,Unspecified,Unspecified,,"(Id="""")",None,None
6431,6431,Awyron,-265.17999267578125,411.6610107421875,Normal,G,V,7,Normal,None,Unspecified,Unspecified,,"(Id="""")",None,None
6432,6432,Caerlaverock,488.177001953125,43.474998474121094,Normal,F,V,9,Normal,None,Unspecified,Unspecified,,"(Id="""")",None,None
6434,6434,Don't (Mantharaka (3022+)),37.30699920654297,-489.19000244140625,Normal,None,,0,Normal,None,Unspecified,Unspecified,,"(Id="""")",None,None
6437,6437,Gangtok,135.19900512695312,-472.3240051269531,Normal,M,V,5,Normal,None,Unspecified,Unspecified,,"(Id="""")",None,None
6438,6438,Jeju,212.58900451660156,443.05999755859375,Normal,G,V,2,Normal,None,Unspecified,Unspecified,,"(Id="""")",None,None
6439,6439,Tetski,-125.74800109863281,-475.260009765625,Normal,M,V,7,Normal,None,Unspecified,Unspecified,,"(Id="""")",None,None
6440,6440,Pyrrhus,206.86199951171875,-446.1440124511719,Normal,None,,0,Normal,None,Unspecified,Unspecified,,"(Id="""")",None,None
6441,6441,Vortalcoy,-485.09698486328125,81.77200317382812,Normal,F,V,4,Normal,None,Unspecified,Unspecified,,"(Id="""")",None,None
6442,6442,Wonju,266.75,414.0,Normal,M,V,7,Normal,None,Unspecified,Unspecified,,"(Id="""")",None,None
6446,6446,Jacobabad,407.864990234375,-283.4209899902344,Normal,F,V,8,Normal,None,Unspecified,Unspecified,,"(Id="""")",None,None
6449,6449,Luxani,-268.66400146484375,-418.3030090332031,Normal,M,V,5,Normal,None,Unspecified,Unspecified,,"(Id="""")",None,None
6452,6452,Artru,165.99899291992188,-469.8110046386719,Normal,G,V,6,Normal,None,Unspecified,Unspecified,,"(Id="""")",None,None
6456,6456,Contrilla,43.75400161743164,-496.46099853515625,Normal,None,,0,Normal,None,Unspecified,Unspecified,,"(Id="""")",None,None
6458,6458,Highwater,60.02000045776367,-495.0530090332031,Normal,None,,0,Normal,None,Unspecified,Unspecified,,"(Id="""")",None,None
6459,6459,Wypoute,-335.5719909667969,369.1700134277344,Normal,G,V,6,Normal,None,Unspecified,Unspecified,,"(Id="""")",None,None
6468,6468,Chaville,17.398000717163086,46.930999755859375,Normal,M,V,9,Normal,None,Unspecified,Unspecified,,"(Id="""")",None,None
6469,6469,Lone Star,-4.656000137329102,50.41600036621094,Normal,K,V,8,Normal,None,Unspecified,Unspecified,,"(Id="""")",None,None
6471,6471,Cygnus,-7.084000110626221,-500.135986328125,Normal,M,V,5,Normal,None,Unspecified,Unspecified,,"(Id="""")",None,None
6472,6472,Sidon,-465.1960144042969,183.86599731445312,Normal,F,V,0,Normal,None,Unspecified,Unspecified,,"(Id="""")",None,None
6480,6480,Heliat,124.23300170898438,-485.739013671875,Normal,K,V,0,Normal,None,Unspecified,Unspecified,,"(Id="""")",None,None
6485,6485,Hoensbroek,485.2760009765625,-130.96499633789062,Normal,F,V,7,Normal,None,Unspecified,Unspecified,,"(Id="""")",None,None
6489,6489,Dunklewälderdunklerflüssenschattenwelt (Bob (2789+)�,440.6889953613281,243.8419952392578,Normal,M,V,2,Normal,None,Unspecified,Unspecified,,"(Id="""")",None,None
6499,6499,Tottori,430.6960144042969,265.0060119628906,Normal,M,V,9,Normal,None,Unspecified,Unspecified,,"(Id="""")",None,None
6503,6503,Kublenz,505.58099365234375,-32.25600051879883,Normal,F,V,3,Normal,None,Unspecified,Unspecified,,"(Id="""")",None,None
6505,6505,Melville,-303.62701416015625,405.76800537109375,Normal,F,V,1,Normal,None,Unspecified,Unspecified,,"(Id="""")",None,None
6507,6507,Fairuza,145.45599365234375,-485.73199462890625,Normal,None,,0,Normal,None,Unspecified,Unspecified,,"(Id="""")",None,None
6509,6509,Herrmaz,-241.4199981689453,-446.3160095214844,Normal,G,V,0,Normal,None,Unspecified,Unspecified,,"(Id="""")",None,None
6511,6511,Monthey,-504.7919921875,53.375999450683594,Normal,F,V,9,Normal,None,Unspecified,Unspecified,,"(Id="""")",None,None
6512,6512,Kerman,-466.1940002441406,200.8300018310547,Normal,M,V,5,Normal,None,Unspecified,Unspecified,,"(Id="""")",None,None
6515,6515,Lande,-502.7799987792969,73.44499969482422,Normal,G,V,2,Normal,None,Unspecified,Unspecified,,"(Id="""")",None,None
6516,6516,Independence,58.65599822998047,-505.06298828125,Normal,K,V,2,Normal,None,Unspecified,Unspecified,,"(Id="""")",None,None
6517,6517,Yamoussoukra,504.05999755859375,-67.98500061035156,Normal,F,V,2,Normal,None,Unspecified,Unspecified,,"(Id="""")",None,None
6518,6518,Chaadan (Chadan (2890+) / Chandan (3022+)),17.631999969482422,-508.4079895019531,Normal,None,,0,Normal,None,Unspecified,Unspecified,,"(Id="""")",None,None
6520,6520,Ylemelke,-234.22999572753906,451.7099914550781,Normal,M,V,6,Normal,None,Unspecified,Unspecified,,"(Id="""")",None,None
6522,6522,Aboukir,-419.9639892578125,287.6369934082031,Normal,K,V,6,Normal,None,Unspecified,Unspecified,,"(Id="""")",None,None
6523,6523,Taran's World,-59.948001861572266,505.5270080566406,Normal,K,V,2,Normal,None,Unspecified,Unspecified,,"(Id="""")",None,None
6524,6524,Balawat,-51.22800064086914,-506.5589904785156,Normal,None,,0,Normal,None,Unspecified,Unspecified,,"(Id="""")",None,None
6530,6530,Afleir,-51.28099822998047,-2.9769999980926514,Normal,M,V,6,Normal,None,Unspecified,Unspecified,,"(Id="""")",None,None
6535,6535,Tiburon (Tiverton (3022+)),76.26100158691406,-505.885986328125,Normal,None,,0,Normal,None,Unspecified,Unspecified,,"(Id="""")",None,None
6537,6537,Osset,458.4700012207031,227.9290008544922,Normal,G,V,3,Normal,None,Unspecified,Unspecified,,"(Id="""")",None,None
6539,6539,Solor,-485.0840148925781,166.12899780273438,Normal,K,V,8,Normal,None,Unspecified,Unspecified,,"(Id="""")",None,None
6540,6540,Synsstad,-446.8949890136719,251.38099670410156,Normal,G,V,7,Normal,None,Unspecified,Unspecified,,"(Id="""")",None,None
6541,6541,Mondra,-317.0159912109375,-403.3370056152344,Normal,G,V,9,Normal,None,Unspecified,Unspecified,,"(Id="""")",None,None
6543,6543,Kola,-265.4909973144531,439.572998046875,Normal,G,V,4,Normal,None,Unspecified,Unspecified,,"(Id="""")",None,None
6544,6544,Anatolia (Pillory (3130+)),-432.7869873046875,276.4440002441406,Normal,M,V,6,Normal,None,Unspecified,Unspecified,,"(Id="""")",None,None
6546,6546,Eliat,250.63499450683594,-449.58599853515625,Normal,None,,0,Normal,None,Unspecified,Unspecified,,"(Id="""")",None,None
6549,6549,Rosetta,-462.8680114746094,226.32699584960938,Normal,F,V,1,Normal,None,Unspecified,Unspecified,,"(Id="""")",None,None
6552,6552,Elba,-418.22100830078125,302.5559997558594,Normal,M,V,0,Normal,None,Unspecified,Unspecified,,"(Id="""")",None,None
6553,6553,Malacca,-493.79998779296875,150.93800354003906,Normal,F,V,5,Normal,None,Unspecified,Unspecified,,"(Id="""")",None,None
6554,6554,Tirabad,339.0169982910156,-389.9330139160156,Normal,K,V,5,Normal,None,Unspecified,Unspecified,,"(Id="""")",None,None
6557,6557,Moroney,-493.0840148925781,155.7429962158203,Normal,F,V,2,Normal,None,Unspecified,Unspecified,,"(Id="""")",None,None
6558,6558,Hiberius,-513.0230102539062,65.01899719238281,Normal,G,V,9,Normal,None,Unspecified,Unspecified,,"(Id="""")",None,None
6559,6559,Cryfder,-153.28900146484375,493.8869934082031,Normal,F,V,5,Normal,None,Unspecified,Unspecified,,"(Id=""MWFactionAsset:PirateKingdoms"")",None,None
6560,6560,Verdinge,517.114990234375,-6.375,Normal,F,V,1,Normal,None,Unspecified,Unspecified,,"(Id="""")",None,None
6562,6562,Fronc,-1.121000051498413,-517.35400390625,Normal,G,V,4,Normal,None,Unspecified,Unspecified,,"(Id="""")",None,None
6565,6565,Heathville,-509.8320007324219,91.85099792480469,Normal,M,V,8,Normal,None,Unspecified,Unspecified,,"(Id="""")",None,None
6576,6576,Koskenkorva,-214.39199829101562,474.3500061035156,Normal,G,V,3,Normal,None,Unspecified,Unspecified,,"(Id="""")",None,None
6579,6579,St. Cyr,510.010009765625,-110.12799835205078,Normal,G,V,8,Normal,None,Unspecified,Unspecified,,"(Id="""")",None,None
6581,6581,McEvans' Sacrifice,42.47200012207031,-520.2429809570312,Normal,K,V,4,Normal,None,Unspecified,Unspecified,,"(Id="""")",None,None
6582,6582,Beowulf,-124.14600372314453,507.2229919433594,Normal,K,V,8,Normal,None,Unspecified,Unspecified,,"(Id=""MWFactionAsset:PirateKingdoms"")",None,None
6583,6583,Theta Carinae Cluster,223.3249969482422,472.13299560546875,Normal,K,V,5,Normal,None,Unspecified,Unspecified,,"(Id="""")",None,None
6587,6587,Luanda,-368.13299560546875,370.7229919433594,Normal,F,V,6,Normal,None,Unspecified,Unspecified,,"(Id="""")",None,None
6589,6589,Durabon,-279.7929992675781,-441.3290100097656,Normal,F,V,4,Normal,None,Unspecified,Unspecified,,"(Id="""")",None,None
6593,6593,Gaucin,160.6750030517578,-497.9010009765625,Normal,None,,0,Normal,None,Unspecified,Unspecified,,"(Id="""")",None,None
6595,6595,Vargtass,-236.65199279785156,467.49798583984375,Normal,G,V,7,Normal,None,Unspecified,Unspecified,,"(Id="""")",None,None
6597,6597,Itzehoe,-76.47899627685547,-518.7689819335938,Normal,F,V,5,Normal,None,Unspecified,Unspecified,,"(Id="""")",None,None
6598,6598,Finmark,-405.3479919433594,332.88800048828125,Normal,G,V,0,Normal,None,Unspecified,Unspecified,,"(Id="""")",None,None
6599,6599,Peratallada,141.45199584960938,-505.4070129394531,Normal,None,,0,Normal,None,Unspecified,Unspecified,,"(Id="""")",None,None
6604,6604,Tarragona,117.10900115966797,-512.3590087890625,Normal,None,,0,Normal,None,Unspecified,Unspecified,,"(Id="""")",None,None
6605,6605,Svalstad,-298.0450134277344,433.0580139160156,Normal,M,V,9,Normal,None,Unspecified,Unspecified,,"(Id="""")",None,None
6606,6606,Lushun (Jibbet (3130+)),-412.1619873046875,326.4320068359375,Normal,G,V,7,Normal,None,Unspecified,Unspecified,,"(Id="""")",None,None
6608,6608,Beckars,-510.09698486328125,128.98800659179688,Normal,K,V,9,Normal,None,Unspecified,Unspecified,,"(Id="""")",None,None
6609,6609,Seven Lands (Garotte (3130+)),-456.510009765625,261.635009765625,Normal,M,V,5,Normal,None,Unspecified,Unspecified,,"(Id="""")",None,None
6612,6612,Greypearl,461.4410095214844,254.6280059814453,Normal,G,V,4,Normal,None,Unspecified,Unspecified,,"(Id="""")",None,None
6613,6613,Zinal,-515.489990234375,110.0260009765625,Normal,F,V,9,Normal,None,Unspecified,Unspecified,,"(Id="""")",None,None
6614,6614,Schmitt,-304.73699951171875,-430.20001220703125,Normal,K,V,0,Normal,None,Unspecified,Unspecified,,"(Id="""")",None,None
6623,6623,Machapuchre,-321.00201416015625,420.34698486328125,Normal,K,V,3,Normal,None,Unspecified,Unspecified,,"(Id="""")",None,None
6624,6624,Dralkig,516.6240234375,113.3949966430664,Normal,F,V,7,Normal,None,Unspecified,Unspecified,,"(Id="""")",None,None
6625,6625,Cork,525.583984375,66.4530029296875,Normal,F,V,5,Normal,None,Unspecified,Unspecified,,"(Id="""")",None,None
6628,6628,Austerlitz (Scauld (3130+)),-432.6730041503906,306.25799560546875,Normal,F,V,0,Normal,None,Unspecified,Unspecified,,"(Id="""")",None,None
6629,6629,Gabenstad,-343.63299560546875,404.2170104980469,Normal,K,V,5,Normal,None,Unspecified,Unspecified,,"(Id="""")",None,None
6630,6630,Mogabouti,-365.6610107421875,384.6610107421875,Normal,K,V,8,Normal,None,Unspecified,Unspecified,,"(Id="""")",None,None
6632,6632,Harlez,-510.4289855957031,147.61399841308594,Normal,K,V,5,Normal,None,Unspecified,Unspecified,,"(Id="""")",None,None
6634,6634,Ichmandu,-82.89900207519531,525.2119750976562,Normal,F,V,5,Normal,None,Unspecified,Unspecified,,"(Id="""")",None,None
6637,6637,Angra,390.6159973144531,-361.18701171875,Normal,M,V,6,Normal,None,Unspecified,Unspecified,,"(Id="""")",None,None
6640,6640,Battaraigi,-193.91400146484375,495.74700927734375,Normal,G,V,9,Normal,None,Unspecified,Unspecified,,"(Id="""")",None,None
6643,6643,New Sapporo,332.95599365234375,417.2969970703125,Normal,G,V,0,Normal,None,Unspecified,Unspecified,,"(Id="""")",None,None
6644,6644,Dirkel,-110.19000244140625,522.4199829101562,Normal,K,V,4,Normal,None,Unspecified,Unspecified,,"(Id="""")",None,None
6645,6645,Reinbak,-112.09700012207031,-522.2979736328125,Normal,K,V,0,Normal,None,Unspecified,Unspecified,,"(Id="""")",None,None
6647,6647,Wheeler (Perian (2890+) / Mystras (3022+)),196.2830047607422,-497.1109924316406,Normal,None,,0,Normal,None,Unspecified,Unspecified,,"(Id="""")",None,None
6649,6649,Cabanatuan,292.4849853515625,448.0920104980469,Normal,G,V,8,Normal,None,Unspecified,Unspecified,,"(Id="""")",None,None
6652,6652,Dumassas,428.87200927734375,-321.7409973144531,Normal,F,V,7,Normal,None,Unspecified,Unspecified,,"(Id="""")",None,None
6653,6653,Gwynedd,-276.4070129394531,459.4620056152344,Normal,M,V,7,Normal,None,Unspecified,Unspecified,,"(Id="""")",None,None
6654,6654,Zelski,324.10101318359375,-427.1610107421875,Normal,G,V,8,Normal,None,Unspecified,Unspecified,,"(Id="""")",None,None
6661,6661,Kleinwelt,-334.2860107421875,-423.6759948730469,Normal,K,V,3,Normal,None,Unspecified,Unspecified,,"(Id="""")",None,None
6663,6663,Shipton,-152.7740020751953,-517.6920166015625,Normal,G,V,8,Normal,None,Unspecified,Unspecified,,"(Id="""")",None,None
6667,6667,Beauvais,-500.2130126953125,204.072998046875,Normal,F,V,2,Normal,None,Unspecified,Unspecified,,"(Id="""")",None,None
6669,6669,Simone,387.5539855957031,-377.9159851074219,Normal,F,V,2,Normal,None,Unspecified,Unspecified,,"(Id="""")",None,None
6670,6670,Meghy,-518.677978515625,156.8159942626953,Normal,F,V,6,Normal,None,Unspecified,Unspecified,,"(Id="""")",None,None
6671,6671,Gorfynt,-233.6199951171875,488.9280090332031,Normal,F,V,8,Normal,None,Unspecified,Unspecified,,"(Id="""")",None,None
6674,6674,Cilvituk,-493.4010009765625,225.6649932861328,Normal,F,V,3,Normal,None,Unspecified,Unspecified,,"(Id="""")",None,None
6675,6675,Sialkot,-487.843994140625,237.51100158691406,Normal,G,V,9,Normal,None,Unspecified,Unspecified,,"(Id="""")",None,None
6678,6678,Lorkdal,421.0119934082031,-343.7510070800781,Normal,F,V,4,Normal,None,Unspecified,Unspecified,,"(Id="""")",None,None
6679,6679,Pasemah,-513.0900268554688,180.875,Normal,K,V,9,Normal,None,Unspecified,Unspecified,,"(Id="""")",None,None
6681,6681,Shalaine,-529.3209838867188,129.2100067138672,Normal,K,V,7,Normal,None,Unspecified,Unspecified,,"(Id="""")",None,None
6682,6682,Oporto (Veil (3075+)),-449.9540100097656,307.6109924316406,Normal,G,V,1,Normal,None,Unspecified,Unspecified,,"(Id="""")",None,None
6683,6683,Project Libra Umbrella (Skyfog (2769+)),-59.979000091552734,-541.7940063476562,Normal,M,V,8,Normal,None,Unspecified,Unspecified,,"(Id="""")",None,None
6685,6685,Zefri,-490.406005859375,238.30299377441406,Normal,M,V,3,Normal,None,Unspecified,Unspecified,,"(Id="""")",None,None
6686,6686,Farcry,-485.09698486328125,248.96299743652344,Normal,K,V,6,Normal,None,Unspecified,Unspecified,,"(Id="""")",None,None
6687,6687,Rennes,507.260986328125,-200.58999633789062,Normal,K,V,5,Normal,None,Unspecified,Unspecified,,"(Id="""")",None,None
6688,6688,Ceram,-518.5349731445312,171.093994140625,Normal,M,V,0,Normal,None,Unspecified,Unspecified,,"(Id="""")",None,None
6689,6689,Coopertown,-301.6669921875,-455.1409912109375,Normal,G,V,8,Normal,None,Unspecified,Unspecified,,"(Id="""")",None,None
6692,6692,Edirne (Brank (3130+)),-462.40399169921875,290.9169921875,Normal,K,V,2,Normal,None,Unspecified,Unspecified,,"(Id="""")",None,None
6694,6694,Helland,489.947998046875,243.1699981689453,Normal,F,V,8,Normal,None,Unspecified,Unspecified,,"(Id="""")",None,None
6695,6695,Northsun,503.5060119628906,213.8179931640625,Normal,M,V,8,Normal,None,Unspecified,Unspecified,,"(Id="""")",None,None
6698,6698,Roscoff,546.8060302734375,43.167999267578125,Normal,F,V,2,Normal,None,Unspecified,Unspecified,,"(Id="""")",None,None
6699,6699,Ahlat,206.91900634765625,-508.0929870605469,Normal,None,,0,Normal,None,Unspecified,Unspecified,,"(Id="""")",None,None
6700,6700,Vinstra,516.1329956054688,186.16200256347656,Normal,K,V,6,Normal,None,Unspecified,Unspecified,,"(Id="""")",None,None
6701,6701,Várr�,-266.4209899902344,480.20098876953125,Normal,G,V,6,Normal,None,Unspecified,Unspecified,,"(Id="""")",None,None
6702,6702,Bougie,-505.77301025390625,215.46299743652344,Normal,F,V,1,Normal,None,Unspecified,Unspecified,,"(Id="""")",None,None
6709,6709,Badlands,421.6919860839844,-354.1960144042969,Normal,F,V,2,Normal,None,Unspecified,Unspecified,,"(Id="""")",None,None
6710,6710,Summerstide,533.3469848632812,-141.2689971923828,Normal,F,V,6,Normal,None,Unspecified,Unspecified,,"(Id="""")",None,None
6711,6711,Skiland,-83.83000183105469,545.677978515625,Normal,G,V,7,Normal,None,Unspecified,Unspecified,,"(Id="""")",None,None
6712,6712,Helios,-368.2340087890625,-411.3999938964844,Normal,F,V,9,Normal,None,Unspecified,Unspecified,,"(Id="""")",None,None
6714,6714,Lywick (Ferreusvirgo (3130+)),-439.4309997558594,334.9800109863281,Normal,G,V,6,Normal,None,Unspecified,Unspecified,,"(Id="""")",None,None
6715,6715,Halla,513.8040161132812,204.11199951171875,Normal,M,V,4,Normal,None,Unspecified,Unspecified,,"(Id="""")",None,None
6716,6716,Fiery Plains,363.9909973144531,-416.3210144042969,Normal,M,V,5,Normal,None,Unspecified,Unspecified,,"(Id="""")",None,None
6717,6717,Salisberg,-315.4209899902344,454.7690124511719,Normal,K,V,3,Normal,None,Unspecified,Unspecified,,"(Id="""")",None,None
6718,6718,Able's Glory,-539.22998046875,124.70099639892578,Normal,F,V,5,Normal,None,Unspecified,Unspecified,,"(Id="""")",None,None
6719,6719,Bye's Ship,-250.9810028076172,-493.6570129394531,Normal,G,V,9,Normal,None,Unspecified,Unspecified,,"(Id="""")",None,None
6722,6722,Cresson,-269.8160095214844,-483.9230041503906,Normal,G,V,0,Normal,None,Unspecified,Unspecified,,"(Id="""")",None,None
6723,6723,Bayeux,551.9240112304688,-52.638999938964844,Normal,F,V,9,Normal,None,Unspecified,Unspecified,,"(Id="""")",None,None
6724,6724,Modesto,-142.02699279785156,-536.4970092773438,Normal,M,V,1,Normal,None,Unspecified,Unspecified,,"(Id="""")",None,None
6725,6725,Givrodat,-187.4290008544922,522.375,Normal,F,V,0,Normal,None,Unspecified,Unspecified,,"(Id="""")",None,None
6726,6726,Jápminbodd�,-220.27499389648438,510.010986328125,Normal,G,V,4,Normal,None,Unspecified,Unspecified,,"(Id="""")",None,None
6728,6728,Caillinius,-130.9669952392578,540.4089965820312,Normal,F,V,5,Normal,None,Unspecified,Unspecified,,"(Id="""")",None,None
6732,6732,Serenity,390.6159973144531,-396.52899169921875,Normal,K,V,5,Normal,None,Unspecified,Unspecified,,"(Id="""")",None,None
6734,6734,Finse,531.469970703125,166.88299560546875,Normal,K,V,3,Normal,None,Unspecified,Unspecified,,"(Id="""")",None,None
6735,6735,Viluisk,-437.3380126953125,345.10198974609375,Normal,K,V,9,Normal,None,Unspecified,Unspecified,,"(Id="""")",None,None
6736,6736,Klenkar,409.93798828125,-377.6820068359375,Normal,G,V,2,Normal,None,Unspecified,Unspecified,,"(Id="""")",None,None
6737,6737,Zanbasa,-316.6610107421875,458.8009948730469,Normal,F,V,3,Normal,None,Unspecified,Unspecified,,"(Id="""")",None,None
6739,6739,Devil's Breath,509.7640075683594,226.2969970703125,Normal,G,V,9,Normal,None,Unspecified,Unspecified,,"(Id="""")",None,None
6742,6742,Mearra,-245.96499633789062,502.4200134277344,Normal,M,V,6,Normal,None,Unspecified,Unspecified,,"(Id="""")",None,None
6745,6745,Bex,32.244998931884766,-46.08100128173828,Normal,F,V,5,Normal,None,Unspecified,Unspecified,,"(Id="""")",None,None
6747,6747,Mandal,-8.765999794006348,-55.97999954223633,Normal,K,V,1,Normal,None,Unspecified,Unspecified,,"(Id="""")",None,None
6749,6749,Hawktor,450.7019958496094,-333.1099853515625,Normal,M,V,9,Normal,None,Unspecified,Unspecified,,"(Id="""")",None,None
6750,6750,Derby,-488.4779968261719,275.33099365234375,Normal,M,V,7,Normal,None,Unspecified,Unspecified,,"(Id="""")",None,None
6752,6752,Delagoa,-431.52801513671875,360.3630065917969,Normal,K,V,8,Normal,None,Unspecified,Unspecified,,"(Id="""")",None,None
6756,6756,Ubangi,-383.64801025390625,412.5929870605469,Normal,K,V,3,Normal,None,Unspecified,Unspecified,,"(Id="""")",None,None
6757,6757,Windhoek,-349.2250061035156,442.364990234375,Normal,M,V,7,Normal,None,Unspecified,Unspecified,,"(Id="""")",None,None
6759,6759,Kupang (RWR),-499.0690002441406,262.6059875488281,Normal,M,V,8,Normal,None,Unspecified,Unspecified,,"(Id="""")",None,None
6763,6763,Gingeria,-544.5850219726562,151.63800048828125,Normal,F,V,0,Normal,None,Unspecified,Unspecified,,"(Id="""")",None,None
6764,6764,Joan's Post,509.7959899902344,245.11000061035156,Normal,M,V,0,Normal,None,Unspecified,Unspecified,,"(Id="""")",None,None
6766,6766,Indrapurai,-539.364990234375,176.8820037841797,Normal,M,V,5,Normal,None,Unspecified,Unspecified,,"(Id="""")",None,None
6767,6767,Sentarus,-220.45199584960938,523.3200073242188,Normal,K,V,2,Normal,None,Unspecified,Unspecified,,"(Id="""")",None,None
6768,6768,Ugland,557.6279907226562,107.97599792480469,Normal,F,V,8,Normal,None,Unspecified,Unspecified,,"(Id="""")",None,None
6769,6769,Chita,-489.0769958496094,290.18798828125,Normal,K,V,0,Normal,None,Unspecified,Unspecified,,"(Id="""")",None,None
6770,6770,Duxford,569.5579833984375,12.633999824523926,Normal,G,V,7,Normal,None,Unspecified,Unspecified,,"(Id="""")",None,None
6775,6775,Inner Surge,-471.8479919433594,321.8940124511719,Normal,G,V,9,Normal,None,Unspecified,Unspecified,,"(Id="""")",None,None
6776,6776,Nyasa,-413.7309875488281,394.2980041503906,Normal,G,V,4,Normal,None,Unspecified,Unspecified,,"(Id="""")",None,None
6777,6777,Naco,-522.1619873046875,232.81300354003906,Normal,G,V,2,Normal,None,Unspecified,Unspecified,,"(Id="""")",None,None
6778,6778,Melilla,-530.9829711914062,213.02499389648438,Normal,M,V,9,Normal,None,Unspecified,Unspecified,,"(Id="""")",None,None
6779,6779,Boara,-310.7690124511719,481.44000244140625,Normal,K,V,9,Normal,None,Unspecified,Unspecified,,"(Id="""")",None,None
6780,6780,Vannes,-167.4739990234375,548.3179931640625,Normal,G,V,7,Normal,None,Unspecified,Unspecified,,"(Id="""")",None,None
6784,6784,Ceuta,-538.7479858398438,199.6540069580078,Normal,K,V,7,Normal,None,Unspecified,Unspecified,,"(Id="""")",None,None
6785,6785,Apsalar,-121.3550033569336,562.114990234375,Normal,F,V,9,Normal,None,Unspecified,Unspecified,,"(Id="""")",None,None
6786,6786,Toten,567.9970092773438,92.8949966430664,Normal,G,V,3,Normal,None,Unspecified,Unspecified,,"(Id="""")",None,None
6790,6790,Lokoja,-379.6159973144531,434.3009948730469,Normal,G,V,2,Normal,None,Unspecified,Unspecified,,"(Id="""")",None,None
6791,6791,Malaga,-489.6679992675781,305.2980041503906,Normal,K,V,7,Normal,None,Unspecified,Unspecified,,"(Id="""")",None,None
6792,6792,Gettorf,-213.7899932861328,-536.114013671875,Normal,G,V,8,Normal,None,Unspecified,Unspecified,,"(Id="""")",None,None
6793,6793,Ictus,547.2659912109375,186.20399475097656,Normal,K,V,1,Normal,None,Unspecified,Unspecified,,"(Id="""")",None,None
6795,6795,Cadela,426.66900634765625,-390.8760070800781,Normal,K,V,6,Normal,None,Unspecified,Unspecified,,"(Id="""")",None,None
6797,6797,Mao,-355.7380065917969,456.94000244140625,Normal,K,V,8,Normal,None,Unspecified,Unspecified,,"(Id="""")",None,None
6798,6798,Bell (OA),535.2410278320312,221.31100463867188,Normal,G,V,1,Normal,None,Unspecified,Unspecified,,"(Id="""")",None,None
6801,6801,Dichell,-267.35101318359375,514.625,Normal,K,V,3,Normal,None,Unspecified,Unspecified,,"(Id="""")",None,None
6802,6802,Leh,441.5090026855469,-376.031005859375,Normal,F,V,4,Normal,None,Unspecified,Unspecified,,"(Id="""")",None,None
6808,6808,Torgvei,-438.5780029296875,379.8330078125,Normal,K,V,1,Normal,None,Unspecified,Unspecified,,"(Id="""")",None,None
6809,6809,Bremen (RWR),-472.1130065917969,338.4150085449219,Normal,K,V,9,Normal,None,Unspecified,Unspecified,,"(Id="""")",None,None
6812,6812,Findal,-523.5369873046875,258.92401123046875,Normal,K,V,5,Normal,None,Unspecified,Unspecified,,"(Id="""")",None,None
6813,6813,Kenilworth,561.5969848632812,-161.56300354003906,Normal,M,V,1,Normal,None,Unspecified,Unspecified,,"(Id="""")",None,None
6816,6816,Cayuga,-280.1780090332031,-513.85498046875,Normal,F,V,6,Normal,None,Unspecified,Unspecified,,"(Id="""")",None,None
6818,6818,Mindrel,547.5040283203125,207.41099548339844,Normal,M,V,1,Normal,None,Unspecified,Unspecified,,"(Id="""")",None,None
6819,6819,Paran,-205.27999877929688,548.7080078125,Normal,F,V,4,Normal,None,Unspecified,Unspecified,,"(Id="""")",None,None
6820,6820,Dreadlord,566.1119995117188,151.56500244140625,Normal,F,V,7,Normal,None,Unspecified,Unspecified,,"(Id="""")",None,None
6822,6822,Fredotto,-171.59300231933594,561.8060302734375,Normal,F,V,3,Normal,None,Unspecified,Unspecified,,"(Id="""")",None,None
6823,6823,Frankson,555.1240234375,-193.26100158691406,Normal,K,V,8,Normal,None,Unspecified,Unspecified,,"(Id="""")",None,None
6824,6824,Snowdon,-343.9519958496094,476.7879943847656,Normal,G,V,4,Normal,None,Unspecified,Unspecified,,"(Id="""")",None,None
6825,6825,Helduza,-518.0759887695312,279.1960144042969,Normal,M,V,5,Normal,None,Unspecified,Unspecified,,"(Id="""")",None,None
6826,6826,Johnson,531.7550048828125,252.28700256347656,Normal,G,V,9,Normal,None,Unspecified,Unspecified,,"(Id="""")",None,None
6828,6828,Tresspass,525.9089965820312,266.2170104980469,Normal,K,V,2,Normal,None,Unspecified,Unspecified,,"(Id="""")",None,None
6834,6834,Ingvolstand,-153.2969970703125,570.1810302734375,Normal,G,V,3,Normal,None,Unspecified,Unspecified,,"(Id="""")",None,None
6835,6835,Heidelburg,-301.1570129394531,508.4219970703125,Normal,M,V,0,Normal,None,Unspecified,Unspecified,,"(Id="""")",None,None
6836,6836,Sebha,422.89599609375,-412.7879943847656,Normal,F,V,7,Normal,None,Unspecified,Unspecified,,"(Id="""")",None,None
6838,6838,Valladolid (Mudd's Hut (2864+)),-556.3280029296875,200.4969940185547,Normal,G,V,8,Normal,None,Unspecified,Unspecified,,"(Id="""")",None,None
6839,6839,Tordenskjold,-231.68800354003906,544.3930053710938,Normal,K,V,3,Normal,None,Unspecified,Unspecified,,"(Id="""")",None,None
6842,6842,Mickleover,-474.1029968261719,358.89599609375,Normal,F,V,9,Normal,None,Unspecified,Unspecified,,"(Id="""")",None,None
6843,6843,Knutstad,349.3909912109375,481.2449951171875,Normal,K,V,1,Normal,None,Unspecified,Unspecified,,"(Id="""")",None,None
6844,6844,Fugeres,555.3619995117188,-213.18800354003906,Normal,G,V,2,Normal,None,Unspecified,Unspecified,,"(Id="""")",None,None
6845,6845,Culmia,544.0809936523438,240.7570037841797,Normal,M,V,8,Normal,None,Unspecified,Unspecified,,"(Id="""")",None,None
6847,6847,Viroflay,-569.8369750976562,177.96400451660156,Normal,G,V,7,Normal,None,Unspecified,Unspecified,,"(Id="""")",None,None
6849,6849,Famdo,469.54998779296875,-369.4330139160156,Normal,F,V,6,Normal,None,Unspecified,Unspecified,,"(Id="""")",None,None
6850,6850,Mayenne,-547.1190185546875,241.55599975585938,Normal,G,V,3,Normal,None,Unspecified,Unspecified,,"(Id="""")",None,None
6851,6851,Frobisher,-370.4800109863281,-470.3160095214844,Normal,K,IV,5,Normal,None,Unspecified,Unspecified,,"(Id="""")",None,None
6853,6853,New Dallas,-54.99300003051758,-25.45599937438965,Normal,K,VI,8,Normal,None,Unspecified,Unspecified,,"(Id="""")",None,None
6855,6855,Jeppens,589.9089965820312,111.74700164794922,Normal,F,V,7,Normal,None,Unspecified,Unspecified,,"(Id="""")",None,None
6856,6856,Styriania,-503.41900634765625,328.2049865722656,Normal,K,V,0,Normal,None,Unspecified,Unspecified,,"(Id="""")",None,None
6857,6857,Nito,-557.010986328125,226.9759979248047,Normal,K,V,8,Normal,None,Unspecified,Unspecified,,"(Id="""")",None,None
6858,6858,Eagle Rest,-244.10499572753906,-549.927978515625,Normal,K,V,0,Normal,None,Unspecified,Unspecified,,"(Id="""")",None,None
6859,6859,San Carlos,454.8739929199219,-394.1780090332031,Normal,F,V,4,Normal,None,Unspecified,Unspecified,,"(Id="""")",None,None
6860,6860,Eigerland,572.2360229492188,187.14700317382812,Normal,M,V,1,Normal,None,Unspecified,Unspecified,,"(Id="""")",None,None
6862,6862,Hirtshals,-329.0669860839844,507.8009948730469,Normal,K,V,1,Normal,None,Unspecified,Unspecified,,"(Id="""")",None,None
6863,6863,Syrstart,-185.24000549316406,576.3820190429688,Normal,M,V,4,Normal,None,Unspecified,Unspecified,,"(Id="""")",None,None
6864,6864,Quelimane,-471.1159973144531,380.6549987792969,Normal,K,V,1,Normal,None,Unspecified,Unspecified,,"(Id="""")",None,None
6865,6865,Farstar,412.98199462890625,443.5190124511719,Normal,M,V,2,Normal,None,Unspecified,Unspecified,,"(Id="""")",None,None
6867,6867,Arundel,595.208984375,-121.34700012207031,Normal,M,V,7,Normal,None,Unspecified,Unspecified,,"(Id="""")",None,None
6868,6868,Ulubis,562.0159912109375,230.60800170898438,Normal,M,V,1,Normal,None,Unspecified,Unspecified,,"(Id="""")",None,None
6869,6869,Far Reach,-216.8730010986328,567.698974609375,Normal,M,V,5,Normal,None,Unspecified,Unspecified,,"(Id=""MWFactionAsset:RepairSystem_Custom"")",None,None
6870,6870,Idrmach,-166.64199829101562,584.489013671875,Normal,G,V,5,Normal,None,Unspecified,Unspecified,,"(Id="""")",None,None
6871,6871,Merowinger,576.426025390625,-193.94700622558594,Normal,F,V,0,Normal,None,Unspecified,Unspecified,,"(Id="""")",None,None
6872,6872,Baltar,488.635009765625,-362.6000061035156,Normal,K,V,5,Normal,None,Unspecified,Unspecified,,"(Id="""")",None,None
6873,6873,Bartrock,590.6539916992188,-148.1540069580078,Normal,K,V,3,Normal,None,Unspecified,Unspecified,,"(Id="""")",None,None
6874,6874,Gorgon,-547.280029296875,267.5710144042969,Normal,M,V,5,Normal,None,Unspecified,Unspecified,,"(Id="""")",None,None
6877,6877,Gamlestolen,601.166015625,-103.71299743652344,Normal,M,V,4,Normal,None,Unspecified,Unspecified,,"(Id="""")",None,None
6882,6882,Valois,589.489013671875,-166.23800659179688,Normal,K,V,1,Normal,None,Unspecified,Unspecified,,"(Id="""")",None,None
6884,6884,Megiddo,-507.427001953125,344.4809875488281,Normal,K,V,1,Normal,None,Unspecified,Unspecified,,"(Id="""")",None,None
6885,6885,Haublan,-200.5989990234375,580.4520263671875,Normal,K,V,0,Normal,None,Unspecified,Unspecified,,"(Id=""MWFactionAsset:RepairSystem_Custom"")",None,None
6886,6886,Hunter's Paradise,-599.9639892578125,133.61300659179688,Normal,K,V,3,Normal,None,Unspecified,Unspecified,,"(Id="""")",None,None
6888,6888,Chaine Cluster,-235.0030059814453,568.7960205078125,Normal,K,V,5,Normal,None,Unspecified,Unspecified,,"(Id=""MWFactionAsset:RepairSystem_Custom"")",/Game/CustomContent/Zones_Custom_Safezone_2.Zones_Custom_Safezone,/Game/CustomContent/Zones_Custom_Safezone_2.Zones_Custom_Safezone
6889,6889,Braben's Frontier,580.4819946289062,206.47000122070312,Normal,M,V,8,Normal,None,Unspecified,Unspecified,,"(Id="""")",None,None
6891,6891,Helvetica,-232.59300231933594,-571.4180297851562,Normal,M,V,8,Normal,None,Unspecified,Unspecified,,"(Id="""")",None,None
6892,6892,Ulvskollen,582.3829956054688,-207.23399353027344,Normal,G,V,5,Normal,None,Unspecified,Unspecified,,"(Id="""")",None,None
6893,6893,Jardangal,-546.0170288085938,290.18798828125,Normal,F,V,0,Normal,None,Unspecified,Unspecified,,"(Id="""")",None,None
6894,6894,Bannerhoft,550.5609741210938,285.3919982910156,Normal,G,V,8,Normal,None,Unspecified,Unspecified,,"(Id="""")",None,None
6895,6895,Michtal,561.77099609375,263.4150085449219,Normal,K,V,1,Normal,None,Unspecified,Unspecified,,"(Id="""")",None,None
6896,6896,Sileste,-535.3369750976562,314.39898681640625,Normal,F,V,8,Normal,None,Unspecified,Unspecified,,"(Id="""")",None,None
6897,6897,Bamburgh,607.344970703125,-136.46299743652344,Normal,K,V,9,Normal,None,Unspecified,Unspecified,,"(Id="""")",None,None
6898,6898,Rypful,-506.03900146484375,367.0190124511719,Normal,M,V,5,Normal,None,Unspecified,Unspecified,,"(Id="""")",None,None
6899,6899,Rondane,-223.79600524902344,583.8159790039062,Normal,F,V,4,Normal,None,Unspecified,Unspecified,,"(Id=""MWFactionAsset:RepairSystem_Custom"")",None,None
6900,6900,Raetia,575.2139892578125,245.5500030517578,Normal,K,V,9,Normal,None,Unspecified,Unspecified,,"(Id="""")",None,None
6901,6901,Kaldu,599.0670166015625,180.03500366210938,Normal,F,V,5,Normal,None,Unspecified,Unspecified,,"(Id="""")",None,None
6903,6903,Luderitz,483.22100830078125,-398.6159973144531,Normal,F,V,1,Normal,None,Unspecified,Unspecified,,"(Id="""")",None,None
6904,6904,Cooperland,567.719970703125,-266.09100341796875,Normal,G,V,8,Normal,None,Unspecified,Unspecified,,"(Id="""")",None,None
6906,6906,Giverny,623.2050170898438,-84.16600036621094,Normal,F,V,5,Normal,None,Unspecified,Unspecified,,"(Id="""")",None,None
6907,6907,Franmalin,415.7229919433594,-473.1860046386719,Normal,M,V,5,Normal,None,Unspecified,Unspecified,,"(Id="""")",None,None
6910,6910,Voehn,598.8770141601562,195.74400329589844,Normal,G,V,8,Normal,None,Unspecified,Unspecified,,"(Id="""")",None,None
6911,6911,Crichton,589.2520141601562,226.77200317382812,Normal,M,V,6,Normal,None,Unspecified,Unspecified,,"(Id="""")",None,None
6912,6912,Waitur,621.9530029296875,109.62699890136719,Normal,K,V,7,Normal,None,Unspecified,Unspecified,,"(Id="""")",None,None
6914,6914,Transfer Station J239H2,-169.00399780273438,612.2059936523438,Normal,K,V,8,Normal,None,Unspecified,Unspecified,,"(Id="""")",None,None
6915,6915,Aalzorg,583.8809814453125,256.9309997558594,Normal,G,V,9,Normal,None,Unspecified,Unspecified,,"(Id="""")",None,None
6916,6916,Naikongzu,527.1129760742188,360.7799987792969,Normal,M,V,9,Normal,None,Unspecified,Unspecified,,"(Id="""")",None,None
6917,6917,Joshua,625.4860229492188,129.65199279785156,Normal,K,V,7,Normal,None,Unspecified,Unspecified,,"(Id="""")",None,None
6922,6922,Pokhara,62.35599899291992,16.822999954223633,Normal,G,V,0,Normal,None,Unspecified,Unspecified,,"(Id="""")",None,None
6923,6923,Project Sagitarius Umbrella (McEvedy's Folly (2752+)),-408.05999755859375,-493.99200439453125,Normal,K,V,4,Normal,None,Unspecified,Unspecified,,"(Id="""")",None,None
6924,6924,Grankum,579.333984375,274.29998779296875,Normal,K,V,4,Normal,None,Unspecified,Unspecified,,"(Id="""")",None,None
6925,6925,Halgrim,625.9609985351562,154.39300537109375,Normal,M,V,0,Normal,None,Unspecified,Unspecified,,"(Id="""")",None,None
6926,6926,Pressville,-550.93798828125,335.75299072265625,Normal,M,V,4,Normal,None,Unspecified,Unspecified,,"(Id="""")",None,None
6927,6927,Koury,595.1380004882812,250.79299926757812,Normal,F,V,5,Normal,None,Unspecified,Unspecified,,"(Id="""")",None,None
6928,6928,Mackolla,637.5750122070312,-110.12799835205078,Normal,M,V,2,Normal,None,Unspecified,Unspecified,,"(Id="""")",None,None
6929,6929,Glitnir,603.1069946289062,234.85400390625,Normal,F,V,9,Normal,None,Unspecified,Unspecified,,"(Id="""")",None,None
6930,6930,Schrim,616.31298828125,199.8679962158203,Normal,K,V,8,Normal,None,Unspecified,Unspecified,,"(Id="""")",None,None
6933,6933,Custozza,-544.6439819335938,355.2309875488281,Normal,G,V,6,Normal,None,Unspecified,Unspecified,,"(Id="""")",None,None
6934,6934,Fallry,587.8889770507812,290.10699462890625,Normal,F,V,7,Normal,None,Unspecified,Unspecified,,"(Id="""")",None,None
6935,6935,Midden,-290.98199462890625,-590.60400390625,Normal,A,V,1,Normal,None,Unspecified,Unspecified,,"(Id="""")",None,None
6936,6936,Coyle,636.7990112304688,170.1820068359375,Normal,G,V,2,Normal,None,Unspecified,Unspecified,,"(Id="""")",None,None
6937,6937,Vonja,648.9660034179688,115.77100372314453,Normal,G,V,4,Normal,None,Unspecified,Unspecified,,"(Id="""")",None,None
6938,6938,Hergazil,646.510986328125,130.50900268554688,Normal,G,V,3,Normal,None,Unspecified,Unspecified,,"(Id="""")",None,None
6939,6939,Ammon,624.2739868164062,213.1750030517578,Normal,K,V,1,Normal,None,Unspecified,Unspecified,,"(Id="""")",None,None
6943,6943,Achton,632.322998046875,190.91600036621094,Normal,F,V,1,Normal,None,Unspecified,Unspecified,,"(Id="""")",None,None
6944,6944,Hrafn,618.5469970703125,232.5989990234375,Normal,M,V,4,Normal,None,Unspecified,Unspecified,,"(Id="""")",None,None
6945,6945,Flynn,639.635009765625,174.67300415039062,Normal,M,V,8,Normal,None,Unspecified,Unspecified,,"(Id="""")",None,None
6946,6946,Nerum,610.8150024414062,264.2690124511719,Normal,F,V,7,Normal,None,Unspecified,Unspecified,,"(Id="""")",None,None
6947,6947,Caesar's Crown,-636.1300048828125,-196.2570037841797,Normal,G,V,0,Normal,None,Unspecified,Unspecified,,"(Id="""")",None,None
6948,6948,Wynn's Roost,610.6090087890625,269.9320068359375,Normal,F,V,3,Normal,None,Unspecified,Unspecified,,"(Id="""")",None,None
6949,6949,Achnoly,638.8189697265625,199.14199829101562,Normal,K,V,5,Normal,None,Unspecified,Unspecified,,"(Id="""")",None,None
6950,6950,Vangburg,613.9990234375,267.84100341796875,Normal,M,V,1,Normal,None,Unspecified,Unspecified,,"(Id="""")",None,None
6956,6956,Renorsal,616.8040161132812,262.9809875488281,Normal,G,V,0,Normal,None,Unspecified,Unspecified,,"(Id="""")",None,None
6957,6957,Blueys,601.6099853515625,296.3500061035156,Normal,G,V,7,Normal,None,Unspecified,Unspecified,,"(Id="""")",None,None
6959,6959,Shiri,653.6320190429688,150.62399291992188,Normal,K,V,1,Normal,None,Unspecified,Unspecified,,"(Id="""")",None,None
6960,6960,Zebuluraskai,616.7880249023438,266.3370056152344,Normal,G,V,7,Normal,None,Unspecified,Unspecified,,"(Id="""")",None,None
6961,6961,Albaracht,492.59600830078125,-458.2489929199219,Normal,G,V,9,Normal,None,Unspecified,Unspecified,,"(Id="""")",None,None
6962,6962,Fylovar,461.37799072265625,-489.7909851074219,Normal,F,V,9,Normal,None,Unspecified,Unspecified,,"(Id="""")",None,None
6966,6966,Mizt,632.6160278320312,251.08599853515625,Normal,G,V,7,Normal,None,Unspecified,Unspecified,,"(Id="""")",None,None
6967,6967,Sornath,673.1599731445312,124.8290023803711,Normal,G,V,1,Normal,None,Unspecified,Unspecified,,"(Id="""")",None,None
6968,6968,Totness,664.93701171875,171.24200439453125,Normal,K,V,4,Normal,None,Unspecified,Unspecified,,"(Id="""")",None,None
6969,6969,St. Andreas,-582.6270141601562,-365.81201171875,Normal,G,V,7,Normal,None,Unspecified,Unspecified,,"(Id="""")",None,None
6970,6970,Ype-Jhu,674.2849731445312,138.33299255371094,Normal,K,V,8,Normal,None,Unspecified,Unspecified,,"(Id="""")",None,None
6975,6975,T Cephei (The Devil's Eye),617.6909790039062,-308.8840026855469,Normal,K,V,4,Normal,None,Unspecified,Unspecified,,"(Id="""")",None,None
6976,6976,Tanz,651.5089721679688,229.54200744628906,Normal,G,V,3,Normal,None,Unspecified,Unspecified,,"(Id="""")",None,None
6977,6977,Pegasi,677.614013671875,-134.35299682617188,Normal,M,V,5,Normal,None,Unspecified,Unspecified,,"(Id="""")",None,None
6979,6979,Wolf Orbital 82,-103.85299682617188,683.81298828125,Normal,G,IV,6,Normal,None,Unspecified,Unspecified,,"(Id="""")",None,None
6980,6980,Cephei,688.6519775390625,-80.3499984741211,Normal,K,V,1,Normal,None,Unspecified,Unspecified,,"(Id="""")",None,None
6982,6982,False Dawn,632.6950073242188,288.3089904785156,Normal,M,V,2,Normal,None,Unspecified,Unspecified,,"(Id="""")",None,None
6983,6983,Calingasta,670.8469848632812,182.79299926757812,Normal,G,V,6,Normal,None,Unspecified,Unspecified,,"(Id="""")",None,None
6986,6986,Onverwacht,679.5289916992188,157.61900329589844,Normal,G,V,8,Normal,None,Unspecified,Unspecified,,"(Id="""")",None,None
6987,6987,Salvende,640.2130126953125,278.4179992675781,Normal,G,V,3,Normal,None,Unspecified,Unspecified,,"(Id="""")",None,None
6988,6988,Santa-Ana,668.7239990234375,200.81500244140625,Normal,F,V,0,Normal,None,Unspecified,Unspecified,,"(Id="""")",None,None
6993,6993,Azur,651.302978515625,257.74700927734375,Normal,M,V,7,Normal,None,Unspecified,Unspecified,,"(Id="""")",None,None
6994,6994,Gaeri,665.6820068359375,220.68800354003906,Normal,K,V,4,Normal,None,Unspecified,Unspecified,,"(Id="""")",None,None
6996,6996,Kent,693.25,128.01100158691406,Normal,F,V,5,Normal,None,Unspecified,Unspecified,,"(Id="""")",None,None
6998,6998,Zalt,661.8319702148438,248.28500366210938,Normal,M,V,5,Normal,None,Unspecified,Unspecified,,"(Id="""")",None,None
6999,6999,Cambridge Perimeter Defense Station,-300.8269958496094,640.8099975585938,Normal,F,V,5,Normal,None,Unspecified,Unspecified,,"(Id="""")",None,None
7005,7005,Carcri,701.7689819335938,-110.36599731445312,Normal,G,V,5,Normal,None,Unspecified,Unspecified,,"(Id="""")",None,None
7009,7009,Domeyko,679.8460083007812,229.54200744628906,Normal,G,V,1,Normal,None,Unspecified,Unspecified,,"(Id="""")",None,None
7014,7014,Nai-Stohl,1.5,72.3949966430664,Normal,K,V,9,Normal,None,Unspecified,Unspecified,,"(Id="""")",None,None
7017,7017,Danli,667.385009765625,273.4110107421875,Normal,F,V,0,Normal,None,Unspecified,Unspecified,,"(Id="""")",None,None
7018,7018,Ourem,658.885009765625,293.3609924316406,Normal,G,V,9,Normal,None,Unspecified,Unspecified,,"(Id="""")",None,None
7019,7019,Ambatomainty,701.4089965820312,175.02200317382812,Normal,M,V,7,Normal,None,Unspecified,Unspecified,,"(Id="""")",None,None
7020,7020,Epsilon Pegasus (Columbus),405.0060119628906,601.85498046875,Normal,G,V,2,Normal,None,Unspecified,Unspecified,,"(Id="""")",None,None
7021,7021,Zetang,692.7349853515625,216.70799255371094,Normal,G,V,0,Normal,None,Unspecified,Unspecified,,"(Id="""")",None,None
7022,7022,Gitarama,676.5029907226562,263.40301513671875,Normal,F,V,0,Normal,None,Unspecified,Unspecified,,"(Id="""")",None,None
7023,7023,Rondon,714.6699829101562,134.50799560546875,Normal,K,V,7,Normal,None,Unspecified,Unspecified,,"(Id="""")",None,None
7024,7024,Mandeville,700.39501953125,196.15699768066406,Normal,G,V,6,Normal,None,Unspecified,Unspecified,,"(Id="""")",None,None
7025,7025,Zumbo,711.43798828125,162.875,Normal,G,V,9,Normal,None,Unspecified,Unspecified,,"(Id="""")",None,None
7028,7028,Transfer Facility 4,293.32000732421875,669.0050048828125,Normal,M,II,4,Normal,None,Unspecified,Unspecified,,"(Id="""")",None,None
7029,7029,Feijo,691.06298828125,250.20199584960938,Normal,G,V,2,Normal,None,Unspecified,Unspecified,,"(Id="""")",None,None
7030,7030,Shira,700.52197265625,236.5,Normal,M,V,0,Normal,None,Unspecified,Unspecified,,"(Id="""")",None,None
7033,7033,Blue Sava,-33.310001373291016,-66.81400299072266,Normal,F,V,8,Normal,None,Unspecified,Unspecified,,"(Id="""")",None,None
7034,7034,Sorsk,717.093994140625,183.093994140625,Normal,G,V,5,Normal,None,Unspecified,Unspecified,,"(Id="""")",None,None
7035,7035,Barahona,684.6619873046875,284.052001953125,Normal,K,V,3,Normal,None,Unspecified,Unspecified,,"(Id="""")",None,None
7036,7036,Alfirk,588.6019897460938,454.1719970703125,Normal,K,V,4,Normal,None,Unspecified,Unspecified,,"(Id="""")",None,None
7037,7037,Las Tunas,693.4000244140625,269.4070129394531,Normal,G,V,8,Normal,None,Unspecified,Unspecified,,"(Id="""")",None,None
7038,7038,Ålbor�,552.551025390625,499.12701416015625,Normal,F,IV,2,Normal,None,Unspecified,Unspecified,,"(Id="""")",None,None
7039,7039,Ejeda,734.3480224609375,140.46099853515625,Normal,G,V,2,Normal,None,Unspecified,Unspecified,,"(Id="""")",None,None
7041,7041,Waini Point,732.5020141601562,165.0290069580078,Normal,K,V,0,Normal,None,Unspecified,Unspecified,,"(Id="""")",None,None
7042,7042,Bazaar,23.577999114990234,754.885986328125,Normal,G,VI,2,Normal,None,Unspecified,Unspecified,,"(Id="""")",None,None
7043,7043,Loikaw,727.6220092773438,203.96200561523438,Normal,K,V,2,Normal,None,Unspecified,Unspecified,,"(Id="""")",None,None
7044,7044,Wark,-299.5679931640625,694.8590087890625,Normal,G,V,0,Normal,None,Unspecified,Unspecified,,"(Id="""")",None,None
7045,7045,Blommestein,724.7780151367188,222.8679962158203,Normal,F,V,6,Normal,None,Unspecified,Unspecified,,"(Id="""")",None,None
7046,7046,Puttalam,736.8040161132812,184.38600158691406,Normal,G,V,4,Normal,None,Unspecified,Unspecified,,"(Id="""")",None,None
7052,7052,Quines,725.823974609375,238.0540008544922,Normal,F,V,5,Normal,None,Unspecified,Unspecified,,"(Id="""")",None,None
7053,7053,Taumaturgo,706.7009887695312,290.8710021972656,Normal,M,V,2,Normal,None,Unspecified,Unspecified,,"(Id="""")",None,None
7054,7054,Ddraig,750.8889770507812,151.5989990234375,Normal,K,V,8,Normal,None,Unspecified,Unspecified,,"(Id="""")",None,None
7055,7055,Alktral,724.3820190429688,250.52999877929688,Normal,K,V,9,Normal,None,Unspecified,Unspecified,,"(Id="""")",None,None
7056,7056,Ceiba,720.2000122070312,266.6050109863281,Normal,K,V,1,Normal,None,Unspecified,Unspecified,,"(Id="""")",None,None
7057,7057,Miyazaki,51.426998138427734,57.507999420166016,Normal,G,V,1,Normal,None,Unspecified,Unspecified,,"(Id="""")",None,None
7061,7061,Wokha,751.7760009765625,167.1060028076172,Normal,M,V,7,Normal,None,Unspecified,Unspecified,,"(Id="""")",None,None
7062,7062,Hamar,591.89599609375,495.1300048828125,Normal,K,V,6,Normal,None,Unspecified,Unspecified,,"(Id="""")",None,None
7065,7065,Trondheim (Periphery),576.2520141601562,526.4229736328125,Normal,G,V,2,Normal,None,Unspecified,Unspecified,,"(Id="""")",None,None
7066,7066,Maripa,754.2639770507812,203.78500366210938,Normal,K,V,2,Normal,None,Unspecified,Unspecified,,"(Id="""")",None,None
7067,7067,Bossangoa,731.85302734375,277.4230041503906,Normal,F,V,6,Normal,None,Unspecified,Unspecified,,"(Id="""")",None,None
7068,7068,Linden,737.6510009765625,261.9630126953125,Normal,K,V,9,Normal,None,Unspecified,Unspecified,,"(Id="""")",None,None
7069,7069,La Ligua,754.0180053710938,222.38800048828125,Normal,G,V,0,Normal,None,Unspecified,Unspecified,,"(Id="""")",None,None
7070,7070,Carmelita,749.4310302734375,237.9499969482422,Normal,F,V,9,Normal,None,Unspecified,Unspecified,,"(Id="""")",None,None
7073,7073,Belluevue,-0.029999999329447746,-79.8949966430664,Normal,K,V,3,Normal,None,Unspecified,Unspecified,,"(Id="""")",None,None
7074,7074,"Pharos (Phaeton IV, Eros III)",-126.58399963378906,-785.9199829101562,Normal,K,V,6,Normal,None,Unspecified,Unspecified,,"(Id="""")",None,None
7075,7075,Thazi,775.4310302734375,181.30099487304688,Normal,M,V,3,Normal,None,Unspecified,Unspecified,,"(Id="""")",None,None
7081,7081,Boulsi,778.1240234375,189.9929962158203,Normal,F,V,8,Normal,None,Unspecified,Unspecified,,"(Id="""")",None,None
7082,7082,Trinity,-248.76199340820312,761.4019775390625,Normal,G,V,4,Normal,None,Unspecified,Unspecified,,"(Id="""")",None,None
7083,7083,Farhome,516.9099731445312,-613.7150268554688,Normal,F,V,7,Normal,None,Unspecified,Unspecified,,"(Id="""")",None,None
7084,7084,Pilon,778.4249877929688,199.9759979248047,Normal,K,V,1,Normal,None,Unspecified,Unspecified,,"(Id="""")",None,None
7085,7085,Pliska,-48.31399917602539,-65.5979995727539,Normal,F,V,0,Normal,None,Unspecified,Unspecified,,"(Id="""")",None,None
7086,7086,Hofn,600.0989990234375,545.5029907226562,Normal,G,III,8,Normal,None,Unspecified,Unspecified,,"(Id="""")",None,None
7087,7087,Harris,-141.3209991455078,802.4860229492188,Normal,G,IV,5,Normal,None,Unspecified,Unspecified,,"(Id="""")",None,None
7088,7088,Beehive Cluster,-405.29400634765625,-709.22802734375,Normal,F,V,7,Normal,None,Unspecified,Unspecified,,"(Id="""")",None,None
7089,7089,Shady Palms,802.291015625,-161.9510040283203,Normal,F,Ia,8,Normal,None,Unspecified,Unspecified,,"(Id="""")",None,None
7090,7090,Bhaktapur,24.475000381469727,-78.5199966430664,Normal,M,V,8,Normal,None,Unspecified,Unspecified,,"(Id="""")",None,None
7091,7091,New Sierra,826.2050170898438,76.76399993896484,Normal,K,V,2,Normal,None,Unspecified,Unspecified,,"(Id="""")",None,None
7100,7100,Gwithian,261.32501220703125,788.3790283203125,Normal,K,V,6,Normal,None,Unspecified,Unspecified,,"(Id="""")",None,None
7101,7101,Kristiandsund,-9.194000244140625,-83.55999755859375,Normal,K,V,8,Normal,None,Unspecified,Unspecified,,"(Id="""")",None,None
7103,7103,Elix,45.70100021362305,71.01899719238281,Normal,F,V,5,Normal,None,Unspecified,Unspecified,,"(Id="""")",None,None
7108,7108,Rover,823.2429809570312,207.54600524902344,Normal,G,V,0,Normal,None,Unspecified,Unspecified,,"(Id="""")",None,None
7109,7109,Nouveaux Paris,129.7030029296875,843.8350219726562,Normal,K,V,2,Normal,None,Unspecified,Unspecified,,"(Id="""")",None,None
7112,7112,Rest Stop,801.7410278320312,326.9739990234375,Normal,F,V,6,Normal,None,Unspecified,Unspecified,,"(Id="""")",None,None
7115,7115,Rim Worlds Republic Outpost #27 (Coreward Confederacy),-753.1840209960938,444.8330078125,Normal,F,V,1,Normal,None,Unspecified,Unspecified,,"(Id="""")",None,None
7120,7120,The Swan's Eye,640.8699951171875,-617.0900268554688,Normal,F,V,7,Normal,None,Unspecified,Unspecified,,"(Id="""")",None,None
7123,7123,Transfer Station P3,-112.41000366210938,885.64697265625,Normal,K,V,2,Normal,None,Unspecified,Unspecified,,"(Id="""")",None,None
7124,7124,Richmond's World (Murrain (3025+)),896.1129760742188,28.780000686645508,Normal,K,V,2,Normal,None,Unspecified,Unspecified,,"(Id="""")",None,None
7125,7125,Union of Samoyedic Colonies,-896.323974609375,34.810001373291016,Normal,F,V,3,Normal,None,Unspecified,Unspecified,,"(Id="""")",None,None
7127,7127,Myrvoll,-17.663999557495117,-88.5979995727539,Normal,F,V,6,Normal,None,Unspecified,Unspecified,,"(Id="""")",None,None
7128,7128,Balkan,-32.84700012207031,85.03099822998047,Normal,G,V,3,Normal,None,Unspecified,Unspecified,,"(Id="""")",None,None
7129,7129,New Florence,90.61199951171875,-11.638999938964844,Normal,F,V,3,Normal,None,Unspecified,Unspecified,,"(Id="""")",None,None
7134,7134,Aquileia,-88.44400024414062,-27.882999420166016,Normal,K,V,7,Normal,None,Unspecified,Unspecified,,"(Id="""")",None,None
7135,7135,Trelleborg,109.26200103759766,920.5700073242188,Normal,A,II,9,Normal,None,Unspecified,Unspecified,,"(Id="""")",None,None
7136,7136,Manennaia,27.68199920654297,-89.51499938964844,Normal,K,V,7,Normal,None,Unspecified,Unspecified,,"(Id="""")",None,None
7140,7140,Greifswald,-667.4320068359375,670.27099609375,Normal,G,V,4,Normal,None,Unspecified,Unspecified,,"(Id="""")",None,None
7142,7142,Kinbrace,-396.1340026855469,863.64599609375,Normal,K,III,3,Normal,None,Unspecified,Unspecified,,"(Id="""")",None,None
7144,7144,Elbing (FWL),-65.52899932861328,-70.625,Normal,G,V,7,Normal,None,Unspecified,Unspecified,,"(Id="""")",None,None
7148,7148,Dania,943.9810180664062,203.8090057373047,Normal,K,V,2,Normal,None,Unspecified,Unspecified,,"(Id="""")",None,None
7149,7149,Gateway,-720.7919921875,643.114013671875,Normal,F,V,6,Normal,None,Unspecified,Unspecified,,"(Id="""")",None,None
7150,7150,Kebili,-962.72802734375,113.21199798583984,Normal,K,V,7,Normal,None,Unspecified,Unspecified,,"(Id="""")",None,None
7153,7153,Catroxx,-90.85700225830078,-36.36399841308594,Normal,K,V,1,Normal,None,Unspecified,Unspecified,,"(Id="""")",None,None
7155,7155,Thasos,950.1400146484375,195.78500366210938,Normal,K,V,4,Normal,None,Unspecified,Unspecified,,"(Id="""")",None,None
7156,7156,Thala,-958.0969848632812,167.2469940185547,Normal,K,V,3,Normal,None,Unspecified,Unspecified,,"(Id="""")",None,None
7157,7157,Belgae,955.5789794921875,211.30099487304688,Normal,K,V,1,Normal,None,Unspecified,Unspecified,,"(Id="""")",None,None
7158,7158,Suda Bay,245.0260009765625,947.6909790039062,Normal,F,Ia,2,Normal,None,Unspecified,Unspecified,,"(Id="""")",None,None
7162,7162,The Eyes in the Dark,-936.0009765625,297.2430114746094,Normal,F,V,1,Normal,None,Unspecified,Unspecified,,"(Id="""")",None,None
7163,7163,Shahhat,-972.8319702148438,139.66299438476562,Normal,M,V,3,Normal,None,Unspecified,Unspecified,,"(Id="""")",None,None
7164,7164,Stralsund,-651.7030029296875,735.9390258789062,Normal,G,V,7,Normal,None,Unspecified,Unspecified,,"(Id="""")",None,None
7165,7165,Karpathos,964.9719848632812,194.70399475097656,Normal,M,V,5,Normal,None,Unspecified,Unspecified,,"(Id="""")",None,None
7166,7166,Attenbrooks,-71.76599884033203,986.0819702148438,Normal,G,III,1,Normal,None,Unspecified,Unspecified,,"(Id="""")",None,None
7170,7170,Hibernia,967.68701171875,219.34500122070312,Normal,G,V,9,Normal,None,Unspecified,Unspecified,,"(Id="""")",None,None
7171,7171,New Delphi,972.5079956054688,204.0469970703125,Normal,G,V,2,Normal,None,Unspecified,Unspecified,,"(Id="""")",None,None
7172,7172,Helvetia,976.697998046875,187.64599609375,Normal,M,V,6,Normal,None,Unspecified,Unspecified,,"(Id="""")",None,None
7173,7173,Star Cluster 65,803.8040161132812,-592.6820068359375,Normal,K,V,5,Normal,None,Unspecified,Unspecified,,"(Id="""")",None,None
7174,7174,Goslar,-662.4130249023438,747.8209838867188,Normal,G,V,9,Normal,None,Unspecified,Unspecified,,"(Id="""")",None,None
7176,7176,JP-TZ-140,197.84500122070312,1205.0279541015625,Normal,M,V,0,Normal,None,Unspecified,Unspecified,,"(Id="""")",None,None
7177,7177,JP-MS-139,159.31900024414062,1240.4720458984375,Normal,M,V,0,Normal,None,Unspecified,Unspecified,,"(Id="""")",None,None
7178,7178,JP-KP-140,125.28600311279297,1280.363037109375,Normal,M,V,0,Normal,None,Unspecified,Unspecified,,"(Id="""")",None,None
7179,7179,JP-TX-143,102.90499877929688,1328.7869873046875,Normal,M,V,0,Normal,None,Unspecified,Unspecified,,"(Id="""")",None,None
7180,7180,JP-RX-139,50.35200119018555,1347.5550537109375,Normal,M,V,0,Normal,None,Unspecified,Unspecified,,"(Id="""")",None,None
7181,7181,JP-WY-134,-5.504000186920166,1352.092041015625,Normal,M,V,0,Normal,None,Unspecified,Unspecified,,"(Id="""")",None,None
7182,7182,JP-TL-132,-52.882999420166016,1376.5579833984375,Normal,M,V,0,Normal,None,Unspecified,Unspecified,,"(Id="""")",None,None
7183,7183,JP-VA-958,-689.9730224609375,680.3909912109375,Normal,M,V,0,Normal,None,Unspecified,Unspecified,,"(Id="""")",None,None
7184,7184,JP-JA-133,-81.8489990234375,1417.68994140625,Normal,M,V,0,Normal,None,Unspecified,Unspecified,,"(Id="""")",None,None
7185,7185,JP-CG-138,-86.03099822998047,1474.14599609375,Normal,M,V,0,Normal,None,Unspecified,Unspecified,,"(Id="""")",None,None
7186,7186,JP-XL-143,-95.17400360107422,1527.2750244140625,Normal,M,V,0,Normal,None,Unspecified,Unspecified,,"(Id="""")",None,None
7187,7187,JP-DP-165,-42.95399856567383,1699.322998046875,Normal,M,V,0,Normal,None,Unspecified,Unspecified,,"(Id="""")",None,None
7188,7188,JP-PE-172,-0.460999995470047,1726.387939453125,Normal,M,V,0,Normal,None,Unspecified,Unspecified,,"(Id="""")",None,None
7189,7189,JP-ZD-154,-111.21800231933594,1660.2969970703125,Normal,M,V,0,Normal,None,Unspecified,Unspecified,,"(Id="""")",None,None
7190,7190,JP-GI-149,-217.26300048828125,1714.593994140625,Normal,M,V,0,Normal,None,Unspecified,Unspecified,,"(Id="""")",None,None
7191,7191,JP-BC-165,-170.7570037841797,1825.530029296875,Normal,M,V,0,Normal,None,Unspecified,Unspecified,,"(Id="""")",None,None
7192,7192,JP-SX-162,-170.51499938964844,1796.708984375,Normal,M,V,0,Normal,None,Unspecified,Unspecified,,"(Id="""")",None,None
7193,7193,JP-JS-146,-234.3419952392578,1697.3509521484375,Normal,M,V,0,Normal,None,Unspecified,Unspecified,,"(Id="""")",None,None
7194,7194,JP-SJ-142,-258.5509948730469,1687.8800048828125,Normal,M,V,0,Normal,None,Unspecified,Unspecified,,"(Id="""")",None,None
7195,7195,JP-SZ-137,-302.2760009765625,1673.425048828125,Normal,M,V,0,Normal,None,Unspecified,Unspecified,,"(Id="""")",None,None
7196,7196,JP-ZT-130,-325.2590026855469,1631.362060546875,Normal,M,V,0,Normal,None,Unspecified,Unspecified,,"(Id="""")",None,None
7197,7197,JP-SK-124,-362.9849853515625,1606.64501953125,Normal,M,V,0,Normal,None,Unspecified,Unspecified,,"(Id="""")",None,None
7198,7198,JP-LO-118,-372.0920104980469,1559.81201171875,Normal,M,V,0,Normal,None,Unspecified,Unspecified,,"(Id="""")",None,None
7199,7199,JP-XA-106,-445.80999755859375,1510.81005859375,Normal,M,V,0,Normal,None,Unspecified,Unspecified,,"(Id="""")",None,None
7200,7200,JP-RR-998,-481.40301513671875,1480.2130126953125,Normal,M,V,0,Normal,None,Unspecified,Unspecified,,"(Id="""")",None,None
7201,7201,JP-CZ-942,-527.6119995117188,1470.2220458984375,Normal,M,V,0,Normal,None,Unspecified,Unspecified,,"(Id="""")",None,None
7202,7202,JP-PC-877,-561.9559936523438,1439.6240234375,Normal,M,V,0,Normal,None,Unspecified,Unspecified,,"(Id="""")",None,None
7203,7203,JP-PI-822,-607.5399780273438,1430.258056640625,Normal,M,V,0,Normal,None,Unspecified,Unspecified,,"(Id="""")",None,None
7204,7204,JP-VW-785,-652.5,1438.375,Normal,M,V,0,Normal,None,Unspecified,Unspecified,,"(Id="""")",None,None
7205,7205,JP-CG-720,-679.3510131835938,1400.2850341796875,Normal,M,V,0,Normal,None,Unspecified,Unspecified,,"(Id="""")",None,None
7206,7206,JP-QP-667,-724.9349975585938,1392.791015625,Normal,M,V,0,Normal,None,Unspecified,Unspecified,,"(Id="""")",None,None
7207,7207,JP-RJ-590,-720.77197265625,1311.093994140625,Normal,M,V,0,Normal,None,Unspecified,Unspecified,,"(Id="""")",None,None
7208,7208,JP-VU-535,-731.1790161132812,1266.342041015625,Normal,M,V,0,Normal,None,Unspecified,Unspecified,,"(Id="""")",None,None
7209,7209,JP-HV-542,-693.7130126953125,1236.1610107421875,Normal,M,V,0,Normal,None,Unspecified,Unspecified,,"(Id="""")",None,None
7210,7210,JP-BD-485,-707.2420043945312,1192.970947265625,Normal,M,V,0,Normal,None,Unspecified,Unspecified,,"(Id="""")",None,None
7211,7211,JP-JZ-474,-632.1079711914062,1106.384033203125,Normal,M,V,0,Normal,None,Unspecified,Unspecified,,"(Id="""")",None,None
7212,7212,JP-IC-490,-607.8189697265625,1098.52099609375,Normal,M,V,0,Normal,None,Unspecified,Unspecified,,"(Id="""")",None,None
7213,7213,JP-HE-534,-561.6649780273438,1096.6409912109375,Normal,M,V,0,Normal,None,Unspecified,Unspecified,,"(Id="""")",None,None
7214,7214,JP-TU-585,-507.3089904785156,1092.60302734375,Normal,M,V,0,Normal,None,Unspecified,Unspecified,,"(Id="""")",None,None
7215,7215,JP-EB-651,-363.2690124511719,1014.3309936523438,Normal,M,V,0,Normal,None,Unspecified,Unspecified,,"(Id="""")",None,None
7216,7216,JP-IZ-600,-448.4830017089844,1048.866943359375,Normal,M,V,0,Normal,None,Unspecified,Unspecified,,"(Id="""")",None,None
7217,7217,JP-NP-626,-346.64599609375,973.4970092773438,Normal,M,V,0,Normal,None,Unspecified,Unspecified,,"(Id="""")",None,None
7218,7218,JP-GC-503,-405.64898681640625,909.2449951171875,Normal,M,V,0,Normal,None,Unspecified,Unspecified,,"(Id="""")",None,None
7219,7219,JP-OP-240,-446.1310119628906,686.2940063476562,Normal,M,V,0,Normal,None,Unspecified,Unspecified,,"(Id="""")",None,None
7220,7220,JP-JA-263,-400.2040100097656,663.8939819335938,Normal,M,V,0,Normal,None,Unspecified,Unspecified,,"(Id="""")",None,None
7221,7221,JP-WW-283,-351.9590148925781,635.3590087890625,Normal,M,V,0,Normal,None,Unspecified,Unspecified,,"(Id="""")",None,None
7222,7222,JP-GN-459,-256.58599853515625,716.5159912109375,Normal,M,V,0,Normal,None,Unspecified,Unspecified,,"(Id="""")",None,None
7223,7223,JP-KK-370,-297.0379943847656,667.8829956054688,Normal,M,V,0,Normal,None,Unspecified,Unspecified,,"(Id="""")",None,None
7224,7224,JP-BJ-341,-249.26600646972656,590.666015625,Normal,M,V,0,Normal,None,Unspecified,Unspecified,,"(Id="""")",None,None
7225,7225,JP-OR-236,-711.0499877929688,947.7650146484375,Normal,M,V,0,Normal,None,Unspecified,Unspecified,,"(Id="""")",None,None
7226,7226,JP-IB-135,232.18899536132812,1123.8509521484375,Normal,M,V,0,Normal,None,Unspecified,Unspecified,,"(Id="""")",None,None
7227,7227,JP-YN-135,264.42498779296875,1086.1519775390625,Normal,M,V,0,Normal,None,Unspecified,Unspecified,,"(Id="""")",None,None
7228,7228,JP-IC-138,316.32501220703125,1070.8919677734375,Normal,M,V,0,Normal,None,Unspecified,Unspecified,,"(Id="""")",None,None
7229,7229,JP-RM-133,305.4360046386719,1027.248046875,Normal,M,V,0,Normal,None,Unspecified,Unspecified,,"(Id="""")",None,None
7230,7230,JP-WK-125,279.0220031738281,977.5239868164062,Normal,M,V,0,Normal,None,Unspecified,Unspecified,,"(Id="""")",None,None
7231,7231,JP-PB-133,362.5,975.4630126953125,Normal,M,V,0,Normal,None,Unspecified,Unspecified,,"(Id="""")",None,None
7232,7232,JP-RB-137,389.6990051269531,982.4039916992188,Normal,M,V,0,Normal,None,Unspecified,Unspecified,,"(Id="""")",None,None
7233,7233,JP-XQ-511,-136.33799743652344,648.0880126953125,Normal,M,V,0,Normal,None,Unspecified,Unspecified,,"(Id="""")",None,None
7234,7234,JP-CB-629,-96.8759994506836,726.5770263671875,Normal,M,V,0,Normal,None,Unspecified,Unspecified,,"(Id="""")",None,None
7235,7235,JP-CT-650,-120.63999938964844,770.6840209960938,Normal,M,V,0,Normal,None,Unspecified,Unspecified,,"(Id="""")",None,None
7236,7236,JP-HR-909,87.28299713134766,822.4749755859375,Normal,M,V,0,Normal,None,Unspecified,Unspecified,,"(Id="""")",None,None
7237,7237,JP-MA-842,60.78300094604492,781.52001953125,Normal,M,V,0,Normal,None,Unspecified,Unspecified,,"(Id="""")",None,None
7238,7238,JP-IN-778,42.57899856567383,735.8400268554688,Normal,M,V,0,Normal,None,Unspecified,Unspecified,,"(Id="""")",None,None
7239,7239,JP-TV-765,74.72799682617188,690.4559936523438,Normal,M,V,0,Normal,None,Unspecified,Unspecified,,"(Id="""")",None,None
7240,7240,JP-TW-713,69.10800170898438,644.2470092773438,Normal,M,V,0,Normal,None,Unspecified,Unspecified,,"(Id="""")",None,None
7241,7241,JP-CK-705,95.95899963378906,609.2789916992188,Normal,M,V,0,Normal,None,Unspecified,Unspecified,,"(Id="""")",None,None
7242,7242,JP-HO-639,81.5770034790039,557.6179809570312,Normal,M,V,0,Normal,None,Unspecified,Unspecified,,"(Id="""")",None,None
7243,7243,JP-UH-617,85.11699676513672,532.1099853515625,Normal,M,V,0,Normal,None,Unspecified,Unspecified,,"(Id="""")",None,None
7244,7244,JP-AZ-966,102.08699798583984,864.7789916992188,Normal,M,V,0,Normal,None,Unspecified,Unspecified,,"(Id="""")",None,None
7245,7245,JP-ID-760,319.5249938964844,440.9620056152344,Normal,M,V,0,Normal,None,Unspecified,Unspecified,,"(Id="""")",None,None
7246,7246,JP-MC-878,350.4849853515625,528.1110229492188,Normal,M,V,0,Normal,None,Unspecified,Unspecified,,"(Id="""")",None,None
7247,7247,JP-SY-940,367.6570129394531,572.8629760742188,Normal,M,V,0,Normal,None,Unspecified,Unspecified,,"(Id="""")",None,None
7248,7248,JP-MV-103,413.0090026855469,625.3690185546875,Normal,M,V,0,Normal,None,Unspecified,Unspecified,,"(Id="""")",None,None
7249,7249,JP-EE-109,412.8389892578125,678.3779907226562,Normal,M,V,0,Normal,None,Unspecified,Unspecified,,"(Id="""")",None,None
7250,7250,JP-QT-956,257.468994140625,699.2109985351562,Normal,M,V,0,Normal,None,Unspecified,Unspecified,,"(Id="""")",None,None
7251,7251,JP-IZ-983,237.26600646972656,746.3200073242188,Normal,M,V,0,Normal,None,Unspecified,Unspecified,,"(Id="""")",None,None
7252,7252,JP-GV-108,281.6940002441406,803.4749755859375,Normal,M,V,0,Normal,None,Unspecified,Unspecified,,"(Id="""")",None,None
7253,7253,JP-LQ-116,320.38299560546875,841.6290283203125,Normal,M,V,0,Normal,None,Unspecified,Unspecified,,"(Id="""")",None,None
7254,7254,JP-PX-112,204.20399475097656,920.3900146484375,Normal,M,V,0,Normal,None,Unspecified,Unspecified,,"(Id="""")",None,None
7255,7255,JP-GU-709,-139.99200439453125,849.1680297851562,Normal,M,V,0,Normal,None,Unspecified,Unspecified,,"(Id="""")",None,None
7256,7256,JP-JW-929,-92.125,1022.0180053710938,Normal,M,V,0,Normal,None,Unspecified,Unspecified,,"(Id="""")",None,None
7257,7257,JP-SZ-812,-115.70899963378906,928.5239868164062,Normal,M,V,0,Normal,None,Unspecified,Unspecified,,"(Id="""")",None,None
7258,7258,JP-HE-872,-75.81400299072266,948.0369873046875,Normal,M,V,0,Normal,None,Unspecified,Unspecified,,"(Id="""")",None,None
7259,7259,JP-UD-911,-152.9320068359375,1064.5999755859375,Normal,M,V,0,Normal,None,Unspecified,Unspecified,,"(Id="""")",None,None
7260,7260,JP-IR-806,-240.35400390625,1047.114990234375,Normal,M,V,0,Normal,None,Unspecified,Unspecified,,"(Id="""")",None,None
7261,7261,JP-PC-847,-195.3939971923828,1043.3690185546875,Normal,M,V,0,Normal,None,Unspecified,Unspecified,,"(Id="""")",None,None
7262,7262,JP-UZ-799,371.02899169921875,428.4949951171875,Normal,M,V,0,Normal,None,Unspecified,Unspecified,,"(Id="""")",None,None
7263,7263,JP-IE-814,503.4429931640625,311.2560119628906,Normal,M,V,0,Normal,None,Unspecified,Unspecified,,"(Id="""")",None,None
7264,7264,JP-ZN-100,573.447021484375,431.1109924316406,Normal,M,V,0,Normal,None,Unspecified,Unspecified,,"(Id="""")",None,None
7265,7265,JP-PM-107,599.6840209960938,474.2460021972656,Normal,M,V,0,Normal,None,Unspecified,Unspecified,,"(Id="""")",None,None
7266,7266,JP-JP-107,874.4860229492188,201.42999267578125,Normal,M,V,0,Normal,None,Unspecified,Unspecified,,"(Id="""")",None,None
7267,7267,JP-EZ-111,917.698974609375,196.77099609375,Normal,M,V,0,Normal,None,Unspecified,Unspecified,,"(Id="""")",None,None
7268,7268,JP-PD-259,519.697998046875,-260.5450134277344,Normal,M,V,0,Normal,None,Unspecified,Unspecified,,"(Id="""")",None,None
7269,7269,JP-DM-269,542.43701171875,-272.57000732421875,Normal,M,V,0,Normal,None,Unspecified,Unspecified,,"(Id="""")",None,None
7270,7270,JP-CD-844,-271.4880065917969,-572.916015625,Normal,M,V,0,Normal,None,Unspecified,Unspecified,,"(Id="""")",None,None
7271,7271,JP-RC-798,-347.375,-451.49700927734375,Normal,M,V,0,Normal,None,Unspecified,Unspecified,,"(Id="""")",None,None
7272,7272,JP-TN-428,-582.7550048828125,153.88299560546875,Normal,M,V,0,Normal,None,Unspecified,Unspecified,,"(Id="""")",None,None
7273,7273,JP-UP-498,-644.2369995117188,146.01199340820312,Normal,M,V,0,Normal,None,Unspecified,Unspecified,,"(Id="""")",None,None
7274,7274,JP-KS-559,-688.2030029296875,128.8470001220703,Normal,M,V,0,Normal,None,Unspecified,Unspecified,,"(Id="""")",None,None
7275,7275,JP-SH-587,-733.3740234375,146.01199340820312,Normal,M,V,0,Normal,None,Unspecified,Unspecified,,"(Id="""")",None,None
7276,7276,JP-AA-652,-772.822998046875,120.11399841308594,Normal,M,V,0,Normal,None,Unspecified,Unspecified,,"(Id="""")",None,None
7277,7277,JP-WZ-708,-815.2830200195312,107.16500091552734,Normal,M,V,0,Normal,None,Unspecified,Unspecified,,"(Id="""")",None,None
7278,7278,JP-EG-751,-859.551025390625,107.76699829101562,Normal,M,V,0,Normal,None,Unspecified,Unspecified,,"(Id="""")",None,None
7279,7279,JP-GH-817,-895.9879760742188,78.55699920654297,Normal,M,V,0,Normal,None,Unspecified,Unspecified,,"(Id="""")",None,None
7280,7280,JP-OH-826,-935.135986328125,108.6709976196289,Normal,M,V,0,Normal,None,Unspecified,Unspecified,,"(Id="""")",None,None
7281,7281,JP-QB-767,-980.926025390625,213.03199768066406,Normal,M,V,0,Normal,None,Unspecified,Unspecified,,"(Id="""")",None,None
7282,7282,JP-JU-699,-958.843017578125,259.5830078125,Normal,M,V,0,Normal,None,Unspecified,Unspecified,,"(Id="""")",None,None
7283,7283,JP-MT-743,-272.20001220703125,1015.2689819335938,Normal,M,V,0,Normal,None,Unspecified,Unspecified,,"(Id="""")",None,None
7284,7284,JP-RT-691,-317.1600036621094,1008.4000244140625,Normal,M,V,0,Normal,None,Unspecified,Unspecified,,"(Id="""")",None,None
7285,7285,JP-LD-504,-284.85699462890625,789.541015625,Normal,M,V,0,Normal,None,Unspecified,Unspecified,,"(Id="""")",None,None
7286,7286,JP-BJ-515,-311.39599609375,827.0079956054688,Normal,M,V,0,Normal,None,Unspecified,Unspecified,,"(Id="""")",None,None
7287,7287,JP-AD-481,-357.18798828125,838.9760131835938,Normal,M,V,0,Normal,None,Unspecified,Unspecified,,"(Id="""")",None,None
7288,7288,JP-ZM-195,-492.4530029296875,688.1519775390625,Normal,M,V,0,Normal,None,Unspecified,Unspecified,,"(Id="""")",None,None
7289,7289,JP-JH-161,-539.64697265625,701.6170043945312,Normal,M,V,0,Normal,None,Unspecified,Unspecified,,"(Id="""")",None,None
7290,7290,JP-ES-140,-580.7559814453125,720.8709716796875,Normal,M,V,0,Normal,None,Unspecified,Unspecified,,"(Id="""")",None,None
7291,7291,JP-UH-117,-619.7830200195312,737.52197265625,Normal,M,V,0,Normal,None,Unspecified,Unspecified,,"(Id="""")",None,None
7292,7292,JP-VI-107,763.6580200195312,310.3399963378906,Normal,M,V,0,Normal,None,Unspecified,Unspecified,,"(Id="""")",None,None
7293,7293,JP-MI-408,620.156982421875,-211.9199981689453,Normal,M,V,0,Normal,None,Unspecified,Unspecified,,"(Id="""")",None,None
7294,7294,JP-SG-106,163.3260040283203,905.2520141601562,Normal,M,V,0,Normal,None,Unspecified,Unspecified,,"(Id="""")",None,None
7295,7295,JP-VK-103,79.27200317382812,956.301025390625,Normal,M,V,0,Normal,None,Unspecified,Unspecified,,"(Id="""")",None,None
7296,7296,JP-XX-101,39.1609992980957,979.7899780273438,Normal,M,V,0,Normal,None,Unspecified,Unspecified,,"(Id="""")",None,None
7297,7297,JP-YW-102,12.420000076293945,1016.6489868164062,Normal,M,V,0,Normal,None,Unspecified,Unspecified,,"(Id="""")",None,None
7298,7298,JP-OP-100,-34.91899871826172,1036.5240478515625,Normal,M,V,0,Normal,None,Unspecified,Unspecified,,"(Id="""")",None,None
7299,7299,JP-UZ-105,-34.70199966430664,1088.010986328125,Normal,M,V,0,Normal,None,Unspecified,Unspecified,,"(Id="""")",None,None
7300,7300,JP-BB-111,-18.570999145507812,1132.2430419921875,Normal,M,V,0,Normal,None,Unspecified,Unspecified,,"(Id="""")",None,None
7301,7301,JP-YQ-116,-15.968999862670898,1178.0350341796875,Normal,M,V,0,Normal,None,Unspecified,Unspecified,,"(Id="""")",None,None
7302,7302,JP-IO-122,10.569999694824219,1216.5419921875,Normal,M,V,0,Normal,None,Unspecified,Unspecified,,"(Id="""")",None,None
7303,7303,JP-GR-128,56.88199996948242,1232.1529541015625,Normal,M,V,0,Normal,None,Unspecified,Unspecified,,"(Id="""")",None,None
7304,7304,JP-ZT-135,78.21700286865234,1273.781982421875,Normal,M,V,0,Normal,None,Unspecified,Unspecified,,"(Id="""")",None,None
7305,7305,JP-ZS-174,249.24000549316406,-423.94000244140625,Normal,M,V,0,Normal,None,Unspecified,Unspecified,,"(Id="""")",None,None
7306,7306,JP-WY-139,298.3550109863281,-437.4289855957031,Normal,M,V,0,Normal,None,Unspecified,Unspecified,,"(Id="""")",None,None
7307,7307,JP-BV-110,337.322998046875,-448.114990234375,Normal,M,V,0,Normal,None,Unspecified,Unspecified,,"(Id="""")",None,None
7308,7308,JP-MJ-553,401.31500244140625,-456.6889953613281,Normal,M,V,0,Normal,None,Unspecified,Unspecified,,"(Id="""")",None,None
7309,7309,JP-GA-218,450.6910095214844,-472.5190124511719,Normal,M,V,0,Normal,None,Unspecified,Unspecified,,"(Id="""")",None,None
7310,7310,JP-ID-321,595.0659790039062,-273.9639892578125,Normal,M,V,0,Normal,None,Unspecified,Unspecified,,"(Id="""")",None,None
7311,7311,JP-BL-332,616.1530151367188,-283.54901123046875,Normal,M,V,0,Normal,None,Unspecified,Unspecified,,"(Id="""")",None,None
7312,7312,JP-XB-276,599.739013671875,-323.43499755859375,Normal,M,V,0,Normal,None,Unspecified,Unspecified,,"(Id="""")",None,None
7313,7313,JP-HD-415,640.0280151367188,-224.82000732421875,Normal,M,V,0,Normal,None,Unspecified,Unspecified,,"(Id="""")",None,None
7314,7314,JP-LD-409,601.3400268554688,-192.2310028076172,Normal,M,V,0,Normal,None,Unspecified,Unspecified,,"(Id="""")",None,None
7315,7315,JP-QK-575,681.9509887695312,-106.76200103759766,Normal,M,V,0,Normal,None,Unspecified,Unspecified,,"(Id="""")",None,None
7316,7316,JP-SJ-540,659.0579833984375,-118.66300201416016,Normal,M,V,0,Normal,None,Unspecified,Unspecified,,"(Id="""")",None,None
7317,7317,JP-GD-493,628.5,-134.697998046875,Normal,M,V,0,Normal,None,Unspecified,Unspecified,,"(Id="""")",None,None
7318,7318,JP-TD-701,614.2100219726562,86.9729995727539,Normal,M,V,0,Normal,None,Unspecified,Unspecified,,"(Id="""")",None,None
7319,7319,JP-ZI-101,798.5,215.4969940185547,Normal,M,V,0,Normal,None,Unspecified,Unspecified,,"(Id="""")",None,None
7320,7320,JP-BU-104,848.1669921875,195.31100463867188,Normal,M,V,0,Normal,None,Unspecified,Unspecified,,"(Id="""")",None,None
7321,7321,JP-JZ-110,897.802978515625,208.6790008544922,Normal,M,V,0,Normal,None,Unspecified,Unspecified,,"(Id="""")",None,None
7322,7322,JP-HD-104,755.97802734375,286.42498779296875,Normal,M,V,0,Normal,None,Unspecified,Unspecified,,"(Id="""")",None,None
7323,7323,JP-NY-109,789.8770141601562,304.67401123046875,Normal,M,V,0,Normal,None,Unspecified,Unspecified,,"(Id="""")",None,None
7324,7324,JP-VC-818,524.8889770507812,294.0639953613281,Normal,M,V,0,Normal,None,Unspecified,Unspecified,,"(Id="""")",None,None
7325,7325,JP-LE-847,509.7170104980469,338.1289978027344,Normal,M,V,0,Normal,None,Unspecified,Unspecified,,"(Id="""")",None,None
7326,7326,JP-KT-928,546.1400146484375,382.4630126953125,Normal,M,V,0,Normal,None,Unspecified,Unspecified,,"(Id="""")",None,None
7327,7327,JP-SX-967,563.427001953125,404.55999755859375,Normal,M,V,0,Normal,None,Unspecified,Unspecified,,"(Id="""")",None,None
7328,7328,JP-ZO-101,562.093017578125,457.2070007324219,Normal,M,V,0,Normal,None,Unspecified,Unspecified,,"(Id="""")",None,None
7329,7329,JP-TH-105,572.0260009765625,481.77899169921875,Normal,M,V,0,Normal,None,Unspecified,Unspecified,,"(Id="""")",None,None
7330,7330,JP-HC-108,575.093017578125,508.8599853515625,Normal,M,V,0,Normal,None,Unspecified,Unspecified,,"(Id="""")",None,None
7331,7331,JP-HV-112,600.3980102539062,519.9439697265625,Normal,M,V,0,Normal,None,Unspecified,Unspecified,,"(Id="""")",None,None
7332,7332,JP-DP-632,-128.09800720214844,-503.91400146484375,Normal,M,V,0,Normal,None,Unspecified,Unspecified,,"(Id="""")",None,None
7333,7333,JP-ZN-646,-177.0330047607422,-468.9909973144531,Normal,M,V,0,Normal,None,Unspecified,Unspecified,,"(Id="""")",None,None
7334,7334,JP-TY-699,-179.96099853515625,-519.3889770507812,Normal,M,V,0,Normal,None,Unspecified,Unspecified,,"(Id="""")",None,None
7335,7335,JP-BI-767,-232.86900329589844,-534.2369995117188,Normal,M,V,0,Normal,None,Unspecified,Unspecified,,"(Id="""")",None,None
7336,7336,JP-KY-816,-264.656005859375,-551.594970703125,Normal,M,V,0,Normal,None,Unspecified,Unspecified,,"(Id="""")",None,None
7337,7337,JP-ZO-793,-266.1199951171875,-527.5449829101562,Normal,M,V,0,Normal,None,Unspecified,Unspecified,,"(Id="""")",None,None
7338,7338,JP-VC-705,-213.3159942626953,-491.9939880371094,Normal,M,V,0,Normal,None,Unspecified,Unspecified,,"(Id="""")",None,None
7339,7339,JP-DU-718,-251.3070068359375,-467.4219970703125,Normal,M,V,0,Normal,None,Unspecified,Unspecified,,"(Id="""")",None,None
7340,7340,JP-OI-772,-325.7200012207031,-447.2070007324219,Normal,M,V,0,Normal,None,Unspecified,Unspecified,,"(Id="""")",None,None
7341,7341,JP-IJ-825,-350.4670104980469,-475.2640075683594,Normal,M,V,0,Normal,None,Unspecified,Unspecified,,"(Id="""")",None,None
7342,7342,JP-TL-870,-396.4739990234375,-474.218994140625,Normal,M,V,0,Normal,None,Unspecified,Unspecified,,"(Id="""")",None,None
7343,7343,JP-AY-748,-343.4960021972656,-404.68499755859375,Normal,M,V,0,Normal,None,Unspecified,Unspecified,,"(Id="""")",None,None
7344,7344,JP-RI-777,-385.8429870605469,-391.4410095214844,Normal,M,V,0,Normal,None,Unspecified,Unspecified,,"(Id="""")",None,None
7345,7345,JP-DG-809,-448.9289855957031,-360.0719909667969,Normal,M,V,0,Normal,None,Unspecified,Unspecified,,"(Id="""")",None,None
7346,7346,JP-LT-672,-390.8970031738281,-281.12799072265625,Normal,M,V,0,Normal,None,Unspecified,Unspecified,,"(Id="""")",None,None
7347,7347,JP-AZ-753,-478.0320129394531,-275.72601318359375,Normal,M,V,0,Normal,None,Unspecified,Unspecified,,"(Id="""")",None,None
7348,7348,JP-ON-576,-429.54901123046875,-147.4409942626953,Normal,M,V,0,Normal,None,Unspecified,Unspecified,,"(Id="""")",None,None
7349,7349,JP-VS-594,-489.4750061035156,-104.67900085449219,Normal,M,V,0,Normal,None,Unspecified,Unspecified,,"(Id="""")",None,None
7350,7350,JP-DA-428,-563.5549926757812,135.02699279785156,Normal,M,V,0,Normal,None,Unspecified,Unspecified,,"(Id="""")",None,None
7351,7351,JP-GX-497,-625.416015625,127.74299621582031,Normal,M,V,0,Normal,None,Unspecified,Unspecified,,"(Id="""")",None,None
7352,7352,JP-AD-520,-671.4229736328125,150.53700256347656,Normal,M,V,0,Normal,None,Unspecified,Unspecified,,"(Id="""")",None,None
7353,7353,JP-VL-569,-710.5289916992188,140.91700744628906,Normal,M,V,0,Normal,None,Unspecified,Unspecified,,"(Id="""")",None,None
7354,7354,JP-UE-616,-757.3729858398438,140.91700744628906,Normal,M,V,0,Normal,None,Unspecified,Unspecified,,"(Id="""")",None,None
7355,7355,JP-CX-676,-797.3159790039062,120.84200286865234,Normal,M,V,0,Normal,None,Unspecified,Unspecified,,"(Id="""")",None,None
7356,7356,JP-KY-743,-838.4710083007812,94.49199676513672,Normal,M,V,0,Normal,None,Unspecified,Unspecified,,"(Id="""")",None,None
7357,7357,JP-TZ-782,-882.6380004882812,100.51499938964844,Normal,M,V,0,Normal,None,Unspecified,Unspecified,,"(Id="""")",None,None
7358,7358,JP-UY-810,-909.739990234375,99.26000213623047,Normal,M,V,0,Normal,None,Unspecified,Unspecified,,"(Id="""")",None,None
7359,7359,JP-CS-828,-884.1439819335938,55.84600067138672,Normal,M,V,0,Normal,None,Unspecified,Unspecified,,"(Id="""")",None,None
7360,7360,JP-OB-862,-983.2919921875,120.4990005493164,Normal,M,V,0,Normal,None,Unspecified,Unspecified,,"(Id="""")",None,None
7361,7361,JP-WL-788,-974.6939697265625,185.87899780273438,Normal,M,V,0,Normal,None,Unspecified,Unspecified,,"(Id="""")",None,None
7362,7362,JP-UW-728,-960.2230224609375,232.06199645996094,Normal,M,V,0,Normal,None,Unspecified,Unspecified,,"(Id="""")",None,None
7363,7363,JP-WQ-663,-935.6300048828125,272.3389892578125,Normal,M,V,0,Normal,None,Unspecified,Unspecified,,"(Id="""")",None,None
7364,7364,JP-XZ-816,-978.9349975585938,162.17799377441406,Normal,M,V,0,Normal,None,Unspecified,Unspecified,,"(Id="""")",None,None
7365,7365,JP-AI-848,-1015.822021484375,167.406005859375,Normal,M,V,0,Normal,None,Unspecified,Unspecified,,"(Id="""")",None,None
7366,7366,JP-HM-190,-527.6480102539062,336.6619873046875,Normal,M,V,0,Normal,None,Unspecified,Unspecified,,"(Id="""")",None,None
7367,7367,JP-RN-107,-491.3999938964844,384.2380065917969,Normal,M,V,0,Normal,None,Unspecified,Unspecified,,"(Id="""")",None,None
7368,7368,JP-CK-103,-455.8489990234375,352.1719970703125,Normal,M,V,0,Normal,None,Unspecified,Unspecified,,"(Id="""")",None,None
7369,7369,JP-IQ-297,-387.7090148925781,390.6860046386719,Normal,M,V,0,Normal,None,Unspecified,Unspecified,,"(Id="""")",None,None
7370,7370,JP-QP-886,-397.4679870605469,308.77899169921875,Normal,M,V,0,Normal,None,Unspecified,Unspecified,,"(Id="""")",None,None
7371,7371,JP-EN-686,-323.5780029296875,392.2539978027344,Normal,M,V,0,Normal,None,Unspecified,Unspecified,,"(Id="""")",None,None
7372,7372,JP-GH-599,-360.87200927734375,420.8349914550781,Normal,M,V,0,Normal,None,Unspecified,Unspecified,,"(Id="""")",None,None
7373,7373,JP-WN-207,-285.0639953613281,492.4590148925781,Normal,M,V,0,Normal,None,Unspecified,Unspecified,,"(Id="""")",None,None
7374,7374,JP-AB-163,-295.8689880371094,459.5220031738281,Normal,M,V,0,Normal,None,Unspecified,Unspecified,,"(Id="""")",None,None
7375,7375,JP-GP-159,-330.20001220703125,489.322998046875,Normal,M,V,0,Normal,None,Unspecified,Unspecified,,"(Id="""")",None,None
7376,7376,JP-LD-202,-253.52200317382812,456.0369873046875,Normal,M,V,0,Normal,None,Unspecified,Unspecified,,"(Id="""")",None,None
7377,7377,JP-DC-186,-206.8280029296875,393.71099853515625,Normal,M,V,0,Normal,None,Unspecified,Unspecified,,"(Id="""")",None,None
7378,7378,JP-EU-223,-517.2410278320312,293.25201416015625,Normal,M,V,0,Normal,None,Unspecified,Unspecified,,"(Id="""")",None,None
7379,7379,JP-DE-222,-248.81900024414062,26.56399917602539,Normal,M,V,0,Normal,None,Unspecified,Unspecified,,"(Id="""")",None,None
7380,7380,JP-HE-588,-179.05499267578125,120.16699981689453,Normal,M,V,0,Normal,None,Unspecified,Unspecified,,"(Id="""")",None,None
7381,7381,JP-OV-435,-155.46600341796875,159.81700134277344,Normal,M,V,0,Normal,None,Unspecified,Unspecified,,"(Id="""")",None,None
7382,7382,JP-DU-537,252.9250030517578,284.9590148925781,Normal,M,V,0,Normal,None,Unspecified,Unspecified,,"(Id="""")",None,None
7383,7383,JP-QX-431,210.6820068359375,220.33999633789062,Normal,M,V,0,Normal,None,Unspecified,Unspecified,,"(Id="""")",None,None
7384,7384,JP-IG-544,290.14898681640625,254.8459930419922,Normal,M,V,0,Normal,None,Unspecified,Unspecified,,"(Id="""")",None,None
7385,7385,JP-XK-382,-139.5189971923828,522.114990234375,Normal,M,V,0,Normal,None,Unspecified,Unspecified,,"(Id="""")",None,None
7386,7386,JP-QM-474,-59.21500015258789,533.6170043945312,Normal,M,V,0,Normal,None,Unspecified,Unspecified,,"(Id="""")",None,None
7387,7387,JP-BY-438,-105.25199890136719,544.072998046875,Normal,M,V,0,Normal,None,Unspecified,Unspecified,,"(Id="""")",None,None
7388,7388,JP-WJ-403,-148.81900024414062,552.0609741210938,Normal,M,V,0,Normal,None,Unspecified,Unspecified,,"(Id="""")",None,None
7389,7389,JP-EN-361,-170.16700744628906,531.583984375,Normal,M,V,0,Normal,None,Unspecified,Unspecified,,"(Id="""")",None,None
7390,7390,JP-AK-329,-203.36399841308594,532.5640258789062,Normal,M,V,0,Normal,None,Unspecified,Unspecified,,"(Id="""")",None,None
7391,7391,JP-QV-267,-199.18099975585938,467.1090087890625,Normal,M,V,0,Normal,None,Unspecified,Unspecified,,"(Id="""")",None,None
7392,7392,JP-UL-139,-282.2950134277344,421.93798828125,Normal,M,V,0,Normal,None,Unspecified,Unspecified,,"(Id="""")",None,None
7393,7393,JP-WD-114,-330.77899169921875,445.7279968261719,Normal,M,V,0,Normal,None,Unspecified,Unspecified,,"(Id="""")",None,None
7394,7394,JP-JO-380,89.05899810791016,291.114013671875,Normal,M,V,0,Normal,None,Unspecified,Unspecified,,"(Id="""")",None,None
7395,7395,JP-JI-637,187.83200073242188,449.21099853515625,Normal,M,V,0,Normal,None,Unspecified,Unspecified,,"(Id="""")",None,None
7396,7396,JP-HD-686,235.92999267578125,450.46600341796875,Normal,M,V,0,Normal,None,Unspecified,Unspecified,,"(Id="""")",None,None
7397,7397,JP-JM-836,387.3399963378906,449.197998046875,Normal,M,V,0,Normal,None,Unspecified,Unspecified,,"(Id="""")",None,None
7398,7398,JP-BK-815,360.572998046875,455.0530090332031,Normal,M,V,0,Normal,None,Unspecified,Unspecified,,"(Id="""")",None,None
7399,7399,JP-JL-793,334.6409912109375,459.0270080566406,Normal,M,V,0,Normal,None,Unspecified,Unspecified,,"(Id="""")",None,None
7400,7400,JP-QY-866,361.6180114746094,504.406005859375,Normal,M,V,0,Normal,None,Unspecified,Unspecified,,"(Id="""")",None,None
7401,7401,JP-GV-901,347.39801025390625,553.968994140625,Normal,M,V,0,Normal,None,Unspecified,Unspecified,,"(Id="""")",None,None
7402,7402,JP-EV-975,378.9750061035156,596.6300048828125,Normal,M,V,0,Normal,None,Unspecified,Unspecified,,"(Id="""")",None,None
7403,7403,JP-YY-105,407.5780029296875,651.4420166015625,Normal,M,V,0,Normal,None,Unspecified,Unspecified,,"(Id="""")",None,None
7404,7404,JP-BE-921,274.8680114746094,647.0960083007812,Normal,M,V,0,Normal,None,Unspecified,Unspecified,,"(Id="""")",None,None
7405,7405,JP-GV-945,267.72198486328125,677.77001953125,Normal,M,V,0,Normal,None,Unspecified,Unspecified,,"(Id="""")",None,None
7406,7406,JP-PR-964,241.99899291992188,722.31298828125,Normal,M,V,0,Normal,None,Unspecified,Unspecified,,"(Id="""")",None,None
7407,7407,JP-EW-101,240.7449951171875,771.0390014648438,Normal,M,V,0,Normal,None,Unspecified,Unspecified,,"(Id="""")",None,None
7408,7408,JP-OT-112,304.968994140625,817.85400390625,Normal,M,V,0,Normal,None,Unspecified,Unspecified,,"(Id="""")",None,None
7409,7409,JP-AT-120,338.54400634765625,862.5650024414062,Normal,M,V,0,Normal,None,Unspecified,Unspecified,,"(Id="""")",None,None
7410,7410,JP-YN-115,230.5469970703125,925.155029296875,Normal,M,V,0,Normal,None,Unspecified,Unspecified,,"(Id="""")",None,None
7411,7411,JP-PT-109,190.64300537109375,899.9450073242188,Normal,M,V,0,Normal,None,Unspecified,Unspecified,,"(Id="""")",None,None
7412,7412,JP-WP-104,136.06900024414062,912.5230102539062,Normal,M,V,0,Normal,None,Unspecified,Unspecified,,"(Id="""")",None,None
7413,7413,JP-DN-945,105.42400360107422,839.6719970703125,Normal,M,V,0,Normal,None,Unspecified,Unspecified,,"(Id="""")",None,None
7414,7414,JP-CQ-881,83.74299621582031,797.3920288085938,Normal,M,V,0,Normal,None,Unspecified,Unspecified,,"(Id="""")",None,None
7415,7415,JP-XN-814,33.32899856567383,780.8359985351562,Normal,M,V,0,Normal,None,Unspecified,Unspecified,,"(Id="""")",None,None
7416,7416,JP-ZU-780,64.3280029296875,716.3909912109375,Normal,M,V,0,Normal,None,Unspecified,Unspecified,,"(Id="""")",None,None
7417,7417,JP-WB-728,59.72700119018555,668.7109985351562,Normal,M,V,0,Normal,None,Unspecified,Unspecified,,"(Id="""")",None,None
7418,7418,JP-EV-730,94.6510009765625,635.4600219726562,Normal,M,V,0,Normal,None,Unspecified,Unspecified,,"(Id="""")",None,None
7419,7419,JP-RY-672,89.63200378417969,583.1790161132812,Normal,M,V,0,Normal,None,Unspecified,Unspecified,,"(Id="""")",None,None
7420,7420,JP-MY-581,74.4520034790039,507.4330139160156,Normal,M,V,0,Normal,None,Unspecified,Unspecified,,"(Id="""")",None,None
7421,7421,JP-BD-718,264.5450134277344,453.47900390625,Normal,M,V,0,Normal,None,Unspecified,Unspecified,,"(Id="""")",None,None
7422,7422,JP-JO-619,143.25399780273438,475.8559875488281,Normal,M,V,0,Normal,None,Unspecified,Unspecified,,"(Id="""")",None,None
7423,7423,JP-SP-645,142.20799255371094,503.0419921875,Normal,M,V,0,Normal,None,Unspecified,Unspecified,,"(Id="""")",None,None
7424,7424,JP-ZN-685,155.88999938964844,529.5349731445312,Normal,M,V,0,Normal,None,Unspecified,Unspecified,,"(Id="""")",None,None
7425,7425,JP-YJ-889,253.70700073242188,636.1300048828125,Normal,M,V,0,Normal,None,Unspecified,Unspecified,,"(Id="""")",None,None
7426,7426,JP-JQ-122,272.59698486328125,951.3619995117188,Normal,M,V,0,Normal,None,Unspecified,Unspecified,,"(Id="""")",None,None
7427,7427,JP-ND-129,291.2439880371094,1002.77197265625,Normal,M,V,0,Normal,None,Unspecified,Unspecified,,"(Id="""")",None,None
7428,7428,JP-KM-134,344.5419921875,997.2529907226562,Normal,M,V,0,Normal,None,Unspecified,Unspecified,,"(Id="""")",None,None
7429,7429,JP-ZP-135,287.46600341796875,1069.135986328125,Normal,M,V,0,Normal,None,Unspecified,Unspecified,,"(Id="""")",None,None
7430,7430,JP-SM-140,416.02099609375,992.3150024414062,Normal,M,V,0,Normal,None,Unspecified,Unspecified,,"(Id="""")",None,None
7431,7431,JP-VM-136,340.48199462890625,1024.741943359375,Normal,M,V,0,Normal,None,Unspecified,Unspecified,,"(Id="""")",None,None
7432,7432,JP-IT-137,257.14801025390625,1113.7569580078125,Normal,M,V,0,Normal,None,Unspecified,Unspecified,,"(Id="""")",None,None
7433,7433,JP-VV-138,231.3000030517578,1149.3909912109375,Normal,M,V,0,Normal,None,Unspecified,Unspecified,,"(Id="""")",None,None
7434,7434,JP-UC-137,190.64700317382812,1181.261962890625,Normal,M,V,0,Normal,None,Unspecified,Unspecified,,"(Id="""")",None,None
7435,7435,JP-ST-141,183.6199951171875,1227.93798828125,Normal,M,V,0,Normal,None,Unspecified,Unspecified,,"(Id="""")",None,None
7436,7436,JP-BC-139,138.6999969482422,1256.2950439453125,Normal,M,V,0,Normal,None,Unspecified,Unspecified,,"(Id="""")",None,None
7437,7437,JP-HZ-100,110.4260025024414,892.0020141601562,Normal,M,V,0,Normal,None,Unspecified,Unspecified,,"(Id="""")",None,None
7438,7438,JP-LM-105,103.8290023803711,948.5050048828125,Normal,M,V,0,Normal,None,Unspecified,Unspecified,,"(Id="""")",None,None
7439,7439,JP-LI-104,66.97000122070312,980.6669921875,Normal,M,V,0,Normal,None,Unspecified,Unspecified,,"(Id="""")",None,None
7440,7440,JP-XO-100,13.48799991607666,990.06201171875,Normal,M,V,0,Normal,None,Unspecified,Unspecified,,"(Id="""")",None,None
7441,7441,JP-NQ-100,-15.0600004196167,1018.2490234375,Normal,M,V,0,Normal,None,Unspecified,Unspecified,,"(Id="""")",None,None
7442,7442,JP-RP-944,-65.56700134277344,1010.5159912109375,Normal,M,V,0,Normal,None,Unspecified,Unspecified,,"(Id="""")",None,None
7443,7443,JP-DK-974,-62.43000030517578,1037.2840576171875,Normal,M,V,0,Normal,None,Unspecified,Unspecified,,"(Id="""")",None,None
7444,7444,JP-IT-103,-28.76099967956543,1062.3790283203125,Normal,M,V,0,Normal,None,Unspecified,Unspecified,,"(Id="""")",None,None
7445,7445,JP-SS-107,-36.891998291015625,1113.873046875,Normal,M,V,0,Normal,None,Unspecified,Unspecified,,"(Id="""")",None,None
7446,7446,JP-WC-114,-2.86299991607666,1152.719970703125,Normal,M,V,0,Normal,None,Unspecified,Unspecified,,"(Id="""")",None,None
7447,7447,JP-HA-119,-11.897000312805176,1205.4189453125,Normal,M,V,0,Normal,None,Unspecified,Unspecified,,"(Id="""")",None,None
7448,7448,JP-CQ-126,31.76799964904785,1232.822998046875,Normal,M,V,0,Normal,None,Unspecified,Unspecified,,"(Id="""")",None,None
7449,7449,JP-VQ-132,79.3479995727539,1245.77197265625,Normal,M,V,0,Normal,None,Unspecified,Unspecified,,"(Id="""")",None,None
7450,7450,JP-SX-138,89.58599853515625,1298.77197265625,Normal,M,V,0,Normal,None,Unspecified,Unspecified,,"(Id="""")",None,None
7451,7451,JP-VW-142,78.447998046875,1342.2550048828125,Normal,M,V,0,Normal,None,Unspecified,Unspecified,,"(Id="""")",None,None
7452,7452,JP-UE-136,22.865999221801758,1345.7159423828125,Normal,M,V,0,Normal,None,Unspecified,Unspecified,,"(Id="""")",None,None
7453,7453,JP-HH-132,-32.97999954223633,1357.030029296875,Normal,M,V,0,Normal,None,Unspecified,Unspecified,,"(Id="""")",None,None
7454,7454,JP-JN-131,-76.91600036621094,1391.0909423828125,Normal,M,V,0,Normal,None,Unspecified,Unspecified,,"(Id="""")",None,None
7455,7455,JP-SX-136,-78.7959976196289,1446.4229736328125,Normal,M,V,0,Normal,None,Unspecified,Unspecified,,"(Id="""")",None,None
7456,7456,JP-BR-140,-97.28700256347656,1499.2950439453125,Normal,M,V,0,Normal,None,Unspecified,Unspecified,,"(Id="""")",None,None
7457,7457,JP-RE-145,-98.23999786376953,1555.344970703125,Normal,M,V,0,Normal,None,Unspecified,Unspecified,,"(Id="""")",None,None
7458,7458,JP-YG-152,-86.18199920654297,1609.5369873046875,Normal,M,V,0,Normal,None,Unspecified,Unspecified,,"(Id="""")",None,None
7459,7459,JP-US-151,-76.58300018310547,1586.781982421875,Normal,M,V,0,Normal,None,Unspecified,Unspecified,,"(Id="""")",None,None
7460,7460,JP-PM-151,-124.50199890136719,1635.97705078125,Normal,M,V,0,Normal,None,Unspecified,Unspecified,,"(Id="""")",None,None
7461,7461,JP-OB-158,-86.62699890136719,1670.04296875,Normal,M,V,0,Normal,None,Unspecified,Unspecified,,"(Id="""")",None,None
7462,7462,JP-LZ-169,-24.47100067138672,1721.3699951171875,Normal,M,V,0,Normal,None,Unspecified,Unspecified,,"(Id="""")",None,None
7463,7463,JP-WZ-176,21.709999084472656,1742.4560546875,Normal,M,V,0,Normal,None,Unspecified,Unspecified,,"(Id="""")",None,None
7464,7464,JP-WH-183,93.08699798583984,1745.718017578125,Normal,M,V,0,Normal,None,Unspecified,Unspecified,,"(Id="""")",None,None
7465,7465,JP-XV-186,130.97999572753906,1734.425048828125,Normal,M,V,0,Normal,None,Unspecified,Unspecified,,"(Id="""")",None,None
7466,7466,JP-QU-191,108.38600158691406,1808.8919677734375,Normal,M,V,0,Normal,None,Unspecified,Unspecified,,"(Id="""")",None,None
7467,7467,JP-QA-187,88.15299987792969,1789.8919677734375,Normal,M,V,0,Normal,None,Unspecified,Unspecified,,"(Id="""")",None,None
7468,7468,JP-SR-186,101.52799987792969,1766.3160400390625,Normal,M,V,0,Normal,None,Unspecified,Unspecified,,"(Id="""")",None,None
7469,7469,JP-WM-184,73.21700286865234,1766.9649658203125,Normal,M,V,0,Normal,None,Unspecified,Unspecified,,"(Id="""")",None,None
7470,7470,JP-IX-182,30.760000228881836,1796.3759765625,Normal,M,V,0,Normal,None,Unspecified,Unspecified,,"(Id="""")",None,None
7471,7471,JP-BU-187,58.117000579833984,1820.9150390625,Normal,M,V,0,Normal,None,Unspecified,Unspecified,,"(Id="""")",None,None
7472,7472,JP-AU-193,86.72000122070312,1847.927978515625,Normal,M,V,0,Normal,None,Unspecified,Unspecified,,"(Id="""")",None,None
7473,7473,JP-RE-191,49.92900085449219,1860.5169677734375,Normal,M,V,0,Normal,None,Unspecified,Unspecified,,"(Id="""")",None,None
7474,7474,JP-LB-188,-6.9079999923706055,1887.3330078125,Normal,M,V,0,Normal,None,Unspecified,Unspecified,,"(Id="""")",None,None
7475,7475,JP-BX-184,-23.84600067138672,1863.989990234375,Normal,M,V,0,Normal,None,Unspecified,Unspecified,,"(Id="""")",None,None
7476,7476,JP-VC-184,-45.70600128173828,1892.1190185546875,Normal,M,V,0,Normal,None,Unspecified,Unspecified,,"(Id="""")",None,None
7477,7477,JP-BH-177,-43.60300064086914,1817.18701171875,Normal,M,V,0,Normal,None,Unspecified,Unspecified,,"(Id="""")",None,None
7478,7478,JP-JU-184,13.704000473022461,1834.241943359375,Normal,M,V,0,Normal,None,Unspecified,Unspecified,,"(Id="""")",None,None
7479,7479,JP-MV-178,6.7210001945495605,1782.26904296875,Normal,M,V,0,Normal,None,Unspecified,Unspecified,,"(Id="""")",None,None
7480,7480,JP-II-185,30.565000534057617,1819.4439697265625,Normal,M,V,0,Normal,None,Unspecified,Unspecified,,"(Id="""")",None,None
7481,7481,JP-LB-187,22.47599983215332,1857.4100341796875,Normal,M,V,0,Normal,None,Unspecified,Unspecified,,"(Id="""")",None,None
7482,7482,JP-QX-180,-55.95100021362305,1856.071044921875,Normal,M,V,0,Normal,None,Unspecified,Unspecified,,"(Id="""")",None,None
7483,7483,JP-IH-174,-103.78800201416016,1847.0670166015625,Normal,M,V,0,Normal,None,Unspecified,Unspecified,,"(Id="""")",None,None
7484,7484,JP-BR-173,-90.11100006103516,1825.5489501953125,Normal,M,V,0,Normal,None,Unspecified,Unspecified,,"(Id="""")",None,None
7485,7485,JP-MI-193,-535.4979858398438,729.3569946289062,Normal,M,V,0,Normal,None,Unspecified,Unspecified,,"(Id="""")",None,None
7486,7486,JP-JI-223,-534.5440063476562,757.6669921875,Normal,M,V,0,Normal,None,Unspecified,Unspecified,,"(Id="""")",None,None
7487,7487,JP-LR-257,-524.0469970703125,781.5230102539062,Normal,M,V,0,Normal,None,Unspecified,Unspecified,,"(Id="""")",None,None
7488,7488,JP-LU-293,-497.9630126953125,791.3839721679688,Normal,M,V,0,Normal,None,Unspecified,Unspecified,,"(Id="""")",None,None
7489,7489,JP-AQ-330,-486.1940002441406,816.1950073242188,Normal,M,V,0,Normal,None,Unspecified,Unspecified,,"(Id="""")",None,None
7490,7490,JP-JS-364,-458.2019958496094,822.239013671875,Normal,M,V,0,Normal,None,Unspecified,Unspecified,,"(Id="""")",None,None
7491,7491,JP-PU-399,-443.88800048828125,843.8690185546875,Normal,M,V,0,Normal,None,Unspecified,Unspecified,,"(Id="""")",None,None
7492,7492,JP-EZ-438,-422.8949890136719,861.364013671875,Normal,M,V,0,Normal,None,Unspecified,Unspecified,,"(Id="""")",None,None
7493,7493,JP-AN-169,137.96800231933594,1552.76904296875,Normal,M,V,0,Normal,None,Unspecified,Unspecified,,"(Id="""")",None,None
7494,7494,JP-TJ-171,160.60699462890625,1556.89794921875,Normal,M,V,0,Normal,None,Unspecified,Unspecified,,"(Id="""")",None,None
7495,7495,JP-RY-174,165.78500366210938,1581.0589599609375,Normal,M,V,0,Normal,None,Unspecified,Unspecified,,"(Id="""")",None,None
7496,7496,JP-EA-174,184.25999450683594,1563.9630126953125,Normal,M,V,0,Normal,None,Unspecified,Unspecified,,"(Id="""")",None,None
7497,7497,JP-EA-177,189.02999877929688,1587.3800048828125,Normal,M,V,0,Normal,None,Unspecified,Unspecified,,"(Id="""")",None,None
7498,7498,JP-NZ-177,172.98599243164062,1606.89404296875,Normal,M,V,0,Normal,None,Unspecified,Unspecified,,"(Id="""")",None,None
7499,7499,JP-DD-181,185.9949951171875,1629.8759765625,Normal,M,V,0,Normal,None,Unspecified,Unspecified,,"(Id="""")",None,None
7500,7500,JP-MK-182,174.28700256347656,1651.5579833984375,Normal,M,V,0,Normal,None,Unspecified,Unspecified,,"(Id="""")",None,None
7501,7501,JP-DT-181,151.73800659179688,1663.699951171875,Normal,M,V,0,Normal,None,Unspecified,Unspecified,,"(Id="""")",None,None
7502,7502,JP-QU-183,152.17100524902344,1687.116943359375,Normal,M,V,0,Normal,None,Unspecified,Unspecified,,"(Id="""")",None,None
7503,7503,JP-ON-184,138.927001953125,1707.33203125,Normal,M,V,0,Normal,None,Unspecified,Unspecified,,"(Id="""")",None,None
7504,7504,JP-SK-354,-260.76800537109375,615.0640258789062,Normal,M,V,0,Normal,None,Unspecified,Unspecified,,"(Id="""")",None,None
7505,7505,JP-WP-335,-287.2569885253906,623.2540283203125,Normal,M,V,0,Normal,None,Unspecified,Unspecified,,"(Id="""")",None,None
7506,7506,JP-UW-477,-146.97000122070312,624.822998046875,Normal,M,V,0,Normal,None,Unspecified,Unspecified,,"(Id="""")",None,None
7507,7507,JP-MQ-543,-129.36900329589844,673.094970703125,Normal,M,V,0,Normal,None,Unspecified,Unspecified,,"(Id="""")",None,None
7508,7508,JP-TR-615,-88.41500091552734,703.4180297851562,Normal,M,V,0,Normal,None,Unspecified,Unspecified,,"(Id="""")",None,None
7509,7509,JP-XQ-627,-116.47699737548828,743.698974609375,Normal,M,V,0,Normal,None,Unspecified,Unspecified,,"(Id="""")",None,None
7510,7510,JP-WV-629,-148.36399841308594,778.0059814453125,Normal,M,V,0,Normal,None,Unspecified,Unspecified,,"(Id="""")",None,None
7511,7511,JP-NS-698,-127.2770004272461,825.9299926757812,Normal,M,V,0,Normal,None,Unspecified,Unspecified,,"(Id="""")",None,None
7512,7512,JP-AO-741,-133.6009979248047,875.0159912109375,Normal,M,V,0,Normal,None,Unspecified,Unspecified,,"(Id="""")",None,None
7513,7513,JP-CJ-809,-98.66899871826172,908.4420166015625,Normal,M,V,0,Normal,None,Unspecified,Unspecified,,"(Id="""")",None,None
7514,7514,JP-DK-847,-103.48799896240234,950.9019775390625,Normal,M,V,0,Normal,None,Unspecified,Unspecified,,"(Id="""")",None,None
7515,7515,JP-EL-906,-59.520999908447266,965.958984375,Normal,M,V,0,Normal,None,Unspecified,Unspecified,,"(Id="""")",None,None
7516,7516,JP-QW-928,-128.47000122070312,1057.45703125,Normal,M,V,0,Normal,None,Unspecified,Unspecified,,"(Id="""")",None,None
7517,7517,JP-DY-875,-168.8730010986328,1044.156982421875,Normal,M,V,0,Normal,None,Unspecified,Unspecified,,"(Id="""")",None,None
7518,7518,JP-OV-838,-218.55999755859375,1056.7039794921875,Normal,M,V,0,Normal,None,Unspecified,Unspecified,,"(Id="""")",None,None
7519,7519,JP-DL-774,-246.1649932861328,1021.0689697265625,Normal,M,V,0,Normal,None,Unspecified,Unspecified,,"(Id="""")",None,None
7520,7520,JP-MN-123,363.47900390625,872.6829833984375,Normal,M,V,0,Normal,None,Unspecified,Unspecified,,"(Id="""")",None,None
7521,7521,JP-UK-127,375.40399169921875,898.3400268554688,Normal,M,V,0,Normal,None,Unspecified,Unspecified,,"(Id="""")",None,None
7522,7522,JP-NB-130,403.9519958496094,896.5330200195312,Normal,M,V,0,Normal,None,Unspecified,Unspecified,,"(Id="""")",None,None
7523,7523,JP-DJ-131,429.9700012207031,888.9439697265625,Normal,M,V,0,Normal,None,Unspecified,Unspecified,,"(Id="""")",None,None
7524,7524,JP-PO-135,447.3160095214844,908.0969848632812,Normal,M,V,0,Normal,None,Unspecified,Unspecified,,"(Id="""")",None,None
7525,7525,JP-IW-137,439.72698974609375,932.3079833984375,Normal,M,V,0,Normal,None,Unspecified,Unspecified,,"(Id="""")",None,None
7526,7526,JP-CN-140,451.2909851074219,954.3510131835938,Normal,M,V,0,Normal,None,Unspecified,Unspecified,,"(Id="""")",None,None
7527,7527,JP-HR-316,-324.760009765625,641.155029296875,Normal,M,V,0,Normal,None,Unspecified,Unspecified,,"(Id="""")",None,None
7528,7528,JP-WM-432,-284.9960021972656,717.5150146484375,Normal,M,V,0,Normal,None,Unspecified,Unspecified,,"(Id="""")",None,None
7529,7529,JP-TC-493,-242.53599548339844,736.4869995117188,Normal,M,V,0,Normal,None,Unspecified,Unspecified,,"(Id="""")",None,None
7530,7530,JP-RG-528,-257.87200927734375,786.1539916992188,Normal,M,V,0,Normal,None,Unspecified,Unspecified,,"(Id="""")",None,None
7531,7531,JP-KI-489,-310.15301513671875,799.2239990234375,Normal,M,V,0,Normal,None,Unspecified,Unspecified,,"(Id="""")",None,None
7532,7532,JP-GL-513,-331.06500244140625,845.0570068359375,Normal,M,V,0,Normal,None,Unspecified,Unspecified,,"(Id="""")",None,None
7533,7533,JP-ZY-491,-370.10101318359375,861.43798828125,Normal,M,V,0,Normal,None,Unspecified,Unspecified,,"(Id="""")",None,None
7534,7534,JP-SN-471,-412.97198486328125,884.4420166015625,Normal,M,V,0,Normal,None,Unspecified,Unspecified,,"(Id="""")",None,None
7535,7535,JP-CX-540,-391.6510009765625,931.9849853515625,Normal,M,V,0,Normal,None,Unspecified,Unspecified,,"(Id="""")",None,None
7536,7536,JP-NM-603,-343.40899658203125,946.7769775390625,Normal,M,V,0,Normal,None,Unspecified,Unspecified,,"(Id="""")",None,None
7537,7537,JP-EK-656,-342.2040100097656,998.572998046875,Normal,M,V,0,Normal,None,Unspecified,Unspecified,,"(Id="""")",None,None
7538,7538,JP-AD-619,-388.4129943847656,1007.9400024414062,Normal,M,V,0,Normal,None,Unspecified,Unspecified,,"(Id="""")",None,None
7539,7539,JP-GY-609,-425.2550048828125,1034.791015625,Normal,M,V,0,Normal,None,Unspecified,Unspecified,,"(Id="""")",None,None
7540,7540,JP-KU-630,-459.2510070800781,1089.9449462890625,Normal,M,V,0,Normal,None,Unspecified,Unspecified,,"(Id="""")",None,None
7541,7541,JP-TQ-655,-462.8330078125,1118.053955078125,Normal,M,V,0,Normal,None,Unspecified,Unspecified,,"(Id="""")",None,None
7542,7542,JP-CJ-691,-452.14300537109375,1144.125,Normal,M,V,0,Normal,None,Unspecified,Unspecified,,"(Id="""")",None,None
7543,7543,JP-JC-725,-423.8659973144531,1149.7879638671875,Normal,M,V,0,Normal,None,Unspecified,Unspecified,,"(Id="""")",None,None
7544,7544,JP-PN-758,-397.3269958496094,1155.511962890625,Normal,M,V,0,Normal,None,Unspecified,Unspecified,,"(Id="""")",None,None
7545,7545,JP-CC-796,-379.114990234375,1175.2860107421875,Normal,M,V,0,Normal,None,Unspecified,Unspecified,,"(Id="""")",None,None
7546,7546,JP-BB-824,-377.5530090332031,1201.823974609375,Normal,M,V,0,Normal,None,Unspecified,Unspecified,,"(Id="""")",None,None
7547,7547,JP-TG-855,-366.6260070800781,1222.1190185546875,Normal,M,V,0,Normal,None,Unspecified,Unspecified,,"(Id="""")",None,None
7548,7548,JP-DM-876,-340.60699462890625,1216.9150390625,Normal,M,V,0,Normal,None,Unspecified,Unspecified,,"(Id="""")",None,None
7549,7549,JP-EB-908,-335.92401123046875,1243.9739990234375,Normal,M,V,0,Normal,None,Unspecified,Unspecified,,"(Id="""")",None,None
7550,7550,JP-CG-927,-344.25,1271.552978515625,Normal,M,V,0,Normal,None,Unspecified,Unspecified,,"(Id="""")",None,None
7551,7551,JP-RB-962,-324.7359924316406,1287.5980224609375,Normal,M,V,0,Normal,None,Unspecified,Unspecified,,"(Id="""")",None,None
7552,7552,JP-LK-993,-319.5329895019531,1312.7490234375,Normal,M,V,0,Normal,None,Unspecified,Unspecified,,"(Id="""")",None,None
7553,7553,JP-JQ-102,-305.22198486328125,1333.56396484375,Normal,M,V,0,Normal,None,Unspecified,Unspecified,,"(Id="""")",None,None
7554,7554,JP-JX-106,-298.7179870605469,1361.3170166015625,Normal,M,V,0,Normal,None,Unspecified,Unspecified,,"(Id="""")",None,None
7555,7555,JP-QT-109,-278.3370056152344,1376.06005859375,Normal,M,V,0,Normal,None,Unspecified,Unspecified,,"(Id="""")",None,None
7556,7556,JP-GV-112,-273.0849914550781,1402.3919677734375,Normal,M,V,0,Normal,None,Unspecified,Unspecified,,"(Id="""")",None,None
7557,7557,JP-TX-115,-273.36199951171875,1428.1209716796875,Normal,M,V,0,Normal,None,Unspecified,Unspecified,,"(Id="""")",None,None
7558,7558,JP-MT-118,-253.61900329589844,1442.8409423828125,Normal,M,V,0,Normal,None,Unspecified,Unspecified,,"(Id="""")",None,None
7559,7559,JP-GX-121,-254.46299743652344,1470.2320556640625,Normal,M,V,0,Normal,None,Unspecified,Unspecified,,"(Id="""")",None,None
7560,7560,JP-BX-124,-248.74099731445312,1495.8289794921875,Normal,M,V,0,Normal,None,Unspecified,Unspecified,,"(Id="""")",None,None
7561,7561,JP-JG-128,-227.66099548339844,1512.0909423828125,Normal,M,V,0,Normal,None,Unspecified,Unspecified,,"(Id="""")",None,None
7562,7562,JP-LA-131,-225.41099548339844,1540.0810546875,Normal,M,V,0,Normal,None,Unspecified,Unspecified,,"(Id="""")",None,None
7563,7563,JP-VM-135,-202.36599731445312,1556.6590576171875,Normal,M,V,0,Normal,None,Unspecified,Unspecified,,"(Id="""")",None,None
7564,7564,JP-TZ-139,-175.70199584960938,1567.114990234375,Normal,M,V,0,Normal,None,Unspecified,Unspecified,,"(Id="""")",None,None
7565,7565,JP-HP-142,-170.822998046875,1593.779052734375,Normal,M,V,0,Normal,None,Unspecified,Unspecified,,"(Id="""")",None,None
7566,7566,JP-ZD-145,-150.60800170898438,1604.5830078125,Normal,M,V,0,Normal,None,Unspecified,Unspecified,,"(Id="""")",None,None
7567,7567,JP-VD-282,-372.85101318359375,654.8629760742188,Normal,M,V,0,Normal,None,Unspecified,Unspecified,,"(Id="""")",None,None
7568,7568,JP-DS-268,-417.114990234375,685.8829956054688,Normal,M,V,0,Normal,None,Unspecified,Unspecified,,"(Id="""")",None,None
7569,7569,JP-ET-234,-468.00201416015625,702.7869873046875,Normal,M,V,0,Normal,None,Unspecified,Unspecified,,"(Id="""")",None,None
7570,7570,JP-ZT-184,-514.531982421875,698.60498046875,Normal,M,V,0,Normal,None,Unspecified,Unspecified,,"(Id="""")",None,None
7571,7571,JP-US-141,-564.3729858398438,706.27197265625,Normal,M,V,0,Normal,None,Unspecified,Unspecified,,"(Id="""")",None,None
7572,7572,JP-WK-142,-596.7869873046875,739.7319946289062,Normal,M,V,0,Normal,None,Unspecified,Unspecified,,"(Id="""")",None,None
7573,7573,JP-WH-477,-679.2169799804688,727.010986328125,Normal,M,V,0,Normal,None,Unspecified,Unspecified,,"(Id="""")",None,None
7574,7574,JP-JW-112,-636.3469848632812,748.7940063476562,Normal,M,V,0,Normal,None,Unspecified,Unspecified,,"(Id="""")",None,None
7575,7575,JP-UK-157,-688.802001953125,704.530029296875,Normal,M,V,0,Normal,None,Unspecified,Unspecified,,"(Id="""")",None,None
7576,7576,JP-HI-470,-712.9769897460938,665.927001953125,Normal,M,V,0,Normal,None,Unspecified,Unspecified,,"(Id="""")",None,None
7577,7577,JP-AG-860,-748.8759765625,662.7899780273438,Normal,M,V,0,Normal,None,Unspecified,Unspecified,,"(Id="""")",None,None
7578,7578,JP-XL-545,-735.4580078125,680.9140014648438,Normal,M,V,0,Normal,None,Unspecified,Unspecified,,"(Id="""")",None,None
7579,7579,JP-QL-211,-727.760986328125,706.6190185546875,Normal,M,V,0,Normal,None,Unspecified,Unspecified,,"(Id="""")",None,None
7580,7580,JP-OX-561,-769.0050048828125,712.8629760742188,Normal,M,V,0,Normal,None,Unspecified,Unspecified,,"(Id="""")",None,None
7581,7581,JP-XK-593,-788.3200073242188,728.9829711914062,Normal,M,V,0,Normal,None,Unspecified,Unspecified,,"(Id="""")",None,None
7582,7582,JP-QB-196,-746.3499755859375,726.6599731445312,Normal,M,V,0,Normal,None,Unspecified,Unspecified,,"(Id="""")",None,None
7583,7583,JP-TC-135,-749.8350219726562,763.4019775390625,Normal,M,V,0,Normal,None,Unspecified,Unspecified,,"(Id="""")",None,None
7584,7584,JP-ZP-286,-726.5989990234375,755.2689819335938,Normal,M,V,0,Normal,None,Unspecified,Unspecified,,"(Id="""")",None,None
7585,7585,JP-TT-572,-726.5989990234375,732.323974609375,Normal,M,V,0,Normal,None,Unspecified,Unspecified,,"(Id="""")",None,None
7586,7586,JP-PM-813,-680.9979858398438,762.385009765625,Normal,M,V,0,Normal,None,Unspecified,Unspecified,,"(Id="""")",None,None
7587,7587,JP-XJ-632,-708.010009765625,771.2440185546875,Normal,M,V,0,Normal,None,Unspecified,Unspecified,,"(Id="""")",None,None
7588,7588,JP-DR-121,-647.4509887695312,769.2109985351562,Normal,M,V,0,Normal,None,Unspecified,Unspecified,,"(Id="""")",None,None
7589,7589,JP-JB-150,-643.094970703125,793.4630126953125,Normal,M,V,0,Normal,None,Unspecified,Unspecified,,"(Id="""")",None,None
7590,7590,JP-DP-177,-644.1110229492188,821.3460083007812,Normal,M,V,0,Normal,None,Unspecified,Unspecified,,"(Id="""")",None,None
7591,7591,JP-DW-178,-663.7550048828125,842.02099609375,Normal,M,V,0,Normal,None,Unspecified,Unspecified,,"(Id="""")",None,None
7592,7592,JP-EX-825,-713.2479858398438,795.8400268554688,Normal,M,V,0,Normal,None,Unspecified,Unspecified,,"(Id="""")",None,None
7593,7593,JP-IS-115,-683.6220092773438,799.5,Normal,M,V,0,Normal,None,Unspecified,Unspecified,,"(Id="""")",None,None
7594,7594,JP-CQ-145,-680.6589965820312,826.510986328125,Normal,M,V,0,Normal,None,Unspecified,Unspecified,,"(Id="""")",None,None
7595,7595,JP-HS-628,-823.9089965820312,761.0560302734375,Normal,M,V,0,Normal,None,Unspecified,Unspecified,,"(Id="""")",None,None
7596,7596,JP-CT-538,-836.4559936523438,782.594970703125,Normal,M,V,0,Normal,None,Unspecified,Unspecified,,"(Id="""")",None,None
7597,7597,JP-GC-174,-817.635009765625,800.1619873046875,Normal,M,V,0,Normal,None,Unspecified,Unspecified,,"(Id="""")",None,None
7598,7598,JP-WK-176,-842.52099609375,844.2869873046875,Normal,M,V,0,Normal,None,Unspecified,Unspecified,,"(Id="""")",None,None
7599,7599,JP-BV-445,-787.2410278320312,831.781005859375,Normal,M,V,0,Normal,None,Unspecified,Unspecified,,"(Id="""")",None,None
7600,7600,JP-QT-247,-813.2440185546875,838.0130004882812,Normal,M,V,0,Normal,None,Unspecified,Unspecified,,"(Id="""")",None,None
7601,7601,JP-HT-262,-786.0570068359375,783.4320068359375,Normal,M,V,0,Normal,None,Unspecified,Unspecified,,"(Id="""")",None,None
7602,7602,JP-CA-331,-789.6129760742188,756.4550170898438,Normal,M,V,0,Normal,None,Unspecified,Unspecified,,"(Id="""")",None,None
7603,7603,JP-UU-274,-759.9169921875,787.405029296875,Normal,M,V,0,Normal,None,Unspecified,Unspecified,,"(Id="""")",None,None
7604,7604,JP-KS-611,-760.3350219726562,821.4920043945312,Normal,M,V,0,Normal,None,Unspecified,Unspecified,,"(Id="""")",None,None
7605,7605,JP-CG-655,-739.4229736328125,804.9719848632812,Normal,M,V,0,Normal,None,Unspecified,Unspecified,,"(Id="""")",None,None
7606,7606,JP-CO-129,-713.9099731445312,843.6589965820312,Normal,M,V,0,Normal,None,Unspecified,Unspecified,,"(Id="""")",None,None
7607,7607,JP-IZ-987,-742.97802734375,841.7769775390625,Normal,M,V,0,Normal,None,Unspecified,Unspecified,,"(Id="""")",None,None
7608,7608,JP-UA-159,-708.6820068359375,867.9180297851562,Normal,M,V,0,Normal,None,Unspecified,Unspecified,,"(Id="""")",None,None
7609,7609,JP-ET-111,-752.3889770507812,864.3629760742188,Normal,M,V,0,Normal,None,Unspecified,Unspecified,,"(Id="""")",None,None
7610,7610,JP-TB-981,-726.666015625,824.8380126953125,Normal,M,V,0,Normal,None,Unspecified,Unspecified,,"(Id="""")",None,None
7611,7611,JP-ZK-628,-796.3049926757812,859.135009765625,Normal,M,V,0,Normal,None,Unspecified,Unspecified,,"(Id="""")",None,None
7612,7612,JP-JB-129,-758.4010009765625,887.8889770507812,Normal,M,V,0,Normal,None,Unspecified,Unspecified,,"(Id="""")",None,None
7613,7613,JP-RV-715,-813.8770141601562,885.4199829101562,Normal,M,V,0,Normal,None,Unspecified,Unspecified,,"(Id="""")",None,None
7614,7614,JP-HV-310,-848.0050048828125,879.031005859375,Normal,M,V,0,Normal,None,Unspecified,Unspecified,,"(Id="""")",None,None
7615,7615,JP-MT-862,-837.1129760742188,923.323974609375,Normal,M,V,0,Normal,None,Unspecified,Unspecified,,"(Id="""")",None,None
7616,7616,JP-PO-116,-822.2999877929688,938.718017578125,Normal,M,V,0,Normal,None,Unspecified,Unspecified,,"(Id="""")",None,None
7617,7617,JP-MK-165,-782.218017578125,948.1580200195312,Normal,M,V,0,Normal,None,Unspecified,Unspecified,,"(Id="""")",None,None
7618,7618,JP-IK-150,-764.35498046875,914.7559814453125,Normal,M,V,0,Normal,None,Unspecified,Unspecified,,"(Id="""")",None,None
7619,7619,JP-TE-121,-789.6240234375,910.8350219726562,Normal,M,V,0,Normal,None,Unspecified,Unspecified,,"(Id="""")",None,None
7620,7620,JP-CO-131,-798.4829711914062,930.0050048828125,Normal,M,V,0,Normal,None,Unspecified,Unspecified,,"(Id="""")",None,None
7621,7621,JP-IL-957,-815.3289794921875,911.125,Normal,M,V,0,Normal,None,Unspecified,Unspecified,,"(Id="""")",None,None
7622,7622,JP-NA-200,-734.2940063476562,934.47802734375,Normal,M,V,0,Normal,None,Unspecified,Unspecified,,"(Id="""")",None,None
7623,7623,JP-QO-275,-695.9539794921875,971.073974609375,Normal,M,V,0,Normal,None,Unspecified,Unspecified,,"(Id="""")",None,None
7624,7624,JP-MH-302,-715.1240234375,1017.60400390625,Normal,M,V,0,Normal,None,Unspecified,Unspecified,,"(Id="""")",None,None
7625,7625,JP-JV-305,-686.02099609375,991.9869995117188,Normal,M,V,0,Normal,None,Unspecified,Unspecified,,"(Id="""")",None,None
7626,7626,JP-GJ-336,-704.4240112304688,1040.9210205078125,Normal,M,V,0,Normal,None,Unspecified,Unspecified,,"(Id="""")",None,None
7627,7627,JP-BP-284,-741.1950073242188,1025.4119873046875,Normal,M,V,0,Normal,None,Unspecified,Unspecified,,"(Id="""")",None,None
7628,7628,JP-TW-289,-753.916015625,1043.012939453125,Normal,M,V,0,Normal,None,Unspecified,Unspecified,,"(Id="""")",None,None
7629,7629,JP-KB-312,-754.2650146484375,1066.364990234375,Normal,M,V,0,Normal,None,Unspecified,Unspecified,,"(Id="""")",None,None
7630,7630,JP-JZ-351,-726.0330200195312,1077.1700439453125,Normal,M,V,0,Normal,None,Unspecified,Unspecified,,"(Id="""")",None,None
7631,7631,JP-OP-357,-707.0380249023438,1064.447998046875,Normal,M,V,0,Normal,None,Unspecified,Unspecified,,"(Id="""")",None,None
7632,7632,JP-GJ-390,-688.9140014648438,1079.43505859375,Normal,M,V,0,Normal,None,Unspecified,Unspecified,,"(Id="""")",None,None
7633,7633,JP-QO-440,-689.2620239257812,1129.7989501953125,Normal,M,V,0,Normal,None,Unspecified,Unspecified,,"(Id="""")",None,None
7634,7634,JP-CX-420,-667.47900390625,1087.6259765625,Normal,M,V,0,Normal,None,Unspecified,Unspecified,,"(Id="""")",None,None
7635,7635,JP-RK-484,-644.5919799804688,1129.4840087890625,Normal,M,V,0,Normal,None,Unspecified,Unspecified,,"(Id="""")",None,None
7636,7636,JP-HZ-525,-585.1859741210938,1110.77197265625,Normal,M,V,0,Normal,None,Unspecified,Unspecified,,"(Id="""")",None,None
7637,7637,JP-QG-553,-534.239013671875,1087.9410400390625,Normal,M,V,0,Normal,None,Unspecified,Unspecified,,"(Id="""")",None,None
7638,7638,JP-TP-599,-484.989013671875,1084.011962890625,Normal,M,V,0,Normal,None,Unspecified,Unspecified,,"(Id="""")",None,None
7639,7639,JP-WI-462,-708.7470092773438,1170.9129638671875,Normal,M,V,0,Normal,None,Unspecified,Unspecified,,"(Id="""")",None,None
7640,7640,JP-MC-519,-693.135009765625,1212.54296875,Normal,M,V,0,Normal,None,Unspecified,Unspecified,,"(Id="""")",None,None
7641,7641,JP-KA-551,-706.6649780273438,1257.81494140625,Normal,M,V,0,Normal,None,Unspecified,Unspecified,,"(Id="""")",None,None
7642,7642,JP-NR-572,-717.593017578125,1290.0770263671875,Normal,M,V,0,Normal,None,Unspecified,Unspecified,,"(Id="""")",None,None
7643,7643,JP-NH-578,-744.6519775390625,1322.8599853515625,Normal,M,V,0,Normal,None,Unspecified,Unspecified,,"(Id="""")",None,None
7644,7644,JP-NW-632,-744.6519775390625,1377.4990234375,Normal,M,V,0,Normal,None,Unspecified,Unspecified,,"(Id="""")",None,None
7645,7645,JP-RM-682,-701.9819946289062,1384.7840576171875,Normal,M,V,0,Normal,None,Unspecified,Unspecified,,"(Id="""")",None,None
7646,7646,JP-AS-755,-656.8109741210938,1412.18701171875,Normal,M,V,0,Normal,None,Unspecified,Unspecified,,"(Id="""")",None,None
7647,7647,JP-VD-798,-631.2139892578125,1429.9549560546875,Normal,M,V,0,Normal,None,Unspecified,Unspecified,,"(Id="""")",None,None
7648,7648,JP-ZT-856,-586.0440063476562,1442.60205078125,Normal,M,V,0,Normal,None,Unspecified,Unspecified,,"(Id="""")",None,None
7649,7649,JP-GE-911,-534.8499755859375,1446.2159423828125,Normal,M,V,0,Normal,None,Unspecified,Unspecified,,"(Id="""")",None,None
7650,7650,JP-KB-977,-507.1449890136719,1484.4610595703125,Normal,M,V,0,Normal,None,Unspecified,Unspecified,,"(Id="""")",None,None
7651,7651,JP-MO-103,-454.1449890136719,1486.8699951171875,Normal,M,V,0,Normal,None,Unspecified,Unspecified,,"(Id="""")",None,None
7652,7652,JP-QY-110,-424.031005859375,1526.9210205078125,Normal,M,V,0,Normal,None,Unspecified,Unspecified,,"(Id="""")",None,None
7653,7653,JP-OH-115,-374.0419921875,1533.2449951171875,Normal,M,V,0,Normal,None,Unspecified,Unspecified,,"(Id="""")",None,None
7654,7654,JP-SW-120,-376.1499938964844,1585.342041015625,Normal,M,V,0,Normal,None,Unspecified,Unspecified,,"(Id="""")",None,None
7655,7655,JP-VE-127,-334.5929870605469,1606.4219970703125,Normal,M,V,0,Normal,None,Unspecified,Unspecified,,"(Id="""")",None,None
7656,7656,JP-AC-133,-324.35400390625,1658.217041015625,Normal,M,V,0,Normal,None,Unspecified,Unspecified,,"(Id="""")",None,None
7657,7657,JP-PH-141,-284.60400390625,1694.9560546875,Normal,M,V,0,Normal,None,Unspecified,Unspecified,,"(Id="""")",None,None
7658,7658,JP-PN-190,160.51499938964844,1747.4119873046875,Normal,M,V,0,Normal,None,Unspecified,Unspecified,,"(Id="""")",None,None
7659,7659,JP-CO-151,-192.58999633789062,1707.7130126953125,Normal,M,V,0,Normal,None,Unspecified,Unspecified,,"(Id="""")",None,None
7660,7660,JP-WK-156,-194.0540008544922,1757.9029541015625,Normal,M,V,0,Normal,None,Unspecified,Unspecified,,"(Id="""")",None,None
7661,7661,JP-BG-159,-186.8769989013672,1778.2330322265625,Normal,M,V,0,Normal,None,Unspecified,Unspecified,,"(Id="""")",None,None
7662,7662,JP-HE-623,196.98699951171875,426.1159973144531,Normal,M,V,0,Normal,None,Unspecified,Unspecified,,"(Id="""")",None,None
7663,7663,JP-KO-687,405.54998779296875,281.8699951171875,Normal,M,V,0,Normal,None,Unspecified,Unspecified,,"(Id="""")",None,None
7664,7664,JP-DN-292,424.1619873046875,-453.40899658203125,Normal,M,V,0,Normal,None,Unspecified,Unspecified,,"(Id="""")",None,None
7665,7665,JP-GA-838,317.0899963378906,-400.9179992675781,Normal,M,V,0,Normal,None,Unspecified,Unspecified,,"(Id="""")",None,None
7666,7666,JP-JS-118,292.5469970703125,-410.9389953613281,Normal,M,V,0,Normal,None,Unspecified,Unspecified,,"(Id="""")",None,None
7667,7667,JP-XK-343,358.625,-392.9309997558594,Normal,M,V,0,Normal,None,Unspecified,Unspecified,,"(Id="""")",None,None
7668,7668,JP-RV-809,374.5989990234375,-455.52301025390625,Normal,M,V,0,Normal,None,Unspecified,Unspecified,,"(Id="""")",None,None
7669,7669,JP-LO-133,473.5790100097656,-340.3030090332031,Normal,M,V,0,Normal,None,Unspecified,Unspecified,,"(Id="""")",None,None
7670,7670,JP-CH-485,466.5929870605469,-418.0480041503906,Normal,M,V,0,Normal,None,Unspecified,Unspecified,,"(Id="""")",None,None
7671,7671,JP-OQ-272,470.8590087890625,-443.6449890136719,Normal,M,V,0,Normal,None,Unspecified,Unspecified,,"(Id="""")",None,None
7672,7672,JP-BM-857,524.302001953125,-438.56201171875,Normal,M,V,0,Normal,None,Unspecified,Unspecified,,"(Id="""")",None,None
7673,7673,JP-MX-922,507.3380126953125,-415.0929870605469,Normal,M,V,0,Normal,None,Unspecified,Unspecified,,"(Id="""")",None,None
7674,7674,JP-CP-611,498.74200439453125,-437.5450134277344,Normal,M,V,0,Normal,None,Unspecified,Unspecified,,"(Id="""")",None,None
7675,7675,JP-OM-317,391.2770080566406,-423.06201171875,Normal,M,V,0,Normal,None,Unspecified,Unspecified,,"(Id="""")",None,None
7676,7676,JP-QR-121,350.49798583984375,-472.3800048828125,Normal,M,V,0,Normal,None,Unspecified,Unspecified,,"(Id="""")",None,None
7677,7677,JP-IA-243,263.5369873046875,-507.40899658203125,Normal,M,V,0,Normal,None,Unspecified,Unspecified,,"(Id="""")",None,None
7678,7678,JP-AG-205,285.66900634765625,-490.6789855957031,Normal,M,V,0,Normal,None,Unspecified,Unspecified,,"(Id="""")",None,None
7679,7679,JP-IL-175,288.1090087890625,-463.4930114746094,Normal,M,V,0,Normal,None,Unspecified,Unspecified,,"(Id="""")",None,None
7680,7680,JP-PZ-626,-284.54901123046875,-342.39300537109375,Normal,M,V,0,Normal,None,Unspecified,Unspecified,,"(Id="""")",None,None
7681,7681,JP-CG-665,-300.2340087890625,-364.87298583984375,Normal,M,V,0,Normal,None,Unspecified,Unspecified,,"(Id="""")",None,None
7682,7682,JP-QU-666,-345.54400634765625,-321.3059997558594,Normal,M,V,0,Normal,None,Unspecified,Unspecified,,"(Id="""")",None,None
7683,7683,JP-VI-717,-376.6099853515625,-341.1369934082031,Normal,M,V,0,Normal,None,Unspecified,Unspecified,,"(Id="""")",None,None
7684,7684,JP-EG-699,-350.7720031738281,-348.84100341796875,Normal,M,V,0,Normal,None,Unspecified,Unspecified,,"(Id="""")",None,None
7685,7685,JP-PU-723,-347.46099853515625,-376.375,Normal,M,V,0,Normal,None,Unspecified,Unspecified,,"(Id="""")",None,None
7686,7686,JP-CP-696,-447.5780029296875,-249.3159942626953,Normal,M,V,0,Normal,None,Unspecified,Unspecified,,"(Id="""")",None,None
7687,7687,JP-MP-724,-454.114013671875,-270.72601318359375,Normal,M,V,0,Normal,None,Unspecified,Unspecified,,"(Id="""")",None,None
7688,7688,JP-WL-659,-438.0710144042969,-221.56900024414062,Normal,M,V,0,Normal,None,Unspecified,Unspecified,,"(Id="""")",None,None
7689,7689,JP-EV-691,-417.76800537109375,-273.9949951171875,Normal,M,V,0,Normal,None,Unspecified,Unspecified,,"(Id="""")",None,None
7690,7690,JP-TM-672,-424.9129943847656,-247.85499572753906,Normal,M,V,0,Normal,None,Unspecified,Unspecified,,"(Id="""")",None,None
7691,7691,JP-MO-657,654.3709716796875,2.885999917984009,Normal,M,V,0,Normal,None,Unspecified,Unspecified,,"(Id="""")",None,None
7692,7692,JP-ZT-690,656.0859985351562,34.553001403808594,Normal,M,V,0,Normal,None,Unspecified,Unspecified,,"(Id="""")",None,None
7693,7693,JP-LS-678,632.4869995117188,45.54600143432617,Normal,M,V,0,Normal,None,Unspecified,Unspecified,,"(Id="""")",None,None
7694,7694,JP-KX-748,659.35302734375,88.75,Normal,M,V,0,Normal,None,Unspecified,Unspecified,,"(Id="""")",None,None
7695,7695,JP-KM-239,226.98899841308594,-466.86700439453125,Normal,M,V,0,Normal,None,Unspecified,Unspecified,,"(Id="""")",None,None
7696,7696,JP-OA-248,241.87399291992188,-489.98199462890625,Normal,M,V,0,Normal,None,Unspecified,Unspecified,,"(Id="""")",None,None
7697,7697,JP-YC-161,581.8189697265625,-420.4939880371094,Normal,M,V,0,Normal,None,Unspecified,Unspecified,,"(Id="""")",None,None
7698,7698,JP-DI-192,584.8309936523438,-392.18701171875,Normal,M,V,0,Normal,None,Unspecified,Unspecified,,"(Id="""")",None,None
7699,7699,JP-AH-245,596.8759765625,-350.9309997558594,Normal,M,V,0,Normal,None,Unspecified,Unspecified,,"(Id="""")",None,None
7700,7700,JP-QD-207,573.6890258789062,-365.98699951171875,Normal,M,V,0,Normal,None,Unspecified,Unspecified,,"(Id="""")",None,None
7701,7701,JP-TX-186,546.0479736328125,-359.2659912109375,Normal,M,V,0,Normal,None,Unspecified,Unspecified,,"(Id="""")",None,None
7702,7702,JP-AU-157,517.3759765625,-359.9649963378906,Normal,M,V,0,Normal,None,Unspecified,Unspecified,,"(Id="""")",None,None
7703,7703,JP-KB-195,530.489013671875,-334.6730041503906,Normal,M,V,0,Normal,None,Unspecified,Unspecified,,"(Id="""")",None,None
7704,7704,JP-ES-232,542.0,-309.125,Normal,M,V,0,Normal,None,Unspecified,Unspecified,,"(Id="""")",None,None
7705,7705,JP-DP-231,520.7990112304688,-289.51800537109375,Normal,M,V,0,Normal,None,Unspecified,Unspecified,,"(Id="""")",None,None
7706,7706,JP-BN-367,636.3090209960938,-269.2359924316406,Normal,M,V,0,Normal,None,Unspecified,Unspecified,,"(Id="""")",None,None
7707,7707,JP-RD-513,677.6699829101562,-163.83900451660156,Normal,M,V,0,Normal,None,Unspecified,Unspecified,,"(Id="""")",None,None
7708,7708,JP-OO-644,696.9849853515625,-52.305999755859375,Normal,M,V,0,Normal,None,Unspecified,Unspecified,,"(Id="""")",None,None
7709,7709,JP-HX-663,688.1270141601562,-24.42300033569336,Normal,M,V,0,Normal,None,Unspecified,Unspecified,,"(Id="""")",None,None
7710,7710,JP-KD-701,701.197021484375,0.4099999964237213,Normal,M,V,0,Normal,None,Unspecified,Unspecified,,"(Id="""")",None,None
7711,7711,JP-XH-602,665.8330078125,-63.70500183105469,Normal,M,V,0,Normal,None,Unspecified,Unspecified,,"(Id="""")",None,None
7712,7712,JP-VD-574,636.0679931640625,-62.029998779296875,Normal,M,V,0,Normal,None,Unspecified,Unspecified,,"(Id="""")",None,None
7713,7713,JP-GC-156,-67.16300201416016,1628.6700439453125,Normal,M,V,0,Normal,None,Unspecified,Unspecified,,"(Id="""")",None,None
7714,7714,JP-RJ-158,-66.06300354003906,1655.2569580078125,Normal,M,V,0,Normal,None,Unspecified,Unspecified,,"(Id="""")",None,None
7715,7715,JP-LO-161,-60.91999816894531,1678.2530517578125,Normal,M,V,0,Normal,None,Unspecified,Unspecified,,"(Id="""")",None,None
7716,7716,JP-LX-780,475.6300048828125,305.0870056152344,Normal,M,V,0,Normal,None,Unspecified,Unspecified,,"(Id="""")",None,None
7717,7717,JP-EQ-751,449.0710144042969,302.15899658203125,Normal,M,V,0,Normal,None,Unspecified,Unspecified,,"(Id="""")",None,None
7718,7718,JP-SO-844,-494.93701171875,-349.82501220703125,Normal,M,V,0,Normal,None,Unspecified,Unspecified,,"(Id="""")",None,None
7719,7719,JP-OE-882,-519.822021484375,-362.5820007324219,Normal,M,V,0,Normal,None,Unspecified,Unspecified,,"(Id="""")",None,None
7720,7720,JP-KK-920,-542.198974609375,-378.6839904785156,Normal,M,V,0,Normal,None,Unspecified,Unspecified,,"(Id="""")",None,None
7721,7721,JP-NS-914,-558.0919799804688,-356.3080139160156,Normal,M,V,0,Normal,None,Unspecified,Unspecified,,"(Id="""")",None,None
7722,7722,JP-UV-272,-733.7830200195312,1005.9219970703125,Normal,M,V,0,Normal,None,Unspecified,Unspecified,,"(Id="""")",None,None
7723,7723,JP-LA-205,-758.4829711914062,964.1729736328125,Normal,M,V,0,Normal,None,Unspecified,Unspecified,,"(Id="""")",None,None
7724,7724,JP-KU-243,-738.343994140625,981.6110229492188,Normal,M,V,0,Normal,None,Unspecified,Unspecified,,"(Id="""")",None,None
7725,7725,JP-OQ-109,-393.99700927734375,1492.14501953125,Normal,M,V,0,Normal,None,Unspecified,Unspecified,,"(Id="""")",None,None
7726,7726,JP-BD-109,-375.97698974609375,1469.7669677734375,Normal,M,V,0,Normal,None,Unspecified,Unspecified,,"(Id="""")",None,None
7727,7727,JP-XN-107,-367.385009765625,1443.512939453125,Normal,M,V,0,Normal,None,Unspecified,Unspecified,,"(Id="""")",None,None
7728,7728,JP-HN-107,-350.4209899902344,1420.717041015625,Normal,M,V,0,Normal,None,Unspecified,Unspecified,,"(Id="""")",None,None
7729,7729,JP-CW-104,-345.86199951171875,1392.885009765625,Normal,M,V,0,Normal,None,Unspecified,Unspecified,,"(Id="""")",None,None
7730,7730,JP-OH-100,-358.90301513671875,1367.968017578125,Normal,M,V,0,Normal,None,Unspecified,Unspecified,,"(Id="""")",None,None
7731,7731,JP-LW-971,-373.4289855957031,1344.6419677734375,Normal,M,V,0,Normal,None,Unspecified,Unspecified,,"(Id="""")",None,None
7732,7732,JP-HQ-943,-351.7460021972656,1295.3380126953125,Normal,M,V,0,Normal,None,Unspecified,Unspecified,,"(Id="""")",None,None
7733,7733,JP-DD-957,-362.614013671875,1319.7249755859375,Normal,M,V,0,Normal,None,Unspecified,Unspecified,,"(Id="""")",None,None
7734,7734,JP-IA-149,-152.07899475097656,1644.3360595703125,Normal,M,V,0,Normal,None,Unspecified,Unspecified,,"(Id="""")",None,None
7735,7735,JP-MA-150,-159.8070068359375,1668.5970458984375,Normal,M,V,0,Normal,None,Unspecified,Unspecified,,"(Id="""")",None,None
7736,7736,JP-ZB-150,-181.3730010986328,1684.282958984375,Normal,M,V,0,Normal,None,Unspecified,Unspecified,,"(Id="""")",None,None
7737,7737,JP-NA-868,-325.03399658203125,1194.012939453125,Normal,M,V,0,Normal,None,Unspecified,Unspecified,,"(Id="""")",None,None
7738,7738,JP-QG-843,-324.1180114746094,1167.446044921875,Normal,M,V,0,Normal,None,Unspecified,Unspecified,,"(Id="""")",None,None
7739,7739,JP-MA-839,-307.62799072265625,1146.833984375,Normal,M,V,0,Normal,None,Unspecified,Unspecified,,"(Id="""")",None,None
7740,7740,JP-TG-804,-314.0409851074219,1118.43603515625,Normal,M,V,0,Normal,None,Unspecified,Unspecified,,"(Id="""")",None,None
7741,7741,JP-TW-792,-303.5060119628906,1095.991943359375,Normal,M,V,0,Normal,None,Unspecified,Unspecified,,"(Id="""")",None,None
7742,7742,JP-VV-759,-310.8349914550781,1070.7989501953125,Normal,M,V,0,Normal,None,Unspecified,Unspecified,,"(Id="""")",None,None
7743,7743,JP-MI-746,-298.9259948730469,1045.1490478515625,Normal,M,V,0,Normal,None,Unspecified,Unspecified,,"(Id="""")",None,None
7744,7744,JP-ZS-723,-298.0090026855469,1021.3309936523438,Normal,M,V,0,Normal,None,Unspecified,Unspecified,,"(Id="""")",None,None
7745,7745,JP-KE-192,-563.6909790039062,370.9490051269531,Normal,M,V,0,Normal,None,Unspecified,Unspecified,,"(Id="""")",None,None
7746,7746,JP-LS-216,-590.073974609375,373.6969909667969,Normal,M,V,0,Normal,None,Unspecified,Unspecified,,"(Id="""")",None,None
7747,7747,JP-RC-210,-606.5640258789062,395.6830139160156,Normal,M,V,0,Normal,None,Unspecified,Unspecified,,"(Id="""")",None,None
7748,7748,JP-ZR-238,-634.0469970703125,395.6830139160156,Normal,M,V,0,Normal,None,Unspecified,Unspecified,,"(Id="""")",None,None
7749,7749,JP-LE-272,-657.6820068359375,385.239990234375,Normal,M,V,0,Normal,None,Unspecified,Unspecified,,"(Id="""")",None,None
7750,7750,JP-RH-285,-681.8660278320312,396.2330017089844,Normal,M,V,0,Normal,None,Unspecified,Unspecified,,"(Id="""")",None,None
7751,7751,JP-SJ-309,-708.7999877929688,398.9809875488281,Normal,M,V,0,Normal,None,Unspecified,Unspecified,,"(Id="""")",None,None
7752,7752,JP-JO-295,-719.7930297851562,424.2650146484375,Normal,M,V,0,Normal,None,Unspecified,Unspecified,,"(Id="""")",None,None
7753,7753,JP-QA-281,-729.1370239257812,447.8999938964844,Normal,M,V,0,Normal,None,Unspecified,Unspecified,,"(Id="""")",None,None
7754,7754,JP-QX-601,-922.614990234375,321.4800109863281,Normal,M,V,0,Normal,None,Unspecified,Unspecified,,"(Id="""")",None,None
7755,7755,JP-WA-563,-901.1790161132812,337.968994140625,Normal,M,V,0,Normal,None,Unspecified,Unspecified,,"(Id="""")",None,None
7756,7756,JP-AC-529,-891.8350219726562,362.7040100097656,Normal,M,V,0,Normal,None,Unspecified,Unspecified,,"(Id="""")",None,None
7757,7757,JP-DI-495,-884.1389770507812,388.5379943847656,Normal,M,V,0,Normal,None,Unspecified,Unspecified,,"(Id="""")",None,None
7758,7758,JP-OO-457,-861.60400390625,403.9280090332031,Normal,M,V,0,Normal,None,Unspecified,Unspecified,,"(Id="""")",None,None
7759,7759,JP-BM-427,-834.1209716796875,406.6759948730469,Normal,M,V,0,Normal,None,Unspecified,Unspecified,,"(Id="""")",None,None
7760,7760,JP-DW-392,-812.135009765625,419.8680114746094,Normal,M,V,0,Normal,None,Unspecified,Unspecified,,"(Id="""")",None,None
7761,7761,JP-EQ-353,-796.7440185546875,442.9530029296875,Normal,M,V,0,Normal,None,Unspecified,Unspecified,,"(Id="""")",None,None
7762,7762,JP-RH-317,-775.3079833984375,457.79400634765625,Normal,M,V,0,Normal,None,Unspecified,Unspecified,,"(Id="""")",None,None
7763,7763,JP-PI-300,-784.1019897460938,483.62799072265625,Normal,M,V,0,Normal,None,Unspecified,Unspecified,,"(Id="""")",None,None
7764,7764,JP-KL-263,-770.9110107421875,507.26300048828125,Normal,M,V,0,Normal,None,Unspecified,Unspecified,,"(Id="""")",None,None
7765,7765,JP-BZ-226,-749.4739990234375,523.2030029296875,Normal,M,V,0,Normal,None,Unspecified,Unspecified,,"(Id="""")",None,None
7766,7766,JP-VI-203,-753.8709716796875,550.6859741210938,Normal,M,V,0,Normal,None,Unspecified,Unspecified,,"(Id="""")",None,None
7767,7767,JP-JM-166,-732.4349975585938,566.0759887695312,Normal,M,V,0,Normal,None,Unspecified,Unspecified,,"(Id="""")",None,None
7768,7768,JP-NK-132,-724.739990234375,592.458984375,Normal,M,V,0,Normal,None,Unspecified,Unspecified,,"(Id="""")",None,None
7769,7769,JP-NH-105,-725.2890014648438,619.3930053710938,Normal,M,V,0,Normal,None,Unspecified,Unspecified,,"(Id="""")",None,None
7770,7770,JP-EM-210,-684.8560180664062,895.4439697265625,Normal,M,V,0,Normal,None,Unspecified,Unspecified,,"(Id="""")",None,None
7771,7771,JP-SC-228,-694.85498046875,923.2449951171875,Normal,M,V,0,Normal,None,Unspecified,Unspecified,,"(Id="""")",None,None
7772,7772,JP-WJ-269,-673.1729736328125,942.958984375,Normal,M,V,0,Normal,None,Unspecified,Unspecified,,"(Id="""")",None,None
7773,7773,JP-DJ-144,457.57501220703125,988.3579711914062,Normal,M,V,0,Normal,None,Unspecified,Unspecified,,"(Id="""")",None,None
7774,7774,JP-OJ-148,467.468994140625,1015.4010009765625,Normal,M,V,0,Normal,None,Unspecified,Unspecified,,"(Id="""")",None,None
7775,7775,JP-OL-152,488.57598876953125,1033.8690185546875,Normal,M,V,0,Normal,None,Unspecified,Unspecified,,"(Id="""")",None,None
7776,7776,JP-QY-155,499.1289978027344,1058.9339599609375,Normal,M,V,0,Normal,None,Unspecified,Unspecified,,"(Id="""")",None,None
7777,7777,JP-AU-159,521.9249877929688,1073.1810302734375,Normal,M,V,0,Normal,None,Unspecified,Unspecified,,"(Id="""")",None,None
7778,7778,JP-CC-162,547.5689697265625,1079.8289794921875,Normal,M,V,0,Normal,None,Unspecified,Unspecified,,"(Id="""")",None,None
7779,7779,JP-RB-166,557.0670166015625,1105.4739990234375,Normal,M,V,0,Normal,None,Unspecified,Unspecified,,"(Id="""")",None,None
7780,7780,JP-YJ-168,558.9669799804688,1129.218994140625,Normal,M,V,0,Normal,None,Unspecified,Unspecified,,"(Id="""")",None,None
7781,7781,JP-QE-172,576.06298828125,1148.2149658203125,Normal,M,V,0,Normal,None,Unspecified,Unspecified,,"(Id="""")",None,None
7782,7782,JP-WW-176,596.958984375,1163.4119873046875,Normal,M,V,0,Normal,None,Unspecified,Unspecified,,"(Id="""")",None,None
7783,7783,JP-GS-179,599.8079833984375,1191.906005859375,Normal,M,V,0,Normal,None,Unspecified,Unspecified,,"(Id="""")",None,None
7784,7784,JP-TS-182,625.4530029296875,1204.2530517578125,Normal,M,V,0,Normal,None,Unspecified,Unspecified,,"(Id="""")",None,None
7785,7785,JP-VD-185,626.77197265625,1231.9560546875,Normal,M,V,0,Normal,None,Unspecified,Unspecified,,"(Id="""")",None,None
7786,7786,JP-AU-189,645.2410278320312,1251.7440185546875,Normal,M,V,0,Normal,None,Unspecified,Unspecified,,"(Id="""")",None,None
7787,7787,JP-HR-192,649.8579711914062,1274.1700439453125,Normal,M,V,0,Normal,None,Unspecified,Unspecified,,"(Id="""")",None,None
7788,7788,JP-EB-195,662.3900146484375,1297.2550048828125,Normal,M,V,0,Normal,None,Unspecified,Unspecified,,"(Id="""")",None,None
7789,7789,JP-UJ-199,690.093017578125,1302.531982421875,Normal,M,V,0,Normal,None,Unspecified,Unspecified,,"(Id="""")",None,None
7790,7790,JP-CG-203,710.5399780273438,1319.6810302734375,Normal,M,V,0,Normal,None,Unspecified,Unspecified,,"(Id="""")",None,None
7791,7791,JP-UA-206,732.9660034179688,1332.873046875,Normal,M,V,0,Normal,None,Unspecified,Unspecified,,"(Id="""")",None,None
7792,7792,JP-WQ-209,758.801025390625,1340.26904296875,Normal,M,V,0,Normal,None,Unspecified,Unspecified,,"(Id="""")",None,None
7793,7793,JP-KW-213,734.552001953125,1401.3399658203125,Normal,M,V,0,Normal,None,Unspecified,Unspecified,,"(Id="""")",None,None
7794,7794,JP-HO-212,760.3670043945312,1366.362060546875,Normal,M,V,0,Normal,None,Unspecified,Unspecified,,"(Id="""")",None,None
7795,7795,JP-KL-210,717.1489868164062,1386.093017578125,Normal,M,V,0,Normal,None,Unspecified,Unspecified,,"(Id="""")",None,None
7796,7796,JP-TM-210,699.6079711914062,1405.512939453125,Normal,M,V,0,Normal,None,Unspecified,Unspecified,,"(Id="""")",None,None
7797,7797,JP-JW-207,673.7449951171875,1404.572998046875,Normal,M,V,0,Normal,None,Unspecified,Unspecified,,"(Id="""")",None,None
7798,7798,JP-VN-207,658.4500122070312,1419.760009765625,Normal,M,V,0,Normal,None,Unspecified,Unspecified,,"(Id="""")",None,None
7799,7799,JP-GZ-208,644.2020263671875,1442.7130126953125,Normal,M,V,0,Normal,None,Unspecified,Unspecified,,"(Id="""")",None,None
7800,7800,JP-CM-205,618.8740234375,1438.7559814453125,Normal,M,V,0,Normal,None,Unspecified,Unspecified,,"(Id="""")",None,None
7801,7801,JP-QW-206,605.4190063476562,1462.5009765625,Normal,M,V,0,Normal,None,Unspecified,Unspecified,,"(Id="""")",None,None
7802,7802,JP-OK-203,580.8820190429688,1452.2110595703125,Normal,M,V,0,Normal,None,Unspecified,Unspecified,,"(Id="""")",None,None
7803,7803,JP-KW-201,553.9710083007812,1459.3349609375,Normal,M,V,0,Normal,None,Unspecified,Unspecified,,"(Id="""")",None,None
7804,7804,JP-SK-201,534.1829833984375,1479.9139404296875,Normal,M,V,0,Normal,None,Unspecified,Unspecified,,"(Id="""")",None,None
7805,7805,JP-QA-199,505.6889953613281,1486.2459716796875,Normal,M,V,0,Normal,None,Unspecified,Unspecified,,"(Id="""")",None,None
7806,7806,JP-JJ-198,482.7869873046875,1503.740966796875,Normal,M,V,0,Normal,None,Unspecified,Unspecified,,"(Id="""")",None,None
7807,7807,JP-ZS-196,456.0679931640625,1510.6109619140625,Normal,M,V,0,Normal,None,Unspecified,Unspecified,,"(Id="""")",None,None
7808,7808,JP-PP-193,427.8219909667969,1509.0849609375,Normal,M,V,0,Normal,None,Unspecified,Unspecified,,"(Id="""")",None,None
7809,7809,JP-IG-193,406.8280029296875,1528.1700439453125,Normal,M,V,0,Normal,None,Unspecified,Unspecified,,"(Id="""")",None,None
7810,7810,JP-NK-190,380.4440002441406,1527.6199951171875,Normal,M,V,0,Normal,None,Unspecified,Unspecified,,"(Id="""")",None,None
7811,7811,JP-LE-188,352.9620056152344,1531.468017578125,Normal,M,V,0,Normal,None,Unspecified,Unspecified,,"(Id="""")",None,None
7812,7812,JP-JL-186,326.5780029296875,1536.4150390625,Normal,M,V,0,Normal,None,Unspecified,Unspecified,,"(Id="""")",None,None
7813,7813,JP-LP-183,298.5459899902344,1535.864990234375,Normal,M,V,0,Normal,None,Unspecified,Unspecified,,"(Id="""")",None,None
7814,7814,JP-LK-182,276.5589904785156,1549.0570068359375,Normal,M,V,0,Normal,None,Unspecified,Unspecified,,"(Id="""")",None,None
7815,7815,JP-VR-179,249.07699584960938,1544.6590576171875,Normal,M,V,0,Normal,None,Unspecified,Unspecified,,"(Id="""")",None,None
7816,7816,JP-VU-178,224.89199829101562,1558.949951171875,Normal,M,V,0,Normal,None,Unspecified,Unspecified,,"(Id="""")",None,None
7817,7817,JP-GR-174,200.70700073242188,1547.95703125,Normal,M,V,0,Normal,None,Unspecified,Unspecified,,"(Id="""")",None,None
7818,7818,JP-QX-155,-32.4379997253418,1590.8179931640625,Normal,M,V,0,Normal,None,Unspecified,Unspecified,,"(Id="""")",None,None
7819,7819,JP-NN-156,-10.680999755859375,1575.16796875,Normal,M,V,0,Normal,None,Unspecified,Unspecified,,"(Id="""")",None,None
7820,7820,JP-GO-158,16.420000076293945,1572.4959716796875,Normal,M,V,0,Normal,None,Unspecified,Unspecified,,"(Id="""")",None,None
7821,7821,JP-DX-158,31.687999725341797,1550.739013671875,Normal,M,V,0,Normal,None,Unspecified,Unspecified,,"(Id="""")",None,None
7822,7822,JP-XJ-160,58.0260009765625,1545.012939453125,Normal,M,V,0,Normal,None,Unspecified,Unspecified,,"(Id="""")",None,None
7823,7823,JP-BK-163,73.6760025024414,1565.625,Normal,M,V,0,Normal,None,Unspecified,Unspecified,,"(Id="""")",None,None
7824,7824,JP-MQ-165,98.86900329589844,1556.0830078125,Normal,M,V,0,Normal,None,Unspecified,Unspecified,,"(Id="""")",None,None
7825,7825,JP-IH-165,115.66400146484375,1535.470947265625,Normal,M,V,0,Normal,None,Unspecified,Unspecified,,"(Id="""")",None,None
7826,7826,JP-EA-721,-514.9600219726562,-206.6790008544922,Normal,M,V,0,Normal,None,Unspecified,Unspecified,,"(Id="""")",None,None
7827,7827,JP-NT-736,-541.6790161132812,-195.22799682617188,Normal,M,V,0,Normal,None,Unspecified,Unspecified,,"(Id="""")",None,None
7828,7828,JP-AL-770,-569.5430297851562,-201.33599853515625,Normal,M,V,0,Normal,None,Unspecified,Unspecified,,"(Id="""")",None,None
7829,7829,JP-OC-787,-595.8809814453125,-191.79299926757812,Normal,M,V,0,Normal,None,Unspecified,Unspecified,,"(Id="""")",None,None
7830,7830,JP-ZV-825,-614.5850219726562,-210.49600219726562,Normal,M,V,0,Normal,None,Unspecified,Unspecified,,"(Id="""")",None,None
7831,7831,JP-LJ-601,725.3469848632812,-123.5260009765625,Normal,M,V,0,Normal,None,Unspecified,Unspecified,,"(Id="""")",None,None
7832,7832,JP-OZ-623,752.406005859375,-128.86399841308594,Normal,M,V,0,Normal,None,Unspecified,Unspecified,,"(Id="""")",None,None
7833,7833,JP-EO-616,766.7639770507812,-150.0330047607422,Normal,M,V,0,Normal,None,Unspecified,Unspecified,,"(Id="""")",None,None
7834,7834,JP-CI-650,791.2470092773438,-140.64500427246094,Normal,M,V,0,Normal,None,Unspecified,Unspecified,,"(Id="""")",None,None
7835,7835,JP-BR-874,-885.2429809570312,10.77400016784668,Normal,M,V,0,Normal,None,Unspecified,Unspecified,,"(Id="""")",None,None
7836,7836,JP-BV-861,-860.5089721679688,-1.3179999589920044,Normal,M,V,0,Normal,None,Unspecified,Unspecified,,"(Id="""")",None,None
7837,7837,JP-AZ-881,-852.2639770507812,-28.801000595092773,Normal,M,V,0,Normal,None,Unspecified,Unspecified,,"(Id="""")",None,None
7838,7838,JP-GO-870,-827.5289916992188,-42.54199981689453,Normal,M,V,0,Normal,None,Unspecified,Unspecified,,"(Id="""")",None,None
7839,7839,JP-HZ-890,-820.3839721679688,-70.57499694824219,Normal,M,V,0,Normal,None,Unspecified,Unspecified,,"(Id="""")",None,None
7840,7840,JP-JA-878,-795.0999755859375,-83.76699829101562,Normal,M,V,0,Normal,None,Unspecified,Unspecified,,"(Id="""")",None,None
7841,7841,JP-CV-888,-781.3579711914062,-107.4020004272461,Normal,M,V,0,Normal,None,Unspecified,Unspecified,,"(Id="""")",None,None
7842,7842,JP-BP-866,-753.3259887695312,-113.447998046875,Normal,M,V,0,Normal,None,Unspecified,Unspecified,,"(Id="""")",None,None
7843,7843,JP-MV-843,-725.843017578125,-117.84500122070312,Normal,M,V,0,Normal,None,Unspecified,Unspecified,,"(Id="""")",None,None
7844,7844,JP-IN-850,-710.4530029296875,-140.38099670410156,Normal,M,V,0,Normal,None,Unspecified,Unspecified,,"(Id="""")",None,None
7845,7845,JP-RG-872,-704.406005859375,-167.86399841308594,Normal,M,V,0,Normal,None,Unspecified,Unspecified,,"(Id="""")",None,None
7846,7846,JP-KL-872,-685.1680297851562,-187.1020050048828,Normal,M,V,0,Normal,None,Unspecified,Unspecified,,"(Id="""")",None,None
7847,7847,JP-OL-843,-659.8839721679688,-183.25399780273438,Normal,M,V,0,Normal,None,Unspecified,Unspecified,,"(Id="""")",None,None
7848,7848,JP-DV-641,-317.1809997558594,-323.9570007324219,Normal,M,V,0,Normal,None,Unspecified,Unspecified,,"(Id="""")",None,None
7849,7849,JP-KY-685,-379.6910095214844,-305.4209899902344,Normal,M,V,0,Normal,None,Unspecified,Unspecified,,"(Id="""")",None,None
7850,7850,JP-DO-550,-224.08700561523438,774.9749755859375,Normal,M,V,0,Normal,None,Unspecified,Unspecified,,"(Id="""")",None,None
7851,7851,JP-IE-590,-203.09300231933594,793.4240112304688,Normal,M,V,0,Normal,None,Unspecified,Unspecified,,"(Id="""")",None,None
7852,7852,JP-OR-621,-176.69200134277344,797.8779907226562,Normal,M,V,0,Normal,None,Unspecified,Unspecified,,"(Id="""")",None,None
7853,7853,JP-EK-658,-161.74200439453125,820.4619750976562,Normal,M,V,0,Normal,None,Unspecified,Unspecified,,"(Id="""")",None,None
7854,7854,JP-AO-103,235.70799255371094,797.281982421875,Normal,M,V,0,Normal,None,Unspecified,Unspecified,,"(Id="""")",None,None
7855,7855,JP-NM-102,211.05599975585938,809.739990234375,Normal,M,V,0,Normal,None,Unspecified,Unspecified,,"(Id="""")",None,None
7856,7856,JP-DO-988,182.95899963378906,805.2340087890625,Normal,M,V,0,Normal,None,Unspecified,Unspecified,,"(Id="""")",None,None
7857,7857,JP-UY-959,155.12600708007812,804.4390258789062,Normal,M,V,0,Normal,None,Unspecified,Unspecified,,"(Id="""")",None,None
7858,7858,JP-SP-986,153.53500366210938,832.5360107421875,Normal,M,V,0,Normal,None,Unspecified,Unspecified,,"(Id="""")",None,None
7859,7859,JP-HY-783,7.21999979019165,776.7130126953125,Normal,M,V,0,Normal,None,Unspecified,Unspecified,,"(Id="""")",None,None
7860,7860,JP-NJ-757,-20.72100067138672,778.5460205078125,Normal,M,V,0,Normal,None,Unspecified,Unspecified,,"(Id="""")",None,None
7861,7861,JP-HQ-749,-43.62300109863281,792.7449951171875,Normal,M,V,0,Normal,None,Unspecified,Unspecified,,"(Id="""")",None,None
7862,7862,JP-RW-719,-72.02200317382812,791.3709716796875,Normal,M,V,0,Normal,None,Unspecified,Unspecified,,"(Id="""")",None,None
7863,7863,JP-HR-687,-99.0469970703125,786.791015625,Normal,M,V,0,Normal,None,Unspecified,Unspecified,,"(Id="""")",None,None
7864,7864,JP-IP-148,-102.82499694824219,1583.866943359375,Normal,M,V,0,Normal,None,Unspecified,Unspecified,,"(Id="""")",None,None
7865,7865,JP-VL-176,-83.52400207519531,1853.510986328125,Normal,M,V,0,Normal,None,Unspecified,Unspecified,,"(Id="""")",None,None
7866,7866,JP-EJ-180,-40.983001708984375,1844.2540283203125,Normal,M,V,0,Normal,None,Unspecified,Unspecified,,"(Id="""")",None,None
7867,7867,JP-VV-182,-6.1479997634887695,1829.7509765625,Normal,M,V,0,Normal,None,Unspecified,Unspecified,,"(Id="""")",None,None
7868,7868,JP-TY-176,-31.982999801635742,1795.9169921875,Normal,M,V,0,Normal,None,Unspecified,Unspecified,,"(Id="""")",None,None
7869,7869,JP-HK-172,-126.94999694824219,1855.3389892578125,Normal,M,V,0,Normal,None,Unspecified,Unspecified,,"(Id="""")",None,None
7870,7870,JP-LC-220,-347.3659973144531,126.49199676513672,Normal,M,V,0,Normal,None,Unspecified,Unspecified,,"(Id="""")",None,None
7871,7871,JP-VT-203,-471.6629943847656,268.385986328125,Normal,M,V,0,Normal,None,Unspecified,Unspecified,,"(Id="""")",None,None
7872,7872,JP-ZE-142,-488.9119873046875,346.2149963378906,Normal,M,V,0,Normal,None,Unspecified,Unspecified,,"(Id="""")",None,None
7873,7873,JP-BW-381,-390.4289855957031,352.2860107421875,Normal,M,V,0,Normal,None,Unspecified,Unspecified,,"(Id="""")",None,None
7874,7874,JP-QP-597,-256.9079895019531,-340.5,Normal,M,V,0,Normal,None,Unspecified,Unspecified,,"(Id="""")",None,None
7875,7875,JP-SO-125,512.7839965820312,-387.5329895019531,Normal,M,V,0,Normal,None,Unspecified,Unspecified,,"(Id="""")",None,None
7876,7876,JP-OL-254,570.6649780273438,-316.1669921875,Normal,M,V,0,Normal,None,Unspecified,Unspecified,,"(Id="""")",None,None
7877,7877,JP-MV-164,477.6260070800781,-313.59100341796875,Normal,M,V,0,Normal,None,Unspecified,Unspecified,,"(Id="""")",None,None
7878,7878,JP-HR-195,506.7659912109375,-311.5679931640625,Normal,M,V,0,Normal,None,Unspecified,Unspecified,,"(Id="""")",None,None
7879,7879,JP-NS-311,553.7849731445312,-241.99099731445312,Normal,M,V,0,Normal,None,Unspecified,Unspecified,,"(Id="""")",None,None
7880,7880,JP-LN-273,514.9310302734375,-241.18099975585938,Normal,M,V,0,Normal,None,Unspecified,Unspecified,,"(Id="""")",None,None
7881,7881,JP-CL-442,626.22998046875,-183.30599975585938,Normal,M,V,0,Normal,None,Unspecified,Unspecified,,"(Id="""")",None,None
7882,7882,JP-SC-472,634.72900390625,-161.8560028076172,Normal,M,V,0,Normal,None,Unspecified,Unspecified,,"(Id="""")",None,None
7883,7883,JP-IV-493,655.7750244140625,-161.8560028076172,Normal,M,V,0,Normal,None,Unspecified,Unspecified,,"(Id="""")",None,None
7884,7884,JP-SY-624,661.4409790039062,-36.797000885009766,Normal,M,V,0,Normal,None,Unspecified,Unspecified,,"(Id="""")",None,None
7885,7885,JP-GU-600,636.3079833984375,-35.82500076293945,Normal,M,V,0,Normal,None,Unspecified,Unspecified,,"(Id="""")",None,None
7886,7886,JP-JX-362,-190.67100524902344,553.031982421875,Normal,M,V,0,Normal,None,Unspecified,Unspecified,,"(Id="""")",None,None
7887,7887,JP-OL-421,-51.85100173950195,472.8970031738281,Normal,M,V,0,Normal,None,Unspecified,Unspecified,,"(Id="""")",None,None
7888,7888,JP-NN-355,-136.84300231933594,492.7279968261719,Normal,M,V,0,Normal,None,Unspecified,Unspecified,,"(Id="""")",None,None
7889,7889,JP-RN-747,483.114990234375,264.3219909667969,Normal,M,V,0,Normal,None,Unspecified,Unspecified,,"(Id="""")",None,None
7890,7890,JP-VL-136,243.8070068359375,-380.6520080566406,Normal,M,V,0,Normal,None,Unspecified,Unspecified,,"(Id="""")",None,None
7891,7891,JP-BS-189,-711.718994140625,900.760009765625,Normal,M,V,0,Normal,None,Unspecified,Unspecified,,"(Id="""")",None,None
7892,7892,JP-WI-190,69.85600280761719,1838.3719482421875,Normal,M,V,0,Normal,None,Unspecified,Unspecified,,"(Id="""")",None,None
7893,7893,JP-WU-193,145.46099853515625,1788.343017578125,Normal,M,V,0,Normal,None,Unspecified,Unspecified,,"(Id="""")",None,None
7894,7894,JP-XA-193,33.612998962402344,1897.448974609375,Normal,M,V,0,Normal,None,Unspecified,Unspecified,,"(Id="""")",None,None
7895,7895,JP-OC-194,61.604000091552734,1887.4969482421875,Normal,M,V,0,Normal,None,Unspecified,Unspecified,,"(Id="""")",None,None
7896,7896,JP-MP-746,610.3920288085938,136.28900146484375,Normal,M,V,0,Normal,None,Unspecified,Unspecified,,"(Id="""")",None,None
7897,7897,JP-ZX-660,517.97998046875,142.02200317382812,Normal,M,V,0,Normal,None,Unspecified,Unspecified,,"(Id="""")",None,None
7898,7898,JP-ZL-783,498.677001953125,284.6919860839844,Normal,M,V,0,Normal,None,Unspecified,Unspecified,,"(Id="""")",None,None
7899,7899,JP-BX-519,-47.56399917602539,-471.8280029296875,Normal,M,V,0,Normal,None,Unspecified,Unspecified,,"(Id="""")",None,None
7900,7900,JP-WG-391,96.24700164794922,-487.5379943847656,Normal,M,V,0,Normal,None,Unspecified,Unspecified,,"(Id="""")",None,None
7901,7901,JP-DR-367,598.7410278320312,-230.85299682617188,Normal,M,V,0,Normal,None,Unspecified,Unspecified,,"(Id="""")",None,None
7902,7902,JP-KY-359,613.2429809570312,-253.81500244140625,Normal,M,V,0,Normal,None,Unspecified,Unspecified,,"(Id="""")",None,None
7903,7903,JP-GR-721,178.27000427246094,543.5230102539062,Normal,M,V,0,Normal,None,Unspecified,Unspecified,,"(Id="""")",None,None
7904,7904,JP-WA-751,181.06700134277344,570.7979736328125,Normal,M,V,0,Normal,None,Unspecified,Unspecified,,"(Id="""")",None,None
7905,7905,JP-IT-793,204.14599609375,589.6810302734375,Normal,M,V,0,Normal,None,Unspecified,Unspecified,,"(Id="""")",None,None
7906,7906,JP-ZA-835,220.2310028076172,614.8579711914062,Normal,M,V,0,Normal,None,Unspecified,Unspecified,,"(Id="""")",None,None
7907,7907,JP-XA-868,248.90499877929688,619.7529907226562,Normal,M,V,0,Normal,None,Unspecified,Unspecified,,"(Id="""")",None,None
7908,7908,JP-MK-111,407.8030090332031,706.9119873046875,Normal,M,V,0,Normal,None,Unspecified,Unspecified,,"(Id="""")",None,None
7909,7909,JP-OL-115,424.5880126953125,730.4099731445312,Normal,M,V,0,Normal,None,Unspecified,Unspecified,,"(Id="""")",None,None
7910,7910,JP-GO-118,424.92498779296875,759.7529907226562,Normal,M,V,0,Normal,None,Unspecified,Unspecified,,"(Id="""")",None,None
7911,7911,JP-YR-122,438.0790100097656,786.0599975585938,Normal,M,V,0,Normal,None,Unspecified,Unspecified,,"(Id="""")",None,None
7912,7912,JP-LD-124,432.00799560546875,815.0650024414062,Normal,M,V,0,Normal,None,Unspecified,Unspecified,,"(Id="""")",None,None
7913,7913,JP-IU-128,440.44000244140625,842.7210083007812,Normal,M,V,0,Normal,None,Unspecified,Unspecified,,"(Id="""")",None,None
7914,7914,JP-XQ-131,446.1730041503906,870.7150268554688,Normal,M,V,0,Normal,None,Unspecified,Unspecified,,"(Id="""")",None,None
7915,7915,JP-LC-495,6.495999813079834,488.74798583984375,Normal,M,V,0,Normal,None,Unspecified,Unspecified,,"(Id="""")",None,None
7916,7916,JP-MU-529,35.16400146484375,494.48199462890625,Normal,M,V,0,Normal,None,Unspecified,Unspecified,,"(Id="""")",None,None
7917,7917,JP-QP-528,53.7140007019043,474.9200134277344,Normal,M,V,0,Normal,None,Unspecified,Unspecified,,"(Id="""")",None,None
7918,7918,JP-HK-396,-49.49100112915039,446.25201416015625,Normal,M,V,0,Normal,None,Unspecified,Unspecified,,"(Id="""")",None,None
7919,7919,JP-JY-400,-26.893999099731445,427.7019958496094,Normal,M,V,0,Normal,None,Unspecified,Unspecified,,"(Id="""")",None,None
7920,7920,JP-BG-440,-5.644999980926514,446.5889892578125,Normal,M,V,0,Normal,None,Unspecified,Unspecified,,"(Id="""")",None,None
7921,7921,JP-XW-471,5.484000205993652,466.4880065917969,Normal,M,V,0,Normal,None,Unspecified,Unspecified,,"(Id="""")",None,None
